source_term	canonical_key	status	categories	source_url
GG	gg	existing	online_gaming,online_chat,text_messaging,common	https://slang.net/meaning/gg
SMP	smp	deferred_scope_or_ambiguity	online_gaming	https://slang.net/meaning/smp
IRL	irl	existing	online_gaming,online_chat,web_forums,social_media	https://slang.net/meaning/irl
IDK	idk	existing	online_gaming,text_messaging,common,web_forums	https://slang.net/meaning/idk
Noob	noob	existing	online_gaming,online_chat,common,web_forums	https://slang.net/meaning/noob
NP	np	existing	online_gaming,online_chat,text_messaging,common	https://slang.net/meaning/np
TTYL	ttyl	existing	online_gaming,online_chat,text_messaging,common,social_media,email	https://slang.net/meaning/ttyl
AFK	afk	existing	online_gaming,online_chat,common	https://slang.net/meaning/afk
TY	ty	existing	online_gaming,online_chat,text_messaging,common,web_forums,social_media	https://slang.net/meaning/ty
Stack	stack	existing	online_gaming	https://slang.net/meaning/stack
mod	mod	existing	online_gaming,online_chat,web_forums	https://slang.net/meaning/mod
sus	sus	existing	online_gaming,text_messaging,common,social_media	https://slang.net/meaning/sus
WTF	wtf	existing	online_gaming,text_messaging,common	https://slang.net/meaning/wtf
IK	ik	existing	online_gaming,online_chat,text_messaging	https://slang.net/meaning/ik
OMG	omg	existing	online_gaming,online_chat,text_messaging,common,web_forums	https://slang.net/meaning/omg
Vanilla Minecraft	vanilla minecraft	deferred_scope_or_ambiguity	online_gaming	https://slang.net/meaning/vanilla_minecraft
CoD	cod	existing	online_gaming	https://slang.net/meaning/cod
VR	vr	added	online_gaming,web_forums	https://slang.net/meaning/vr
tp	tp	existing	online_gaming	https://slang.net/meaning/tp
Y	y	deferred_scope_or_ambiguity	online_gaming,online_chat,text_messaging,common,web_forums,social_media	https://slang.net/meaning/y
xp	xp	existing	online_gaming,online_chat,web_forums	https://slang.net/meaning/xp
OP	op	existing	online_gaming,online_chat,text_messaging,web_forums,social_media	https://slang.net/meaning/op
WP	wp	existing	online_gaming,online_chat,text_messaging,web_forums	https://slang.net/meaning/wp
wut	wut	deferred_scope_or_ambiguity	online_gaming,online_chat,text_messaging	https://slang.net/meaning/wut
PC	pc	existing	online_gaming,online_chat,common,web_forums	https://slang.net/meaning/pc
lvl	lvl	existing	online_gaming	https://slang.net/meaning/lvl
DPS	dps	existing	online_gaming	https://slang.net/meaning/dps
PvP	pvp	existing	online_gaming	https://slang.net/meaning/pvp
YW	yw	existing	online_gaming,online_chat,text_messaging,common,web_forums,social_media	https://slang.net/meaning/yw
GLHF	glhf	existing	online_gaming,common	https://slang.net/meaning/glhf
Aimbot	aimbot	existing	online_gaming	https://slang.net/meaning/aimbot
Fail	fail	existing	online_gaming,common	https://slang.net/meaning/fail
Pot	pot	existing	online_gaming,common	https://slang.net/meaning/pot
Facepalm	facepalm	added	online_gaming,online_chat	https://slang.net/meaning/facepalm
Whoa	whoa	existing	online_gaming,online_chat,text_messaging,common,social_media	https://slang.net/meaning/whoa
HUD	hud	added	online_gaming,online_chat,text_messaging	https://slang.net/meaning/hud
Nerf	nerf	existing	online_gaming	https://slang.net/meaning/nerf
hax	hax	added	online_gaming	https://slang.net/meaning/hax
Buff	buff	existing	online_gaming	https://slang.net/meaning/buff
pick	pick	existing	online_gaming	https://slang.net/meaning/pick
Biome	biome	deferred_scope_or_ambiguity	online_gaming	https://slang.net/meaning/biome
Griefing	griefing	deferred_scope_or_ambiguity	online_gaming	https://slang.net/meaning/griefing
PS4	ps4	existing	online_gaming,web_forums	https://slang.net/meaning/ps4
Scrub	scrub	existing	online_gaming,online_chat	https://slang.net/meaning/scrub
KK	ok	existing	online_gaming,online_chat,text_messaging,email	https://slang.net/meaning/kk
Rekt	rekt	existing	online_gaming	https://slang.net/meaning/rekt
RNG	rng	existing	online_gaming	https://slang.net/meaning/rng
Mid game	mid game	added	online_gaming	https://slang.net/meaning/mid_game
mc	mc	deferred_scope_or_ambiguity	online_gaming,social_media	https://slang.net/meaning/mc
Twitch	twitch	existing	online_gaming,common	https://slang.net/meaning/twitch
Mob	mob	existing	online_gaming,text_messaging,email	https://slang.net/meaning/mob
G2G	g2g	existing	online_gaming,online_chat,text_messaging	https://slang.net/meaning/g2g
ATM	at the moment	existing	online_gaming,online_chat,text_messaging,common	https://slang.net/meaning/atm
HP	hp	existing	online_gaming,online_chat,text_messaging	https://slang.net/meaning/hp
GG no re	gg no re	existing	online_gaming	https://slang.net/meaning/gg_no_re
FPS	fps	existing	online_gaming	https://slang.net/meaning/fps
Notch	notch	deferred_scope_or_ambiguity	online_gaming	https://slang.net/meaning/notch
MMORPG	mmorpg	added	online_gaming	https://slang.net/meaning/mmorpg
Yeet	yeet	deferred_scope_or_ambiguity	online_gaming,online_chat,text_messaging	https://slang.net/meaning/yeet
FFS	ffs	existing	online_gaming,online_chat,text_messaging,social_media	https://slang.net/meaning/ffs
GL	gl	existing	online_gaming,online_chat,text_messaging,common	https://slang.net/meaning/gl
AD	ad	existing	online_gaming	https://slang.net/meaning/ad
Dog water	dog water	added	online_gaming	https://slang.net/meaning/dog_water
rp	rp	deferred_scope_or_ambiguity	online_gaming	https://slang.net/meaning/rp
n00b	n00b	existing	online_gaming,web_forums	https://slang.net/meaning/n00b
LoL	lol	existing	online_gaming,online_chat,text_messaging,common,social_media,email	https://slang.net/meaning/lol
Main	main	existing	online_gaming	https://slang.net/meaning/main
LAN	lan	deferred_scope_or_ambiguity	online_gaming,common,web_forums,social_media	https://slang.net/meaning/lan
Easter egg	easter egg	added	online_gaming	https://slang.net/meaning/easter_egg
NPC	npc	existing	online_gaming,social_media	https://slang.net/meaning/npc
ADC	adc	deferred_scope_or_ambiguity	online_gaming	https://slang.net/meaning/adc
FFA	ffa	added	online_gaming	https://slang.net/meaning/ffa
Grinding	grinding	inflected	online_gaming	https://slang.net/meaning/grinding
Kappa	kappa	deferred_scope_or_ambiguity	online_gaming	https://slang.net/meaning/kappa
Glitching	glitching	deferred_scope_or_ambiguity	online_gaming	https://slang.net/meaning/glitching
1337	?	deferred_token_shape	online_gaming	https://slang.net/meaning/1337
Camping	camping	inflected	online_gaming	https://slang.net/meaning/camping
SOS	sos	deferred_scope_or_ambiguity	online_gaming,online_chat,text_messaging,common,social_media	https://slang.net/meaning/sos
ak	ak	deferred_scope_or_ambiguity	online_gaming	https://slang.net/meaning/ak
Gamer	gamer	existing	online_gaming,common	https://slang.net/meaning/gamer
NS	ns	existing	online_gaming,online_chat,text_messaging	https://slang.net/meaning/ns
grats	grats	existing	online_gaming,online_chat	https://slang.net/meaning/grats
FTW	ftw	existing	online_gaming,online_chat,text_messaging,common,social_media	https://slang.net/meaning/ftw
Trolling	trolling	inflected	online_gaming,web_forums	https://slang.net/meaning/trolling
AI	ai	deferred_scope_or_ambiguity	online_gaming,online_chat,text_messaging,common,web_forums	https://slang.net/meaning/ai
COC	coc	deferred_scope_or_ambiguity	online_gaming,online_chat,web_forums	https://slang.net/meaning/coc
360-noscope	? ? noscope	deferred_token_shape	online_gaming	https://slang.net/meaning/360-noscope
Creeper	creeper	deferred_scope_or_ambiguity	online_gaming,common,social_media	https://slang.net/meaning/creeper
Kiting	kiting	inflected	online_gaming	https://slang.net/meaning/kiting
ARAM	aram	deferred_scope_or_ambiguity	online_gaming	https://slang.net/meaning/aram
Jungling	jungling	deferred_scope_or_ambiguity	online_gaming	https://slang.net/meaning/jungling
GTA	gta	deferred_scope_or_ambiguity	online_gaming	https://slang.net/meaning/gta
TYVM	tyvm	existing	online_gaming,online_chat,text_messaging,social_media	https://slang.net/meaning/tyvm
OOM	oom	existing	online_gaming	https://slang.net/meaning/oom
WoW	wow	existing	online_gaming,common	https://slang.net/meaning/wow
deagle	deagle	deferred_scope_or_ambiguity	online_gaming,web_forums	https://slang.net/meaning/deagle
KS	ks	deferred_scope_or_ambiguity	online_gaming	https://slang.net/meaning/ks
GL HF	gl hf	existing	online_gaming	https://slang.net/meaning/gl_hf
DnD	dnd	deferred_scope_or_ambiguity	online_gaming,online_chat,text_messaging	https://slang.net/meaning/dnd
OIC	oic	added	online_gaming,online_chat,text_messaging,social_media	https://slang.net/meaning/oic
2M2H	2m2h	added	online_gaming,online_chat,text_messaging	https://slang.net/meaning/2m2h
ADS	ads	inflected	online_gaming	https://slang.net/meaning/ads
vs	vs	deferred_scope_or_ambiguity	online_gaming,common	https://slang.net/meaning/vs
KDA	kda	added	online_gaming	https://slang.net/meaning/kda
Spleef	spleef	deferred_scope_or_ambiguity	online_gaming	https://slang.net/meaning/spleef
MTG	mtg	deferred_scope_or_ambiguity	online_gaming,online_chat,text_messaging,email	https://slang.net/meaning/mtg
Nuke	nuke	deferred_scope_or_ambiguity	online_gaming	https://slang.net/meaning/nuke
l8r	l8r	existing	online_gaming,online_chat,text_messaging,common,social_media	https://slang.net/meaning/l8r
NT	nt	existing	online_gaming,online_chat,text_messaging,email	https://slang.net/meaning/nt
cd	cd	existing	online_gaming	https://slang.net/meaning/cd
BK	bk	added	online_gaming,online_chat,text_messaging	https://slang.net/meaning/bk
AOE	aoe	existing	online_gaming	https://slang.net/meaning/aoe
KDR	kdr	added	online_gaming	https://slang.net/meaning/kdr
Ragequit	ragequit	existing	online_gaming	https://slang.net/meaning/ragequit
Turtling	turtling	added	online_gaming	https://slang.net/meaning/turtling
AS	as	deferred_scope_or_ambiguity	online_gaming	https://slang.net/meaning/as
BFG	bfg	deferred_scope_or_ambiguity	online_gaming	https://slang.net/meaning/bfg
RPG	rpg	added	online_gaming,common	https://slang.net/meaning/rpg
sux	sux	added	online_gaming,online_chat,text_messaging,social_media	https://slang.net/meaning/sux
TDM	tdm	added	online_gaming	https://slang.net/meaning/tdm
Poggers	poggers	existing	online_gaming	https://slang.net/meaning/poggers
RL	rl	existing	online_gaming,online_chat	https://slang.net/meaning/rl
Ditto	ditto	added	online_gaming,online_chat,web_forums	https://slang.net/meaning/ditto
Tower diving	tower diving	deferred_scope_or_ambiguity	online_gaming	https://slang.net/meaning/tower_diving
DM	dm	existing	online_gaming,online_chat,text_messaging,common,social_media	https://slang.net/meaning/dm
Camper	camper	added	online_gaming	https://slang.net/meaning/camper
Tryhard	tryhard	existing	online_gaming	https://slang.net/meaning/tryhard
CYOA	cyoa	deferred_scope_or_ambiguity	online_gaming	https://slang.net/meaning/cyoa
CTF	ctf	added	online_gaming	https://slang.net/meaning/ctf
BF	bf	deferred_scope_or_ambiguity	online_gaming,online_chat,text_messaging,common,web_forums,social_media	https://slang.net/meaning/bf
Speedrun	speedrun	existing	online_gaming	https://slang.net/meaning/speedrun
Instalock	instalock	deferred_scope_or_ambiguity	online_gaming	https://slang.net/meaning/instalock
sfx	sfx	added	online_gaming	https://slang.net/meaning/sfx
LF	lf	existing	online_gaming	https://slang.net/meaning/lf
SOB	sob	existing	online_gaming	https://slang.net/meaning/sob
Wha	wha	deferred_scope_or_ambiguity	online_gaming,online_chat,text_messaging	https://slang.net/meaning/wha
SSP	ssp	deferred_scope_or_ambiguity	online_gaming	https://slang.net/meaning/ssp
pts	pts	existing	online_gaming	https://slang.net/meaning/pts
Chungus	chungus	deferred_scope_or_ambiguity	online_gaming,web_forums	https://slang.net/meaning/chungus
WB	wb	existing	online_gaming,online_chat,text_messaging,common,email	https://slang.net/meaning/wb
HS	hs	deferred_scope_or_ambiguity	online_gaming	https://slang.net/meaning/hs
d/c	d ? c	deferred_token_shape	online_gaming,online_chat,text_messaging,social_media,email	https://slang.net/meaning/d/c
ammo	ammo	deferred_scope_or_ambiguity	online_gaming	https://slang.net/meaning/ammo
Debuff	debuff	existing	online_gaming	https://slang.net/meaning/debuff
Domed	domed	deferred_scope_or_ambiguity	online_gaming	https://slang.net/meaning/domed
PK	pk	added	online_gaming,common	https://slang.net/meaning/pk
crit	crit	existing	online_gaming	https://slang.net/meaning/crit
Woah	woah	added	online_gaming,online_chat,text_messaging	https://slang.net/meaning/woah
MLG	mlg	deferred_scope_or_ambiguity	online_gaming	https://slang.net/meaning/mlg
Griefer	griefer	existing	online_gaming	https://slang.net/meaning/griefer
Pig	pig	existing	online_gaming	https://slang.net/meaning/pig
dl	dl	deferred_scope_or_ambiguity	online_gaming,online_chat,text_messaging,common,web_forums,social_media	https://slang.net/meaning/dl
2EZ	2ez	added	online_gaming	https://slang.net/meaning/2ez
pwned	pwned	existing	online_gaming	https://slang.net/meaning/pwned
Esports	esports	added	online_gaming	https://slang.net/meaning/esports
IGN	ign	deferred_scope_or_ambiguity	online_gaming,online_chat,text_messaging	https://slang.net/meaning/ign
Streamer	streamer	existing	online_gaming	https://slang.net/meaning/streamer
AP	ap	existing	online_gaming,common,social_media	https://slang.net/meaning/ap
AYFKM	ayfkm	added	online_gaming,online_chat,text_messaging	https://slang.net/meaning/ayfkm
BG	bg	existing	online_gaming,online_chat,text_messaging,web_forums	https://slang.net/meaning/bg
w00t	w00t	added	online_gaming,online_chat,text_messaging	https://slang.net/meaning/w00t
ltr	ltr	deferred_scope_or_ambiguity	online_gaming,online_chat,text_messaging,web_forums,social_media	https://slang.net/meaning/ltr
dmg	dmg	existing	online_gaming	https://slang.net/meaning/dmg
Rdy	rdy	existing	online_gaming,online_chat,text_messaging	https://slang.net/meaning/rdy
CC	cc	existing	online_gaming,online_chat,text_messaging,common,email	https://slang.net/meaning/cc
Self-report	self report	deferred_scope_or_ambiguity	online_gaming	https://slang.net/meaning/self-report
SoH	soh	deferred_scope_or_ambiguity	online_gaming,online_chat,social_media	https://slang.net/meaning/soh
GGs	ggs	existing	online_gaming	https://slang.net/meaning/ggs
PS	ps	deferred_scope_or_ambiguity	online_gaming,online_chat,text_messaging,web_forums	https://slang.net/meaning/ps
aa	aa	existing	online_gaming,online_chat,text_messaging,web_forums	https://slang.net/meaning/aa
Skelly	skelly	deferred_scope_or_ambiguity	online_gaming	https://slang.net/meaning/skelly
W	with	existing	online_gaming,social_media	https://slang.net/meaning/w
Champion	champion	existing	online_gaming	https://slang.net/meaning/champion
mats	mats	existing	online_gaming	https://slang.net/meaning/mats
newb	newb	existing	online_gaming,online_chat,web_forums	https://slang.net/meaning/newb
Ding	ding	existing	online_gaming,common	https://slang.net/meaning/ding
AR	ar	deferred_scope_or_ambiguity	online_gaming,email	https://slang.net/meaning/ar
BM	bm	existing	online_gaming,online_chat,text_messaging	https://slang.net/meaning/bm
hi5	hi5	added	online_gaming,online_chat	https://slang.net/meaning/hi5
ult	ult	existing	online_gaming	https://slang.net/meaning/ult
Squidward	squidward	deferred_scope_or_ambiguity	online_gaming	https://slang.net/meaning/squidward
OST	ost	added	online_gaming	https://slang.net/meaning/ost
Subs	subs	deferred_scope_or_ambiguity	online_gaming,web_forums	https://slang.net/meaning/subs
FNF	fnf	deferred_scope_or_ambiguity	online_gaming	https://slang.net/meaning/fnf
BSTS	bsts	added	online_gaming,online_chat,text_messaging	https://slang.net/meaning/bsts
GM	gm	existing	online_gaming,online_chat,text_messaging	https://slang.net/meaning/gm
GB	gb	deferred_scope_or_ambiguity	online_gaming,online_chat,text_messaging	https://slang.net/meaning/gb
Squishy	squishy	existing	online_gaming	https://slang.net/meaning/squishy
Get oofed	get oofed	deferred_scope_or_ambiguity	online_gaming	https://slang.net/meaning/get_oofed
S-tier	s tier	added	online_gaming,web_forums,social_media	https://slang.net/meaning/s-tier
alt	alt	existing	online_gaming,text_messaging,social_media	https://slang.net/meaning/alt
inv	inv	existing	online_gaming	https://slang.net/meaning/inv
KIA	kia	deferred_scope_or_ambiguity	online_gaming	https://slang.net/meaning/kia
cdr	cdr	added	online_gaming	https://slang.net/meaning/cdr
Cow	cow	existing	online_gaming	https://slang.net/meaning/cow
Ganking	ganking	inflected	online_gaming	https://slang.net/meaning/ganking
Jebaited	jebaited	added	online_gaming,web_forums	https://slang.net/meaning/jebaited
Disco	disco	deferred_scope_or_ambiguity	online_gaming	https://slang.net/meaning/disco
WTS	wts	existing	online_gaming,web_forums	https://slang.net/meaning/wts
pwn	pwn	added	online_gaming,online_chat,common	https://slang.net/meaning/pwn
GGA	gga	added	online_gaming	https://slang.net/meaning/gga
ZvT	zvt	deferred_scope_or_ambiguity	online_gaming	https://slang.net/meaning/zvt
Gogo	gogo	added	online_gaming	https://slang.net/meaning/gogo
Leech	leech	existing	online_gaming	https://slang.net/meaning/leech
PBE	pbe	deferred_scope_or_ambiguity	online_gaming	https://slang.net/meaning/pbe
Clutch	clutch	existing	online_gaming	https://slang.net/meaning/clutch
TOS	tos	added	online_gaming	https://slang.net/meaning/tos
SU	su	deferred_scope_or_ambiguity	online_gaming,online_chat,text_messaging,social_media	https://slang.net/meaning/su
dc	dc	existing	online_gaming,online_chat,text_messaging,web_forums,social_media,email	https://slang.net/meaning/dc
SC2	sc2	existing	online_gaming	https://slang.net/meaning/sc2
N64	n64	deferred_scope_or_ambiguity	online_gaming,web_forums	https://slang.net/meaning/n64
WYB	wyb	added	online_gaming,online_auctions,web_forums,social_media	https://slang.net/meaning/wyb
Carries	carries	inflected	online_gaming	https://slang.net/meaning/carries
Dunk on	dunk on	added	online_gaming,web_forums,social_media	https://slang.net/meaning/dunk_on
MCYT	mcyt	deferred_scope_or_ambiguity	online_gaming,web_forums,social_media	https://slang.net/meaning/mcyt
FUBAR	fubar	added	online_gaming,common	https://slang.net/meaning/fubar
^5	? ?	deferred_token_shape	online_gaming,online_chat,text_messaging	https://slang.net/meaning/%5E5
LFG	lfg	existing	online_gaming,online_chat,text_messaging	https://slang.net/meaning/lfg
Boosting	boosting	inflected	online_gaming	https://slang.net/meaning/boosting
AMP	amp	deferred_scope_or_ambiguity	online_gaming	https://slang.net/meaning/amp
TK	tk	added	online_gaming	https://slang.net/meaning/tk
UY	uy	deferred_scope_or_ambiguity	online_gaming,online_chat,text_messaging	https://slang.net/meaning/uy
SYIH	syih	deferred_scope_or_ambiguity	online_gaming,online_chat	https://slang.net/meaning/syih
Inc	inc	existing	online_gaming	https://slang.net/meaning/inc
Boomkin	boomkin	deferred_scope_or_ambiguity	online_gaming	https://slang.net/meaning/boomkin
FMJ	fmj	deferred_scope_or_ambiguity	online_gaming	https://slang.net/meaning/fmj
Q	q	deferred_scope_or_ambiguity	online_gaming,online_chat,text_messaging,web_forums,social_media	https://slang.net/meaning/q
Torch	torch	existing	online_gaming	https://slang.net/meaning/torch
Netherrack	netherrack	deferred_scope_or_ambiguity	online_gaming	https://slang.net/meaning/netherrack
2.5D	? d	deferred_token_shape	online_gaming	https://slang.net/meaning/2.5d
Triggered	triggered	inflected	online_gaming	https://slang.net/meaning/triggered
Speedrunner	speedrunner	existing	online_gaming	https://slang.net/meaning/speedrunner
Obby	obby	deferred_scope_or_ambiguity	online_gaming	https://slang.net/meaning/obby
GFG	gfg	added	online_gaming	https://slang.net/meaning/gfg
PP	pp	deferred_scope_or_ambiguity	online_gaming,online_chat,text_messaging,web_forums,social_media	https://slang.net/meaning/pp
25m	25m	deferred_scope_or_ambiguity	online_gaming	https://slang.net/meaning/25m
POW	pow	deferred_scope_or_ambiguity	online_gaming	https://slang.net/meaning/pow
shud	should	deferred_scope_or_ambiguity	online_gaming,online_chat,text_messaging	https://slang.net/meaning/shud
Chicken	chicken	existing	online_gaming,common	https://slang.net/meaning/chicken
Support	support	existing	online_gaming	https://slang.net/meaning/support
MMO	mmo	existing	online_gaming,common	https://slang.net/meaning/mmo
cata	cata	existing	online_gaming,online_chat,web_forums	https://slang.net/meaning/cata
Twink	twink	added	online_gaming	https://slang.net/meaning/twink
Tilted	tilted	existing	online_gaming	https://slang.net/meaning/tilted
TF	tf	deferred_scope_or_ambiguity	online_gaming,online_chat,text_messaging	https://slang.net/meaning/tf
combo	combo	added	online_gaming	https://slang.net/meaning/combo
Mald	mald	added	online_gaming,social_media	https://slang.net/meaning/mald
IBF	ibf	deferred_scope_or_ambiguity	online_gaming,online_chat,social_media	https://slang.net/meaning/ibf
MCPE	mcpe	deferred_scope_or_ambiguity	online_gaming	https://slang.net/meaning/mcpe
Pwn3d	pwn3d	added	online_gaming	https://slang.net/meaning/pwn3d
pwnd	pwnd	added	online_gaming,online_chat,text_messaging	https://slang.net/meaning/pwnd
Aggro	aggro	existing	online_gaming,web_forums,social_media	https://slang.net/meaning/aggro
rep	rep	existing	online_gaming	https://slang.net/meaning/rep
Uber	uber	deferred_scope_or_ambiguity	online_gaming	https://slang.net/meaning/uber
proc	proc	existing	online_gaming	https://slang.net/meaning/proc
Boss	boss	existing	online_gaming	https://slang.net/meaning/boss
LCS	lcs	inflected	online_gaming,web_forums,social_media	https://slang.net/meaning/lcs
WTFF	wtff	added	online_gaming,online_chat,text_messaging	https://slang.net/meaning/wtff
50/50	? ? ?	deferred_token_shape	online_gaming	https://slang.net/meaning/50/50
Sadge	sadge	existing	online_gaming	https://slang.net/meaning/sadge
BBIAB	bbiab	existing	online_gaming,online_chat,common	https://slang.net/meaning/bbiab
HF	hf	existing	online_gaming,online_chat,text_messaging	https://slang.net/meaning/hf
W8	wait	existing	online_gaming,text_messaging,common	https://slang.net/meaning/w8
GTFO	gtfo	existing	online_gaming,online_chat	https://slang.net/meaning/gtfo
AH	ah	existing	online_gaming,online_chat,text_messaging	https://slang.net/meaning/ah
Beast	beast	existing	online_gaming	https://slang.net/meaning/beast
CCG	ccg	deferred_scope_or_ambiguity	online_gaming,web_forums,social_media	https://slang.net/meaning/ccg
PS3	ps3	deferred_scope_or_ambiguity	online_gaming,web_forums	https://slang.net/meaning/ps3
BO5	bo5	added	online_gaming	https://slang.net/meaning/bo5
S2U	s2u	added	online_gaming,online_chat,text_messaging	https://slang.net/meaning/s2u
Farm	farm	existing	online_gaming	https://slang.net/meaning/farm
PB	pb	added	online_gaming	https://slang.net/meaning/pb
Enchanter	enchanter	existing	online_gaming	https://slang.net/meaning/enchanter
Peel	peel	deferred_scope_or_ambiguity	online_gaming	https://slang.net/meaning/peel
AC	ac	deferred_scope_or_ambiguity	online_gaming	https://slang.net/meaning/ac
Marinating	marinating	deferred_scope_or_ambiguity	online_gaming	https://slang.net/meaning/marinating
GAL	gal	deferred_scope_or_ambiguity	online_gaming,online_chat,web_forums	https://slang.net/meaning/gal
TRS	trs	added	online_gaming,online_chat,web_forums,social_media	https://slang.net/meaning/trs
OMDB	omdb	added	online_gaming,online_chat,email	https://slang.net/meaning/omdb
LFM	lfm	existing	online_gaming	https://slang.net/meaning/lfm
YRL	yrl	added	online_gaming,online_chat,text_messaging,web_forums	https://slang.net/meaning/yrl
DGA	dga	added	online_gaming,online_chat,text_messaging,social_media	https://slang.net/meaning/dga
kgo	kgo	added	online_gaming	https://slang.net/meaning/kgo
MOBA	moba	added	online_gaming	https://slang.net/meaning/moba
U mad bro	you mad bro	added	online_gaming,online_chat,web_forums	https://slang.net/meaning/u_mad_bro
Owner	owner	existing	online_gaming	https://slang.net/meaning/owner
Flaming	flaming	existing	online_gaming,online_chat,web_forums	https://slang.net/meaning/flaming
Peeling	peeling	deferred_scope_or_ambiguity	online_gaming	https://slang.net/meaning/peeling
LGS	lgs	deferred_scope_or_ambiguity	online_gaming,web_forums	https://slang.net/meaning/lgs
Throw the game	throw the game	added	online_gaming	https://slang.net/meaning/throw_the_game
KEKW	kekw	existing	online_gaming	https://slang.net/meaning/kekw
BBL	bbl	existing	online_gaming,online_chat,common,social_media	https://slang.net/meaning/bbl
BC	because	deferred_scope_or_ambiguity	online_gaming,online_chat,text_messaging,online_auctions	https://slang.net/meaning/bc
GJ	gj	existing	online_gaming,online_chat,text_messaging,common	https://slang.net/meaning/gj
WTBH	wtbh	added	online_gaming,online_chat	https://slang.net/meaning/wtbh
L2P	l2p	existing	online_gaming,online_chat	https://slang.net/meaning/l2p
brez	brez	added	online_gaming	https://slang.net/meaning/brez
DotA	dota	deferred_scope_or_ambiguity	online_gaming	https://slang.net/meaning/dota
ezpz	ezpz	added	online_gaming	https://slang.net/meaning/ezpz
CMP	cmp	deferred_scope_or_ambiguity	online_gaming	https://slang.net/meaning/cmp
ULPP	ulpp	added	online_gaming	https://slang.net/meaning/ulpp
HCG	hcg	added	online_gaming,online_chat,text_messaging	https://slang.net/meaning/hcg
Rush	rush	existing	online_gaming	https://slang.net/meaning/rush
Late game	late game	existing	online_gaming	https://slang.net/meaning/late_game
Boss run	boss run	deferred_scope_or_ambiguity	online_gaming	https://slang.net/meaning/boss_run
w84m	w84m	added	online_gaming,online_chat,text_messaging	https://slang.net/meaning/w84m
ul	ul	deferred_scope_or_ambiguity	online_gaming,online_chat,text_messaging,web_forums	https://slang.net/meaning/ul
OTP	otp	deferred_scope_or_ambiguity	online_gaming,online_chat,web_forums,social_media	https://slang.net/meaning/otp
POC	poc	deferred_scope_or_ambiguity	online_gaming,online_chat,text_messaging,web_forums,social_media,email	https://slang.net/meaning/poc
KOS	kos	deferred_scope_or_ambiguity	online_gaming,online_chat,text_messaging	https://slang.net/meaning/kos
gratz	gratz	existing	online_gaming	https://slang.net/meaning/gratz
BO3	bo3	added	online_gaming	https://slang.net/meaning/bo3
Ghosting	ghosting	deferred_scope_or_ambiguity	online_gaming	https://slang.net/meaning/ghosting
CG	cg	deferred_scope_or_ambiguity	online_gaming,text_messaging,web_forums	https://slang.net/meaning/cg
Mooshroom	mooshroom	deferred_scope_or_ambiguity	online_gaming	https://slang.net/meaning/mooshroom
D&D	d ? d	deferred_token_shape	online_gaming	https://slang.net/meaning/d&d
Early game	early game	existing	online_gaming	https://slang.net/meaning/early_game
PvZ	pvz	deferred_scope_or_ambiguity	online_gaming	https://slang.net/meaning/pvz
Turtle	turtle	existing	online_gaming	https://slang.net/meaning/turtle
Never lucky	never lucky	added	online_gaming	https://slang.net/meaning/never_lucky
Babysit	babysit	deferred_scope_or_ambiguity	online_gaming	https://slang.net/meaning/babysit
INT	int	existing	online_gaming	https://slang.net/meaning/int
Gas	gas	existing	online_gaming,online_chat,text_messaging	https://slang.net/meaning/gas
br	br	existing	online_gaming,online_chat,text_messaging,email	https://slang.net/meaning/br
MT	mt	existing	online_gaming,online_chat,text_messaging,web_forums,social_media,email	https://slang.net/meaning/mt
HT	ht	deferred_scope_or_ambiguity	online_gaming,online_chat,text_messaging,social_media	https://slang.net/meaning/ht
Oneshot	oneshot	deferred_scope_or_ambiguity	online_gaming	https://slang.net/meaning/oneshot
TvT	tvt	deferred_scope_or_ambiguity	online_gaming	https://slang.net/meaning/tvt
Keke	keke	added	online_gaming,online_chat	https://slang.net/meaning/keke
SWTOR	swtor	deferred_scope_or_ambiguity	online_gaming	https://slang.net/meaning/swtor
blizz	blizz	deferred_scope_or_ambiguity	online_gaming	https://slang.net/meaning/blizz
Speedling	speedling	deferred_scope_or_ambiguity	online_gaming	https://slang.net/meaning/speedling
HM	hm	existing	online_gaming,online_chat,text_messaging	https://slang.net/meaning/hm
TCG	tcg	added	online_gaming,web_forums,social_media	https://slang.net/meaning/tcg
Elo	elo	added	online_gaming,online_chat,social_media	https://slang.net/meaning/elo
nub	nub	existing	online_gaming	https://slang.net/meaning/nub
ats	ats	added	online_gaming	https://slang.net/meaning/ats
Raid	raid	existing	online_gaming	https://slang.net/meaning/raid
F2P	f2p	existing	online_gaming	https://slang.net/meaning/f2p
POG	pog	existing	online_gaming,social_media	https://slang.net/meaning/pog
SS	ss	existing	online_gaming,online_chat	https://slang.net/meaning/ss
ESAD	esad	deferred_scope_or_ambiguity	online_gaming	https://slang.net/meaning/esad
PvC	pvc	deferred_scope_or_ambiguity	online_gaming	https://slang.net/meaning/pvc
WTT	wtt	existing	online_gaming,text_messaging,social_media	https://slang.net/meaning/wtt
Gosu	gosu	added	online_gaming	https://slang.net/meaning/gosu
DQ	dq	deferred_scope_or_ambiguity	online_gaming	https://slang.net/meaning/dq
NES	nes	deferred_scope_or_ambiguity	online_gaming	https://slang.net/meaning/nes
ugh	ugh	existing	online_gaming,online_chat,text_messaging,common,social_media	https://slang.net/meaning/ugh
IAP	iap	added	online_gaming,web_forums	https://slang.net/meaning/iap
char	char	existing	online_gaming	https://slang.net/meaning/char
Dece	dece	deferred_scope_or_ambiguity	online_gaming,online_chat	https://slang.net/meaning/dece
HMP	hmp	deferred_scope_or_ambiguity	online_gaming,online_chat,web_forums,social_media	https://slang.net/meaning/hmp
Topdeck	topdeck	deferred_scope_or_ambiguity	online_gaming	https://slang.net/meaning/topdeck
Farmed	farmed	inflected	online_gaming	https://slang.net/meaning/farmed
Take my energy	take my energy	added	online_gaming	https://slang.net/meaning/take_my_energy
Chip damage	chip damage	added	online_gaming	https://slang.net/meaning/chip_damage
Diving	diving	inflected	online_gaming	https://slang.net/meaning/diving
Last hitting	last hitting	deferred_scope_or_ambiguity	online_gaming	https://slang.net/meaning/last_hitting
GS	gs	deferred_scope_or_ambiguity	online_gaming,social_media	https://slang.net/meaning/gs
STR	str	deferred_scope_or_ambiguity	online_gaming	https://slang.net/meaning/str
Dono	dono	added	online_gaming	https://slang.net/meaning/dono
Pubstomp	pubstomp	added	online_gaming	https://slang.net/meaning/pubstomp
Woot	woot	added	online_gaming,online_chat,text_messaging,web_forums	https://slang.net/meaning/woot
WAS	was	deferred_scope_or_ambiguity	online_gaming,online_chat,text_messaging	https://slang.net/meaning/was
HAN	han	added	online_gaming,online_chat	https://slang.net/meaning/han
HPS	hps	inflected	online_gaming	https://slang.net/meaning/hps
LoS	los	existing	online_gaming	https://slang.net/meaning/los
ITRW	itrw	added	online_gaming,online_chat	https://slang.net/meaning/itrw
jc	jc	deferred_scope_or_ambiguity	online_gaming,online_chat,text_messaging	https://slang.net/meaning/jc
Bling	bling	deferred_scope_or_ambiguity	online_gaming,common,social_media	https://slang.net/meaning/bling
Rax	rax	deferred_scope_or_ambiguity	online_gaming	https://slang.net/meaning/rax
TvZ	tvz	deferred_scope_or_ambiguity	online_gaming	https://slang.net/meaning/tvz
NDS	nds	inflected	online_gaming,web_forums	https://slang.net/meaning/nds
Wewt	wewt	added	online_gaming,online_chat	https://slang.net/meaning/wewt
ownage	ownage	added	online_gaming	https://slang.net/meaning/ownage
bot	bot	existing	online_gaming,online_chat,web_forums	https://slang.net/meaning/bot
Loot	loot	existing	online_gaming	https://slang.net/meaning/loot
BF2	bf2	deferred_scope_or_ambiguity	online_gaming	https://slang.net/meaning/bf2
Butter	butter	existing	online_gaming	https://slang.net/meaning/butter
Beast mode	beast mode	deferred_scope_or_ambiguity	online_gaming,common	https://slang.net/meaning/beast_mode
Mic up	mic up	added	online_gaming	https://slang.net/meaning/mic_up
KEKL	kekl	added	online_gaming	https://slang.net/meaning/kekl
MS	ms	existing	online_gaming,web_forums,email	https://slang.net/meaning/ms
LFK	lfk	deferred_scope_or_ambiguity	online_gaming,online_chat	https://slang.net/meaning/lfk
pwnt	pwnt	added	online_gaming,online_chat	https://slang.net/meaning/pwnt
BAMF	bamf	deferred_scope_or_ambiguity	online_gaming,online_chat	https://slang.net/meaning/bamf
HYE	hye	deferred_scope_or_ambiguity	online_gaming,online_chat	https://slang.net/meaning/hye
MOH	moh	deferred_scope_or_ambiguity	online_gaming,online_chat,text_messaging	https://slang.net/meaning/moh
LF1M	lf1m	existing	online_gaming	https://slang.net/meaning/lf1m
DOT	dot	existing	online_gaming	https://slang.net/meaning/dot
MDPS	mdps	added	online_gaming	https://slang.net/meaning/mdps
RTS	rts	added	online_gaming	https://slang.net/meaning/rts
APM	apm	added	online_gaming	https://slang.net/meaning/apm
imba	imba	added	online_gaming,web_forums	https://slang.net/meaning/imba
FOC	foc	added	online_gaming,online_chat,web_forums	https://slang.net/meaning/foc
xbl	xbl	deferred_scope_or_ambiguity	online_gaming	https://slang.net/meaning/xbl
Bioball	bioball	deferred_scope_or_ambiguity	online_gaming	https://slang.net/meaning/bioball
DT	dt	deferred_scope_or_ambiguity	online_gaming,online_chat,text_messaging	https://slang.net/meaning/dt
Natural	natural	existing	online_gaming	https://slang.net/meaning/natural
chargelot	chargelot	deferred_scope_or_ambiguity	online_gaming	https://slang.net/meaning/chargelot
TvP	tvp	deferred_scope_or_ambiguity	online_gaming	https://slang.net/meaning/tvp
PvT	pvt	deferred_scope_or_ambiguity	online_gaming,online_chat	https://slang.net/meaning/pvt
Toss	toss	existing	online_gaming	https://slang.net/meaning/toss
frag	frag	added	online_gaming	https://slang.net/meaning/frag
Ling	ling	deferred_scope_or_ambiguity	online_gaming	https://slang.net/meaning/ling
GGP	ggp	added	online_gaming,online_chat	https://slang.net/meaning/ggp
STT	stt	deferred_scope_or_ambiguity	online_gaming	https://slang.net/meaning/stt
epm	epm	deferred_scope_or_ambiguity	online_gaming	https://slang.net/meaning/epm
nooblet	nooblet	added	online_gaming	https://slang.net/meaning/nooblet
Boomstick	boomstick	deferred_scope_or_ambiguity	online_gaming	https://slang.net/meaning/boomstick
ovie	ovie	deferred_scope_or_ambiguity	online_gaming	https://slang.net/meaning/ovie
Effin	effin	deferred_scope_or_ambiguity	online_gaming,online_chat,text_messaging	https://slang.net/meaning/effin
Modder	modder	added	online_gaming	https://slang.net/meaning/modder
Minion	minion	deferred_scope_or_ambiguity	online_gaming	https://slang.net/meaning/minion
Lethal	lethal	existing	online_gaming	https://slang.net/meaning/lethal
Fog	fog	existing	online_gaming	https://slang.net/meaning/fog
Base race	base race	deferred_scope_or_ambiguity	online_gaming	https://slang.net/meaning/base_race
PUBG	pubg	deferred_scope_or_ambiguity	online_gaming	https://slang.net/meaning/pubg
DEX	dex	deferred_scope_or_ambiguity	online_gaming	https://slang.net/meaning/dex
IGL	igl	added	online_gaming	https://slang.net/meaning/igl
d20	d20	deferred_scope_or_ambiguity	online_gaming	https://slang.net/meaning/d20
Sussy baka	sussy baka	added	online_gaming,web_forums,social_media	https://slang.net/meaning/sussy_baka
ST	st	deferred_scope_or_ambiguity	online_gaming	https://slang.net/meaning/st
IM	i am	deferred_scope_or_ambiguity	online_gaming,online_chat,text_messaging,common,social_media	https://slang.net/meaning/im
TFB	tfb	added	online_gaming,online_chat	https://slang.net/meaning/tfb
DFL	dfl	added	online_gaming,online_chat	https://slang.net/meaning/dfl
FTEW	ftew	added	online_gaming,online_chat,text_messaging,social_media	https://slang.net/meaning/ftew
wsp	wsp	deferred_scope_or_ambiguity	online_gaming,online_chat,text_messaging,social_media	https://slang.net/meaning/wsp
AON	aon	deferred_scope_or_ambiguity	online_gaming,text_messaging,web_forums,email	https://slang.net/meaning/aon
Choob	choob	deferred_scope_or_ambiguity	online_gaming	https://slang.net/meaning/choob
Macro	macro	deferred_scope_or_ambiguity	online_gaming	https://slang.net/meaning/macro
Bio	bio	existing	online_gaming,text_messaging	https://slang.net/meaning/bio
Kek	kek	existing	online_gaming,online_chat	https://slang.net/meaning/kek
Larper	larper	deferred_scope_or_ambiguity	online_gaming,social_media	https://slang.net/meaning/larper
WPT	wpt	deferred_scope_or_ambiguity	online_gaming	https://slang.net/meaning/wpt
DON	don	deferred_scope_or_ambiguity	online_gaming	https://slang.net/meaning/don
Robo	robo	deferred_scope_or_ambiguity	online_gaming	https://slang.net/meaning/robo
D3	d3	deferred_scope_or_ambiguity	online_gaming	https://slang.net/meaning/d3
WCG	wcg	deferred_scope_or_ambiguity	online_gaming,web_forums	https://slang.net/meaning/wcg
XB	xb	added	online_gaming	https://slang.net/meaning/xb
ARTS	arts	inflected	online_gaming	https://slang.net/meaning/arts
Jungler	jungler	deferred_scope_or_ambiguity	online_gaming	https://slang.net/meaning/jungler
CS	cs	deferred_scope_or_ambiguity	online_gaming,web_forums	https://slang.net/meaning/cs
LOTV	lotv	deferred_scope_or_ambiguity	online_gaming	https://slang.net/meaning/lotv
SWYP	swyp	added	online_gaming,web_forums	https://slang.net/meaning/swyp
FGSQTC	fgsqtc	deferred_scope_or_ambiguity	online_gaming,online_chat,text_messaging	https://slang.net/meaning/fgsqtc
Teemo	teemo	deferred_scope_or_ambiguity	online_gaming	https://slang.net/meaning/teemo
LUPP	lupp	added	online_gaming	https://slang.net/meaning/lupp
HOMM	homm	deferred_scope_or_ambiguity	online_gaming	https://slang.net/meaning/homm
Board clear	board clear	deferred_scope_or_ambiguity	online_gaming	https://slang.net/meaning/board_clear
Aggro deck	aggro deck	deferred_scope_or_ambiguity	online_gaming	https://slang.net/meaning/aggro_deck
OHKO	ohko	added	online_gaming	https://slang.net/meaning/ohko
Scratch damage	scratch damage	added	online_gaming	https://slang.net/meaning/scratch_damage
top	top	existing	online_gaming	https://slang.net/meaning/top
Denying	denying	inflected	online_gaming	https://slang.net/meaning/denying
Creep	creep	deferred_scope_or_ambiguity	online_gaming	https://slang.net/meaning/creep
Initiator	initiator	deferred_scope_or_ambiguity	online_gaming	https://slang.net/meaning/initiator
Dump stat	dump stat	deferred_scope_or_ambiguity	online_gaming	https://slang.net/meaning/dump_stat
CHA	cha	deferred_scope_or_ambiguity	online_gaming	https://slang.net/meaning/cha
Clip chimp	clip chimp	deferred_scope_or_ambiguity	online_gaming	https://slang.net/meaning/clip_chimp
Feed	feed	existing	online_gaming	https://slang.net/meaning/feed
Y/R	y ? are	deferred_token_shape	online_gaming,online_chat	https://slang.net/meaning/y/r
NH	nh	deferred_scope_or_ambiguity	online_gaming	https://slang.net/meaning/nh
HL	hl	deferred_scope_or_ambiguity	online_gaming	https://slang.net/meaning/hl
Ace	ace	deferred_scope_or_ambiguity	online_gaming	https://slang.net/meaning/ace
Wipe	wipe	existing	online_gaming	https://slang.net/meaning/wipe
lulz	lulz	added	online_gaming,online_chat,text_messaging	https://slang.net/meaning/lulz
Sticky	sticky	existing	online_gaming	https://slang.net/meaning/sticky
spd	spd	deferred_scope_or_ambiguity	online_gaming,web_forums	https://slang.net/meaning/spd
L	l	deferred_scope_or_ambiguity	online_gaming,online_chat,text_messaging	https://slang.net/meaning/l
Rush down	rush down	deferred_scope_or_ambiguity	online_gaming	https://slang.net/meaning/rush_down
Rush deck	rush deck	deferred_scope_or_ambiguity	online_gaming	https://slang.net/meaning/rush_deck
Netdecker	netdecker	deferred_scope_or_ambiguity	online_gaming	https://slang.net/meaning/netdecker
Chipping	chipping	deferred_scope_or_ambiguity	online_gaming	https://slang.net/meaning/chipping
NVE	nve	deferred_scope_or_ambiguity	online_gaming	https://slang.net/meaning/nve
SM64	sm64	deferred_scope_or_ambiguity	online_gaming	https://slang.net/meaning/sm64
Brigading	brigading	deferred_scope_or_ambiguity	online_gaming,web_forums,social_media	https://slang.net/meaning/brigading
OOC	ooc	deferred_scope_or_ambiguity	online_gaming,web_forums,social_media	https://slang.net/meaning/ooc
FTL	ftl	added	online_gaming	https://slang.net/meaning/ftl
WOTLK	wotlk	deferred_scope_or_ambiguity	online_gaming	https://slang.net/meaning/wotlk
Micro	micro	deferred_scope_or_ambiguity	online_gaming	https://slang.net/meaning/micro
F	f	existing	online_gaming,common,web_forums	https://slang.net/meaning/f
Beamed	beamed	deferred_scope_or_ambiguity	online_gaming	https://slang.net/meaning/beamed
Roam	roam	existing	online_gaming	https://slang.net/meaning/roam
OOT	oot	deferred_scope_or_ambiguity	online_gaming,online_chat,text_messaging,web_forums,email	https://slang.net/meaning/oot
GGL	ggl	deferred_scope_or_ambiguity	online_gaming	https://slang.net/meaning/ggl
SEAL	seal	existing	online_gaming	https://slang.net/meaning/seal
stats	stats	deferred_scope_or_ambiguity	online_gaming,online_chat,common,social_media	https://slang.net/meaning/stats
Mulligan	mulligan	deferred_scope_or_ambiguity	online_gaming	https://slang.net/meaning/mulligan
SG	sg	deferred_scope_or_ambiguity	online_gaming,online_chat,text_messaging,social_media,email	https://slang.net/meaning/sg
RBX	rbx	deferred_scope_or_ambiguity	online_gaming	https://slang.net/meaning/rbx
Git gud	git gud	existing	online_gaming	https://slang.net/meaning/git_gud
FF	ff	existing	online_gaming,online_chat,text_messaging,web_forums,social_media	https://slang.net/meaning/ff
Carry	carry	existing	online_gaming	https://slang.net/meaning/carry
VU	vu	added	online_gaming	https://slang.net/meaning/vu
Amogus	amogus	deferred_scope_or_ambiguity	online_gaming,web_forums	https://slang.net/meaning/amogus
SCP	scp	existing	online_gaming	https://slang.net/meaning/scp
Washed	washed	inflected	online_gaming,social_media	https://slang.net/meaning/washed
MK	mk	deferred_scope_or_ambiguity	online_gaming,online_chat,text_messaging,web_forums,social_media	https://slang.net/meaning/mk
spec	spec	added	online_gaming	https://slang.net/meaning/spec
gglords	gglords	deferred_scope_or_ambiguity	online_gaming	https://slang.net/meaning/gglords
One and done	one and done	deferred_scope_or_ambiguity	online_gaming	https://slang.net/meaning/one_and_done
GD	gd	deferred_scope_or_ambiguity	online_gaming,online_chat,text_messaging	https://slang.net/meaning/gd
BOAT	boat	existing	online_gaming,web_forums,social_media	https://slang.net/meaning/boat
WW	ww	existing	online_gaming,online_chat,text_messaging,web_forums	https://slang.net/meaning/ww
WTB	wtb	existing	online_gaming,web_forums	https://slang.net/meaning/wtb
PvE	pve	existing	online_gaming	https://slang.net/meaning/pve
555	?	deferred_token_shape	online_gaming,online_chat,text_messaging	https://slang.net/meaning/555
ICC	icc	deferred_scope_or_ambiguity	online_gaming,web_forums	https://slang.net/meaning/icc
IVL	ivl	added	online_gaming,online_chat	https://slang.net/meaning/ivl
VOD	vod	added	online_gaming,web_forums	https://slang.net/meaning/vod
rez	rez	existing	online_gaming	https://slang.net/meaning/rez
BarCraft	barcraft	deferred_scope_or_ambiguity	online_gaming	https://slang.net/meaning/barcraft
Agi	agi	deferred_scope_or_ambiguity	online_gaming	https://slang.net/meaning/agi
GSL	gsl	deferred_scope_or_ambiguity	online_gaming	https://slang.net/meaning/gsl
Skytoss	skytoss	deferred_scope_or_ambiguity	online_gaming	https://slang.net/meaning/skytoss
Gobbo	gobbo	deferred_scope_or_ambiguity	online_gaming,web_forums,social_media	https://slang.net/meaning/gobbo
Cracked	cracked	inflected	online_gaming	https://slang.net/meaning/cracked
Wrecked	wrecked	deferred_scope_or_ambiguity	online_gaming	https://slang.net/meaning/wrecked
Oof	oof	existing	online_gaming	https://slang.net/meaning/oof
Punt	punt	deferred_scope_or_ambiguity	online_gaming	https://slang.net/meaning/punt
NYP	nyp	deferred_scope_or_ambiguity	online_gaming,online_chat,text_messaging,web_forums,social_media	https://slang.net/meaning/nyp
Mar10	mar10	deferred_scope_or_ambiguity	online_gaming,social_media	https://slang.net/meaning/mar10
BIS	bis	existing	online_gaming	https://slang.net/meaning/bis
KMA	kma	deferred_scope_or_ambiguity	online_gaming,online_chat,text_messaging	https://slang.net/meaning/kma
TQVM	tqvm	added	online_gaming,online_chat,text_messaging,social_media	https://slang.net/meaning/tqvm
Kara	kara	deferred_scope_or_ambiguity	online_gaming	https://slang.net/meaning/kara
Pull	pull	existing	online_gaming,text_messaging,web_forums,social_media	https://slang.net/meaning/pull
Ninja	ninja	deferred_scope_or_ambiguity	online_gaming	https://slang.net/meaning/ninja
PTR	ptr	deferred_scope_or_ambiguity	online_gaming	https://slang.net/meaning/ptr
3arc	3arc	deferred_scope_or_ambiguity	online_gaming	https://slang.net/meaning/3arc
Cheese	cheese	existing	online_gaming	https://slang.net/meaning/cheese
Huckleberry	huckleberry	deferred_scope_or_ambiguity	online_gaming,online_chat	https://slang.net/meaning/huckleberry
sc2nite	sc2nite	deferred_scope_or_ambiguity	online_gaming	https://slang.net/meaning/sc2nite
Mech	mech	existing	online_gaming	https://slang.net/meaning/mech
dfg	dfg	deferred_scope_or_ambiguity	online_gaming	https://slang.net/meaning/dfg
ARG	arg	deferred_scope_or_ambiguity	online_gaming	https://slang.net/meaning/arg
ALTTP	alttp	deferred_scope_or_ambiguity	online_gaming	https://slang.net/meaning/alttp
ZOMG	zomg	added	online_gaming,online_chat,text_messaging,email	https://slang.net/meaning/zomg
FP	fp	deferred_scope_or_ambiguity	online_gaming	https://slang.net/meaning/fp
DBM	dbm	deferred_scope_or_ambiguity	online_gaming	https://slang.net/meaning/dbm
resto	resto	existing	online_gaming	https://slang.net/meaning/resto
DKP	dkp	deferred_scope_or_ambiguity	online_gaming	https://slang.net/meaning/dkp
L4D2	l4d2	deferred_scope_or_ambiguity	online_gaming,web_forums	https://slang.net/meaning/l4d2
ROM	rom	deferred_scope_or_ambiguity	online_gaming	https://slang.net/meaning/rom
PTL	ptl	deferred_scope_or_ambiguity	online_gaming,online_chat,text_messaging,social_media,email	https://slang.net/meaning/ptl
mid	mid	deferred_scope_or_ambiguity	online_gaming,social_media	https://slang.net/meaning/mid
aghs	aghs	deferred_scope_or_ambiguity	online_gaming	https://slang.net/meaning/aghs
MOAB	moab	deferred_scope_or_ambiguity	online_gaming	https://slang.net/meaning/moab
opp	opp	added	online_gaming,online_chat,text_messaging	https://slang.net/meaning/opp
ACNH	acnh	deferred_scope_or_ambiguity	online_gaming,web_forums	https://slang.net/meaning/acnh
CON	con	deferred_scope_or_ambiguity	online_gaming	https://slang.net/meaning/con
TYFP	tyfp	existing	online_gaming	https://slang.net/meaning/tyfp
Kill screen	kill screen	deferred_scope_or_ambiguity	online_gaming	https://slang.net/meaning/kill_screen
5Head	5head	added	online_gaming	https://slang.net/meaning/5head
Oppo	oppo	added	online_gaming	https://slang.net/meaning/oppo
Cooked	cooked	inflected	online_gaming	https://slang.net/meaning/cooked
HOF	hof	existing	online_gaming	https://slang.net/meaning/hof
WTFRU	wtfru	added	online_gaming,online_chat,text_messaging	https://slang.net/meaning/wtfru
AOI	aoi	deferred_scope_or_ambiguity	online_gaming,online_chat,text_messaging	https://slang.net/meaning/aoi
wei	wei	deferred_scope_or_ambiguity	online_gaming,online_chat	https://slang.net/meaning/wei
nxt	nxt	deferred_scope_or_ambiguity	online_gaming,online_chat,text_messaging,web_forums,email	https://slang.net/meaning/nxt
SAT	sat	inflected	online_gaming,online_chat,text_messaging,web_forums,social_media,email	https://slang.net/meaning/sat
EA	ea	deferred_scope_or_ambiguity	online_gaming,text_messaging,email	https://slang.net/meaning/ea
pat	pat	deferred_scope_or_ambiguity	online_gaming	https://slang.net/meaning/pat
SP	sp	deferred_scope_or_ambiguity	online_gaming	https://slang.net/meaning/sp
Dal	dal	deferred_scope_or_ambiguity	online_gaming	https://slang.net/meaning/dal
dced	dced	existing	online_gaming,online_chat	https://slang.net/meaning/dced
HotS	hots	existing	online_gaming	https://slang.net/meaning/hots
adds	adds	existing	online_gaming	https://slang.net/meaning/adds
RMP	rmp	deferred_scope_or_ambiguity	online_gaming	https://slang.net/meaning/rmp
ZvP	zvp	deferred_scope_or_ambiguity	online_gaming	https://slang.net/meaning/zvp
FFE	ffe	deferred_scope_or_ambiguity	online_gaming	https://slang.net/meaning/ffe
BB	bb	existing	online_gaming,online_chat,text_messaging,social_media	https://slang.net/meaning/bb
SNES	snes	deferred_scope_or_ambiguity	online_gaming	https://slang.net/meaning/snes
MoP	mop	existing	online_gaming	https://slang.net/meaning/mop
Laning	laning	deferred_scope_or_ambiguity	online_gaming	https://slang.net/meaning/laning
bd	bd	existing	online_gaming,online_chat,text_messaging,web_forums,social_media,email	https://slang.net/meaning/bd
MOTD	motd	added	online_gaming,online_chat,web_forums	https://slang.net/meaning/motd
BYOD	byod	deferred_scope_or_ambiguity	online_gaming	https://slang.net/meaning/byod
MMR	mmr	added	online_gaming	https://slang.net/meaning/mmr
Bruh	bruh	existing	online_gaming,social_media	https://slang.net/meaning/bruh
Fountain diving	fountain diving	deferred_scope_or_ambiguity	online_gaming	https://slang.net/meaning/fountain_diving
WIS	wis	deferred_scope_or_ambiguity	online_gaming	https://slang.net/meaning/wis
Broken	broken	existing	online_gaming	https://slang.net/meaning/broken
Bomb	bomb	existing	online_gaming	https://slang.net/meaning/bomb
20m	20m	deferred_scope_or_ambiguity	online_gaming	https://slang.net/meaning/20m
Sussy	sussy	added	online_gaming,social_media	https://slang.net/meaning/sussy
EAK	eak	added	online_gaming,online_chat	https://slang.net/meaning/eak
RW	rw	existing	online_gaming	https://slang.net/meaning/rw
YM	ym	deferred_scope_or_ambiguity	online_gaming,online_chat	https://slang.net/meaning/ym
VC	vc	added	online_gaming,online_chat	https://slang.net/meaning/vc
RDPS	rdps	added	online_gaming	https://slang.net/meaning/rdps
de	de	deferred_scope_or_ambiguity	online_gaming	https://slang.net/meaning/de
Shat	shat	deferred_scope_or_ambiguity	online_gaming	https://slang.net/meaning/shat
TPTB	tptb	deferred_scope_or_ambiguity	online_gaming,online_chat,web_forums	https://slang.net/meaning/tptb
BBOL	bbol	added	online_gaming,online_chat	https://slang.net/meaning/bbol
N1	n1	existing	online_gaming,online_chat,text_messaging	https://slang.net/meaning/n1
prot	prot	deferred_scope_or_ambiguity	online_gaming	https://slang.net/meaning/prot
Trash	trash	existing	online_gaming,common	https://slang.net/meaning/trash
Nax	nax	deferred_scope_or_ambiguity	online_gaming	https://slang.net/meaning/nax
CQC	cqc	added	online_gaming	https://slang.net/meaning/cqc
def	def	existing	online_gaming,online_chat,text_messaging	https://slang.net/meaning/def
ZvZ	zvz	deferred_scope_or_ambiguity	online_gaming	https://slang.net/meaning/zvz
Metagame	metagame	added	online_gaming	https://slang.net/meaning/metagame
bb/100	bb ? ?	deferred_token_shape	online_gaming	https://slang.net/meaning/bb/100
L4D	l4d	deferred_scope_or_ambiguity	online_gaming,web_forums	https://slang.net/meaning/l4d
PS2	ps2	deferred_scope_or_ambiguity	online_gaming,web_forums	https://slang.net/meaning/ps2
DIAF	diaf	deferred_scope_or_ambiguity	online_gaming,online_chat,text_messaging,social_media	https://slang.net/meaning/diaf
Mule	mule	existing	online_gaming	https://slang.net/meaning/mule
vfx	vfx	added	online_gaming	https://slang.net/meaning/vfx
Lane	lane	deferred_scope_or_ambiguity	online_gaming	https://slang.net/meaning/lane
Farming	farming	inflected	online_gaming	https://slang.net/meaning/farming
GSTL	gstl	deferred_scope_or_ambiguity	online_gaming	https://slang.net/meaning/gstl
Lewt	lewt	added	online_gaming	https://slang.net/meaning/lewt
xlr8	xlr8	deferred_scope_or_ambiguity	online_gaming,online_chat	https://slang.net/meaning/xlr8
Vanilla	vanilla	deferred_scope_or_ambiguity	online_gaming	https://slang.net/meaning/vanilla
G	g	existing	online_gaming,online_chat	https://slang.net/meaning/g
OTK	otk	deferred_scope_or_ambiguity	online_gaming	https://slang.net/meaning/otk
Shelled	shelled	deferred_scope_or_ambiguity	online_gaming	https://slang.net/meaning/shelled
Kill yourself	kill yourself	deferred_scope_or_ambiguity	online_gaming,online_chat	https://slang.net/meaning/kill_yourself
Flamer	flamer	added	online_gaming,online_chat,web_forums	https://slang.net/meaning/flamer
Controller	controller	existing	online_gaming	https://slang.net/meaning/controller
5e	5e	deferred_scope_or_ambiguity	online_gaming	https://slang.net/meaning/5e
Gank	gank	existing	online_gaming	https://slang.net/meaning/gank
Shoutcaster	shoutcaster	added	online_gaming	https://slang.net/meaning/shoutcaster
Emote	emote	existing	online_gaming	https://slang.net/meaning/emote
1TG	1tg	added	online_gaming	https://slang.net/meaning/1tg
MSQ	msq	deferred_scope_or_ambiguity	online_gaming	https://slang.net/meaning/msq
FL	fl	added	online_gaming	https://slang.net/meaning/fl
Bounce	bounce	existing	online_gaming	https://slang.net/meaning/bounce
Bloxxed	bloxxed	deferred_scope_or_ambiguity	online_gaming	https://slang.net/meaning/bloxxed
BOU	bou	added	online_gaming	https://slang.net/meaning/bou
Busted	busted	added	online_gaming	https://slang.net/meaning/busted
Scoop	scoop	deferred_scope_or_ambiguity	online_gaming	https://slang.net/meaning/scoop
BFA	bfa	deferred_scope_or_ambiguity	online_gaming	https://slang.net/meaning/bfa
TTRPG	ttrpg	added	online_gaming	https://slang.net/meaning/ttrpg
RRoD	rrod	deferred_scope_or_ambiguity	online_gaming	https://slang.net/meaning/rrod
MCBE	mcbe	deferred_scope_or_ambiguity	online_gaming	https://slang.net/meaning/mcbe
AM	am	deferred_scope_or_ambiguity	online_gaming,online_chat,text_messaging,common,social_media,email	https://slang.net/meaning/am
Mirror match	mirror match	added	online_gaming	https://slang.net/meaning/mirror_match
Spawn	spawn	existing	online_gaming,common	https://slang.net/meaning/spawn
JG	jg	deferred_scope_or_ambiguity	online_gaming	https://slang.net/meaning/jg
Diff	diff	added	online_gaming,social_media	https://slang.net/meaning/diff
CPS	cps	inflected	online_gaming	https://slang.net/meaning/cps
Built different	built different	added	online_gaming	https://slang.net/meaning/built_different
pld	pld	deferred_scope_or_ambiguity	online_gaming	https://slang.net/meaning/pld
EI	ei	deferred_scope_or_ambiguity	online_gaming,online_chat	https://slang.net/meaning/ei
GTSY	gtsy	added	online_gaming,online_chat	https://slang.net/meaning/gtsy
Bthrm	bthrm	deferred_scope_or_ambiguity	online_gaming,online_chat	https://slang.net/meaning/bthrm
nmtn	nmtn	added	online_gaming,online_chat,web_forums	https://slang.net/meaning/nmtn
ROFLMFAO	roflmfao	added	online_gaming,online_chat,text_messaging	https://slang.net/meaning/roflmfao
OMGYS	omgys	added	online_gaming,online_chat,text_messaging	https://slang.net/meaning/omgys
QQn	qqn	deferred_scope_or_ambiguity	online_gaming,online_chat,text_messaging	https://slang.net/meaning/qqn
FTMFW	ftmfw	added	online_gaming,online_chat,text_messaging,social_media	https://slang.net/meaning/ftmfw
PSP	psp	deferred_scope_or_ambiguity	online_gaming,web_forums,social_media	https://slang.net/meaning/psp
WTHWT	wthwt	added	online_gaming,online_chat,text_messaging	https://slang.net/meaning/wthwt
MMBBG	mmbbg	deferred_scope_or_ambiguity	online_gaming	https://slang.net/meaning/mmbbg
PTIYPASI	ptiypasi	deferred_scope_or_ambiguity	online_gaming,online_chat,email	https://slang.net/meaning/ptiypasi
S/U	s ? you	deferred_token_shape	online_gaming,online_chat,text_messaging,social_media	https://slang.net/meaning/s/u
THTH	thth	deferred_scope_or_ambiguity	online_gaming	https://slang.net/meaning/thth
dstr8	dstr8	added	online_gaming,online_chat,text_messaging	https://slang.net/meaning/dstr8
Naxx	naxx	deferred_scope_or_ambiguity	online_gaming	https://slang.net/meaning/naxx
PF	pf	deferred_scope_or_ambiguity	online_gaming,online_chat	https://slang.net/meaning/pf
TPvPZ	tpvpz	deferred_scope_or_ambiguity	online_gaming	https://slang.net/meaning/tpvpz
tourney	tourney	added	online_gaming,online_chat	https://slang.net/meaning/tourney
AF	af	deferred_scope_or_ambiguity	online_gaming,online_chat,text_messaging	https://slang.net/meaning/af
aipf	aipf	deferred_scope_or_ambiguity	online_gaming	https://slang.net/meaning/aipf
Rake	rake	deferred_scope_or_ambiguity	online_gaming	https://slang.net/meaning/rake
WSOP	wsop	deferred_scope_or_ambiguity	online_gaming	https://slang.net/meaning/wsop
UTG	utg	deferred_scope_or_ambiguity	online_gaming	https://slang.net/meaning/utg
SNG	sng	deferred_scope_or_ambiguity	online_gaming	https://slang.net/meaning/sng
KOTOR	kotor	deferred_scope_or_ambiguity	online_gaming	https://slang.net/meaning/kotor
idd	idd	added	online_gaming,online_chat,text_messaging,social_media	https://slang.net/meaning/idd
PAYG	payg	deferred_scope_or_ambiguity	online_gaming,web_forums	https://slang.net/meaning/payg
RMAH	rmah	deferred_scope_or_ambiguity	online_gaming	https://slang.net/meaning/rmah
rox	rox	added	online_gaming,text_messaging,social_media	https://slang.net/meaning/rox
roxorz	roxorz	added	online_gaming,social_media	https://slang.net/meaning/roxorz
TBFU	tbfu	added	online_gaming,online_chat,text_messaging	https://slang.net/meaning/tbfu
td	td	deferred_scope_or_ambiguity	online_gaming	https://slang.net/meaning/td
TF2	tf2	deferred_scope_or_ambiguity	online_gaming	https://slang.net/meaning/tf2
Whew	whew	added	online_gaming,online_chat	https://slang.net/meaning/whew
1up	1up	deferred_scope_or_ambiguity	online_gaming	https://slang.net/meaning/1up
Arpen	arpen	added	online_gaming	https://slang.net/meaning/arpen
ESL	esl	deferred_scope_or_ambiguity	online_gaming	https://slang.net/meaning/esl
h4x0rz	h4x0rz	added	online_gaming	https://slang.net/meaning/h4x0rz
IEM	iem	deferred_scope_or_ambiguity	online_gaming	https://slang.net/meaning/iem
Coining	coining	deferred_scope_or_ambiguity	online_gaming	https://slang.net/meaning/coining
b8	b8	deferred_scope_or_ambiguity	online_gaming,online_chat,text_messaging,web_forums,social_media	https://slang.net/meaning/b8
Dating sim	dating sim	deferred_scope_or_ambiguity	online_gaming	https://slang.net/meaning/dating_sim
UP	up	existing	online_gaming	https://slang.net/meaning/up
TANSTAFL	tanstafl	added	online_gaming,online_chat,text_messaging	https://slang.net/meaning/tanstafl
Uninstall	uninstall	deferred_scope_or_ambiguity	online_gaming	https://slang.net/meaning/uninstall
RAW	raw	existing	online_gaming	https://slang.net/meaning/raw
Swanton bomb	swanton bomb	deferred_scope_or_ambiguity	online_gaming	https://slang.net/meaning/swanton_bomb
Entry fragger	entry fragger	deferred_scope_or_ambiguity	online_gaming	https://slang.net/meaning/entry_fragger
Sleeping on	sleeping on	deferred_scope_or_ambiguity	online_gaming	https://slang.net/meaning/sleeping_on
LFP	lfp	existing	online_gaming	https://slang.net/meaning/lfp
WC	wc	deferred_scope_or_ambiguity	online_gaming,online_chat,text_messaging	https://slang.net/meaning/wc
LCG	lcg	deferred_scope_or_ambiguity	online_gaming,web_forums,social_media	https://slang.net/meaning/lcg
Trade	trade	existing	online_gaming	https://slang.net/meaning/trade
ETB	etb	deferred_scope_or_ambiguity	online_gaming	https://slang.net/meaning/etb
PR	pr	added	online_gaming,web_forums	https://slang.net/meaning/pr
QQ	qq	deferred_scope_or_ambiguity	online_gaming,online_chat,web_forums,email	https://slang.net/meaning/qq
Beaned	beaned	deferred_scope_or_ambiguity	online_gaming	https://slang.net/meaning/beaned
TFT	tft	deferred_scope_or_ambiguity	online_gaming	https://slang.net/meaning/tft
Ramp	ramp	deferred_scope_or_ambiguity	online_gaming	https://slang.net/meaning/ramp
Take the L	take the l	added	online_gaming,social_media	https://slang.net/meaning/take_the_l
DD	dd	existing	online_gaming,online_chat,text_messaging,web_forums,social_media	https://slang.net/meaning/dd
Slender	slender	existing	online_gaming	https://slang.net/meaning/slender
PLO	plo	deferred_scope_or_ambiguity	online_gaming	https://slang.net/meaning/plo
MTGA	mtga	deferred_scope_or_ambiguity	online_gaming	https://slang.net/meaning/mtga
FNF BF	fnf bf	deferred_scope_or_ambiguity	online_gaming	https://slang.net/meaning/fnf_bf
Roping	roping	deferred_scope_or_ambiguity	online_gaming	https://slang.net/meaning/roping
FNAF	fnaf	deferred_scope_or_ambiguity	online_gaming	https://slang.net/meaning/fnaf
BTD	btd	deferred_scope_or_ambiguity	online_gaming,online_chat,text_messaging	https://slang.net/meaning/btd
PnP	pnp	deferred_scope_or_ambiguity	online_gaming,online_chat,web_forums	https://slang.net/meaning/pnp
DDLC	ddlc	deferred_scope_or_ambiguity	online_gaming	https://slang.net/meaning/ddlc
Smash	smash	deferred_scope_or_ambiguity	online_gaming	https://slang.net/meaning/smash
RHD	rhd	deferred_scope_or_ambiguity	online_gaming	https://slang.net/meaning/rhd
ME	me	existing	online_gaming	https://slang.net/meaning/me
Homebrew	homebrew	deferred_scope_or_ambiguity	online_gaming	https://slang.net/meaning/homebrew
BOTW	botw	deferred_scope_or_ambiguity	online_gaming	https://slang.net/meaning/botw
Roguelike	roguelike	added	online_gaming	https://slang.net/meaning/roguelike
DBD	dbd	deferred_scope_or_ambiguity	online_gaming,online_chat,text_messaging	https://slang.net/meaning/dbd
Civ	civ	deferred_scope_or_ambiguity	online_gaming	https://slang.net/meaning/civ
Putting on a clinic	putting on a clinic	added	online_gaming	https://slang.net/meaning/putting_on_a_clinic
KotH	koth	added	online_gaming,web_forums,social_media	https://slang.net/meaning/koth
NFS	nfs	deferred_scope_or_ambiguity	online_gaming,online_chat,text_messaging,online_auctions,web_forums,social_media	https://slang.net/meaning/nfs
Discord Kitten	discord kitten	deferred_scope_or_ambiguity	online_gaming,social_media	https://slang.net/meaning/discord_kitten
Discord Daddy	discord daddy	deferred_scope_or_ambiguity	online_gaming,social_media	https://slang.net/meaning/discord_daddy
Crunchy	crunchy	deferred_scope_or_ambiguity	online_gaming,web_forums,social_media	https://slang.net/meaning/crunchy
Spawn camping	spawn camping	inflected	online_gaming	https://slang.net/meaning/spawn_camping
TFR	tfr	deferred_scope_or_ambiguity	online_gaming	https://slang.net/meaning/tfr
Big L	big l	added	online_gaming,online_chat,text_messaging	https://slang.net/meaning/big_l
NC	nc	deferred_scope_or_ambiguity	online_gaming,online_chat,text_messaging,common,web_forums,social_media	https://slang.net/meaning/nc
GOW	gow	deferred_scope_or_ambiguity	online_gaming	https://slang.net/meaning/gow
OAR	oar	deferred_scope_or_ambiguity	online_gaming,online_chat,text_messaging	https://slang.net/meaning/oar
NCZ	ncz	deferred_scope_or_ambiguity	online_gaming	https://slang.net/meaning/ncz
PFR	pfr	deferred_scope_or_ambiguity	online_gaming	https://slang.net/meaning/pfr
WTC	wtc	added	online_gaming,online_chat	https://slang.net/meaning/wtc
WD	wd	added	online_gaming,online_chat	https://slang.net/meaning/wd
TKA	tka	added	online_gaming,online_chat,text_messaging	https://slang.net/meaning/tka
HOAS	hoas	deferred_scope_or_ambiguity	online_gaming,online_chat,text_messaging,common	https://slang.net/meaning/hoas
WAM	wam	added	online_gaming,online_chat	https://slang.net/meaning/wam
TJI	tji	added	online_gaming,web_forums	https://slang.net/meaning/tji
GOTY	goty	added	online_gaming,web_forums,social_media	https://slang.net/meaning/goty
MUD	mud	existing	online_gaming	https://slang.net/meaning/mud
G2GP	g2gp	added	online_gaming,online_chat	https://slang.net/meaning/g2gp
NG	ng	added	online_gaming,online_chat,text_messaging,email	https://slang.net/meaning/ng
SBT	sbt	added	online_gaming,online_chat,text_messaging,social_media,email	https://slang.net/meaning/sbt
TTKA	ttka	added	online_gaming	https://slang.net/meaning/ttka
BOE	boe	existing	online_gaming	https://slang.net/meaning/boe
BOP	bop	existing	online_gaming,social_media	https://slang.net/meaning/bop
Shatt	shatt	deferred_scope_or_ambiguity	online_gaming	https://slang.net/meaning/shatt
Waggro	waggro	deferred_scope_or_ambiguity	online_gaming	https://slang.net/meaning/waggro
BUF	buf	deferred_scope_or_ambiguity	online_gaming,online_chat,social_media	https://slang.net/meaning/buf
FOS	fos	deferred_scope_or_ambiguity	online_gaming,online_chat,text_messaging,web_forums,social_media	https://slang.net/meaning/fos
GOML	goml	deferred_scope_or_ambiguity	online_gaming,online_chat,web_forums	https://slang.net/meaning/goml
S~!	s ?	deferred_token_shape	online_gaming	https://slang.net/meaning/s~!
G2GGS2D	g2ggs2d	added	online_gaming,online_chat	https://slang.net/meaning/g2ggs2d
GL&GH	gl ? gh	deferred_token_shape	online_gaming,online_chat,text_messaging,web_forums	https://slang.net/meaning/gl&gh
WYD	wyd	existing	online_gaming,online_chat,text_messaging	https://slang.net/meaning/wyd
G1	g1	added	online_gaming,online_chat	https://slang.net/meaning/g1
GNE1	gne1	added	online_gaming,online_chat	https://slang.net/meaning/gne1
Gnight	gnight	added	online_gaming,online_chat	https://slang.net/meaning/gnight
Belf	belf	deferred_scope_or_ambiguity	online_gaming	https://slang.net/meaning/belf
Dome	dome	deferred_scope_or_ambiguity	online_gaming	https://slang.net/meaning/dome
Pwnage	pwnage	added	online_gaming,web_forums	https://slang.net/meaning/pwnage
HoN	hon	deferred_scope_or_ambiguity	online_gaming	https://slang.net/meaning/hon
AYBABTU	aybabtu	deferred_scope_or_ambiguity	online_gaming,online_chat	https://slang.net/meaning/aybabtu
grr	grr	added	online_gaming,online_chat	https://slang.net/meaning/grr
re	re	deferred_scope_or_ambiguity	online_gaming,common,web_forums,social_media,email	https://slang.net/meaning/re
YHS	yhs	deferred_scope_or_ambiguity	online_gaming	https://slang.net/meaning/yhs
LARP	larp	deferred_scope_or_ambiguity	online_gaming,web_forums,social_media	https://slang.net/meaning/larp
Larping	larping	deferred_scope_or_ambiguity	online_gaming,social_media	https://slang.net/meaning/larping
GBA	gba	deferred_scope_or_ambiguity	online_gaming	https://slang.net/meaning/gba
horribad	horribad	added	online_gaming,online_chat,text_messaging	https://slang.net/meaning/horribad
xmute	xmute	deferred_scope_or_ambiguity	online_gaming	https://slang.net/meaning/xmute
BO	bo	deferred_scope_or_ambiguity	online_gaming,online_chat,text_messaging	https://slang.net/meaning/bo
MMM	mmm	deferred_scope_or_ambiguity	online_gaming	https://slang.net/meaning/mmm
Muta	muta	deferred_scope_or_ambiguity	online_gaming	https://slang.net/meaning/muta
RPC	rpc	added	online_gaming,online_chat	https://slang.net/meaning/rpc
T4T	t4t	added	online_gaming	https://slang.net/meaning/t4t
VG	vg	deferred_scope_or_ambiguity	online_gaming,online_chat,text_messaging,web_forums	https://slang.net/meaning/vg
PMD	pmd	deferred_scope_or_ambiguity	online_gaming	https://slang.net/meaning/pmd
nooblord	nooblord	added	online_gaming	https://slang.net/meaning/nooblord
WOL	wol	deferred_scope_or_ambiguity	online_gaming	https://slang.net/meaning/wol
Exp	exp	existing	online_gaming	https://slang.net/meaning/exp
Brah	brah	deferred_scope_or_ambiguity	online_gaming,social_media	https://slang.net/meaning/brah
IFAB	ifab	added	online_gaming,online_chat,web_forums	https://slang.net/meaning/ifab
WCS	wcs	deferred_scope_or_ambiguity	online_gaming	https://slang.net/meaning/wcs
KKR	kkr	deferred_scope_or_ambiguity	online_gaming	https://slang.net/meaning/kkr
gle1	gle1	added	online_gaming,online_chat,text_messaging	https://slang.net/meaning/gle1
GLNG	glng	added	online_gaming,online_chat,text_messaging	https://slang.net/meaning/glng
JRPG	jrpg	deferred_scope_or_ambiguity	online_gaming	https://slang.net/meaning/jrpg
No-hit run	no hit run	added	online_gaming	https://slang.net/meaning/no-hit_run
OB	ob	deferred_scope_or_ambiguity	online_gaming	https://slang.net/meaning/ob
Bottom	bottom	existing	online_gaming	https://slang.net/meaning/bottom
Dire	dire	deferred_scope_or_ambiguity	online_gaming	https://slang.net/meaning/dire
Radiant	radiant	deferred_scope_or_ambiguity	online_gaming	https://slang.net/meaning/radiant
RAI	rai	deferred_scope_or_ambiguity	online_gaming	https://slang.net/meaning/rai
Degen	degen	deferred_scope_or_ambiguity	online_gaming	https://slang.net/meaning/degen
PS5	ps5	existing	online_gaming	https://slang.net/meaning/ps5
3TG	3tg	added	online_gaming	https://slang.net/meaning/3tg
FFXIV	ffxiv	deferred_scope_or_ambiguity	online_gaming	https://slang.net/meaning/ffxiv
Loot drop	loot drop	added	online_gaming	https://slang.net/meaning/loot_drop
WT	wt	deferred_scope_or_ambiguity	online_gaming,text_messaging	https://slang.net/meaning/wt
Brew	brew	deferred_scope_or_ambiguity	online_gaming	https://slang.net/meaning/brew
Comped	comped	deferred_scope_or_ambiguity	online_gaming	https://slang.net/meaning/comped
Boosted ape	boosted ape	deferred_scope_or_ambiguity	online_gaming	https://slang.net/meaning/boosted_ape
DDR	ddr	deferred_scope_or_ambiguity	online_gaming	https://slang.net/meaning/ddr
Sleep on	sleep on	deferred_scope_or_ambiguity	online_gaming	https://slang.net/meaning/sleep_on
MM	mm	deferred_scope_or_ambiguity	online_gaming,online_chat,text_messaging,social_media,email	https://slang.net/meaning/mm
NLHE	nlhe	deferred_scope_or_ambiguity	online_gaming	https://slang.net/meaning/nlhe
CS:GO	cs ? go	deferred_token_shape	online_gaming	https://slang.net/meaning/cs:go
FNF GF	fnf gf	deferred_scope_or_ambiguity	online_gaming	https://slang.net/meaning/fnf_gf
GBC	gbc	deferred_scope_or_ambiguity	online_gaming	https://slang.net/meaning/gbc
YLoD	ylod	deferred_scope_or_ambiguity	online_gaming	https://slang.net/meaning/ylod
TTS	tts	deferred_scope_or_ambiguity	online_gaming,social_media	https://slang.net/meaning/tts
Merk	merk	added	online_gaming	https://slang.net/meaning/merk
Stream sniping	stream sniping	added	online_gaming	https://slang.net/meaning/stream_sniping
Accs	accs	added	online_gaming	https://slang.net/meaning/accs
Angle shooting	angle shooting	deferred_scope_or_ambiguity	online_gaming	https://slang.net/meaning/angle_shooting
Soulslike	soulslike	deferred_scope_or_ambiguity	online_gaming	https://slang.net/meaning/soulslike
Metroidvania	metroidvania	deferred_scope_or_ambiguity	online_gaming	https://slang.net/meaning/metroidvania
Actual play	actual play	deferred_scope_or_ambiguity	online_gaming	https://slang.net/meaning/actual_play
Power leveling	power leveling	existing	online_gaming	https://slang.net/meaning/power_leveling
Whisper	whisper	existing	online_gaming,online_chat	https://slang.net/meaning/whisper
Rinsed	rinsed	added	online_gaming	https://slang.net/meaning/rinsed
mag	mag	existing	online_gaming	https://slang.net/meaning/mag
TPS	tps	inflected	online_gaming	https://slang.net/meaning/tps
BS	bs	deferred_scope_or_ambiguity	online_gaming,online_chat,text_messaging,web_forums,email	https://slang.net/meaning/bs
THAC0	thac0	deferred_scope_or_ambiguity	online_gaming	https://slang.net/meaning/thac0
ebarbs	ebarbs	deferred_scope_or_ambiguity	online_gaming	https://slang.net/meaning/ebarbs
Throwing	throwing	inflected	online_gaming	https://slang.net/meaning/throwing
Four-peat	four peat	deferred_scope_or_ambiguity	online_gaming	https://slang.net/meaning/four-peat
TOTK	totk	deferred_scope_or_ambiguity	online_gaming	https://slang.net/meaning/totk
std	std	deferred_scope_or_ambiguity	online_gaming,common	https://slang.net/meaning/std
Durdle	durdle	deferred_scope_or_ambiguity	online_gaming	https://slang.net/meaning/durdle
Velf	velf	deferred_scope_or_ambiguity	online_gaming	https://slang.net/meaning/velf
Pogging	pogging	added	online_gaming,web_forums,social_media	https://slang.net/meaning/pogging
NB	nb	existing	online_gaming,online_chat,text_messaging,social_media,email	https://slang.net/meaning/nb
GC	gc	deferred_scope_or_ambiguity	online_gaming,online_chat,text_messaging	https://slang.net/meaning/gc
MENA	mena	added	online_gaming	https://slang.net/meaning/mena
APAC	apac	deferred_scope_or_ambiguity	online_gaming,online_chat,text_messaging	https://slang.net/meaning/apac
HTFAISK	htfaisk	added	online_gaming,online_chat,text_messaging	https://slang.net/meaning/htfaisk
Big W	big with	added	online_gaming,online_chat,text_messaging	https://slang.net/meaning/big_w
Min-maxing	min maxing	inflected	online_gaming	https://slang.net/meaning/min-maxing
IC	ic	existing	online_gaming,online_chat,text_messaging,common,web_forums,social_media	https://slang.net/meaning/ic
YRG	yrg	added	online_gaming	https://slang.net/meaning/yrg
NKZ	nkz	deferred_scope_or_ambiguity	online_gaming	https://slang.net/meaning/nkz
BWL	bwl	added	online_gaming,online_chat,text_messaging	https://slang.net/meaning/bwl
TISNF	tisnf	added	online_gaming,online_chat,text_messaging,social_media	https://slang.net/meaning/tisnf
b/r	be ? are	deferred_token_shape	online_gaming,online_chat	https://slang.net/meaning/b/r
AYC	ayc	added	online_gaming,online_chat,text_messaging,social_media	https://slang.net/meaning/ayc
TANSTAAFL	tanstaafl	added	online_gaming,online_chat	https://slang.net/meaning/tanstaafl
MMOG	mmog	added	online_gaming	https://slang.net/meaning/mmog
GLHFTTYL	glhfttyl	added	online_gaming	https://slang.net/meaning/glhfttyl
GOW2	gow2	deferred_scope_or_ambiguity	online_gaming	https://slang.net/meaning/gow2
plox	please	existing	online_gaming,online_chat,text_messaging,email	https://slang.net/meaning/plox
WL	wl	deferred_scope_or_ambiguity	online_gaming,online_chat,text_messaging	https://slang.net/meaning/wl
YT	yt	deferred_scope_or_ambiguity	online_gaming,online_chat,text_messaging,common,social_media	https://slang.net/meaning/yt
PST	pst	existing	online_gaming	https://slang.net/meaning/pst
TWMA	twma	added	online_gaming	https://slang.net/meaning/twma
HOIC	hoic	added	online_gaming,text_messaging	https://slang.net/meaning/hoic
RWA	rwa	added	online_gaming,online_chat,text_messaging	https://slang.net/meaning/rwa
broom	broom	existing	online_gaming,online_chat	https://slang.net/meaning/broom
teh	teh	deferred_scope_or_ambiguity	online_gaming,online_chat	https://slang.net/meaning/teh
10m	10m	deferred_scope_or_ambiguity	online_gaming	https://slang.net/meaning/10m
mut	mut	deferred_scope_or_ambiguity	online_gaming	https://slang.net/meaning/mut
disc	disc	deferred_scope_or_ambiguity	online_gaming	https://slang.net/meaning/disc
RQ	rq	deferred_scope_or_ambiguity	online_gaming,online_chat,text_messaging	https://slang.net/meaning/rq
dlc	dlc	existing	online_gaming	https://slang.net/meaning/dlc
VPIP	vpip	deferred_scope_or_ambiguity	online_gaming	https://slang.net/meaning/vpip
WR	wr	added	online_gaming	https://slang.net/meaning/wr
NL	nl	deferred_scope_or_ambiguity	online_gaming,online_chat,text_messaging	https://slang.net/meaning/nl
HE	he	existing	online_gaming	https://slang.net/meaning/he
gibs	gibs	deferred_scope_or_ambiguity	online_gaming	https://slang.net/meaning/gibs
Toon	toon	existing	online_gaming	https://slang.net/meaning/toon
Shmup	shmup	deferred_scope_or_ambiguity	online_gaming	https://slang.net/meaning/shmup
Bunnies	bunnies	deferred_scope_or_ambiguity	online_gaming	https://slang.net/meaning/bunnies
Zoning	zoning	deferred_scope_or_ambiguity	online_gaming	https://slang.net/meaning/zoning
PTFO	ptfo	added	online_gaming	https://slang.net/meaning/ptfo
FS	fs	existing	online_gaming,online_chat,text_messaging,online_auctions	https://slang.net/meaning/fs
TPK	tpk	added	online_gaming	https://slang.net/meaning/tpk
GH	gh	existing	online_gaming	https://slang.net/meaning/gh
IAGTKOM	iagtkom	added	online_gaming,text_messaging	https://slang.net/meaning/iagtkom
NvN	nvn	deferred_scope_or_ambiguity	online_gaming	https://slang.net/meaning/nvn
Modding	modding	added	online_gaming	https://slang.net/meaning/modding
Buffbot	buffbot	added	online_gaming	https://slang.net/meaning/buffbot
Board control	board control	deferred_scope_or_ambiguity	online_gaming	https://slang.net/meaning/board_control
Card advantage	card advantage	deferred_scope_or_ambiguity	online_gaming	https://slang.net/meaning/card_advantage
Control deck	control deck	deferred_scope_or_ambiguity	online_gaming	https://slang.net/meaning/control_deck
Late game deck	late game deck	deferred_scope_or_ambiguity	online_gaming	https://slang.net/meaning/late_game_deck
Armadillo	armadillo	deferred_scope_or_ambiguity	online_gaming	https://slang.net/meaning/armadillo
FMV	fmv	deferred_scope_or_ambiguity	online_gaming	https://slang.net/meaning/fmv
Gamebling	gamebling	deferred_scope_or_ambiguity	online_gaming	https://slang.net/meaning/gamebling
Abandonware	abandonware	added	online_gaming	https://slang.net/meaning/abandonware
Casual	casual	existing	online_gaming	https://slang.net/meaning/casual
Clan	clan	existing	online_gaming	https://slang.net/meaning/clan
Spammer	spammer	deferred_scope_or_ambiguity	online_gaming	https://slang.net/meaning/spammer
NFE	nfe	deferred_scope_or_ambiguity	online_gaming	https://slang.net/meaning/nfe
SE	se	deferred_scope_or_ambiguity	online_gaming	https://slang.net/meaning/se
No-damage run	no damage run	added	online_gaming	https://slang.net/meaning/no-damage_run
Block damage	block damage	added	online_gaming	https://slang.net/meaning/block_damage
Burst	burst	existing	online_gaming	https://slang.net/meaning/burst
Initiating	initiating	inflected	online_gaming	https://slang.net/meaning/initiating
2TG	2tg	added	online_gaming	https://slang.net/meaning/2tg
w007	w007	added	online_gaming,online_chat	https://slang.net/meaning/w007
PogChamp	pogchamp	existing	online_gaming	https://slang.net/meaning/pogchamp
Murk	murk	added	online_gaming	https://slang.net/meaning/murk
Sub	sub	deferred_scope_or_ambiguity	online_gaming,web_forums,social_media	https://slang.net/meaning/sub
pred	pred	deferred_scope_or_ambiguity	online_gaming,online_chat,text_messaging	https://slang.net/meaning/pred
FFX	ffx	deferred_scope_or_ambiguity	online_gaming	https://slang.net/meaning/ffx
Strats	strats	existing	online_gaming	https://slang.net/meaning/strats
MSM	msm	deferred_scope_or_ambiguity	online_gaming	https://slang.net/meaning/msm
PvB	pvb	deferred_scope_or_ambiguity	online_gaming	https://slang.net/meaning/pvb
FaB	fab	deferred_scope_or_ambiguity	online_gaming,online_chat,text_messaging	https://slang.net/meaning/fab
Demake	demake	deferred_scope_or_ambiguity	online_gaming	https://slang.net/meaning/demake
TKL	tkl	deferred_scope_or_ambiguity	online_gaming	https://slang.net/meaning/tkl
Three-peat	three peat	deferred_scope_or_ambiguity	online_gaming	https://slang.net/meaning/three-peat
3peater	3peater	deferred_scope_or_ambiguity	online_gaming	https://slang.net/meaning/3peater
PeepoSad	peeposad	added	online_gaming	https://slang.net/meaning/peeposad
PeepoHappy	peepohappy	added	online_gaming	https://slang.net/meaning/peepohappy
Meta	meta	existing	online_gaming	https://slang.net/meaning/meta
emu	emu	deferred_scope_or_ambiguity	online_gaming	https://slang.net/meaning/emu
SFV	sfv	deferred_scope_or_ambiguity	online_gaming,web_forums,social_media	https://slang.net/meaning/sfv
MP	mp	existing	online_gaming,online_chat	https://slang.net/meaning/mp
VTuber	vtuber	added	online_gaming,social_media	https://slang.net/meaning/vtuber
NCO	nco	deferred_scope_or_ambiguity	online_gaming	https://slang.net/meaning/nco
BG3	bg3	deferred_scope_or_ambiguity	online_gaming	https://slang.net/meaning/bg3
Nelf	nelf	deferred_scope_or_ambiguity	online_gaming	https://slang.net/meaning/nelf
RTK	rtk	deferred_scope_or_ambiguity	online_gaming	https://slang.net/meaning/rtk
Crackling	crackling	deferred_scope_or_ambiguity	online_gaming	https://slang.net/meaning/crackling
PvPvE	pvpve	added	online_gaming	https://slang.net/meaning/pvpve
LATAM	latam	added	online_gaming,online_chat	https://slang.net/meaning/latam
Mini	mini	deferred_scope_or_ambiguity	online_gaming	https://slang.net/meaning/mini
HTFSIK	htfsik	added	online_gaming,online_chat,text_messaging	https://slang.net/meaning/htfsik
Newbie	newbie	existing	online_gaming,web_forums	https://slang.net/meaning/newbie
wtvr	wtvr	added	online_gaming,online_chat,text_messaging	https://slang.net/meaning/wtvr
ded	ded	added	online_gaming	https://slang.net/meaning/ded
GTFOOH	gtfooh	added	online_gaming,online_chat,text_messaging	https://slang.net/meaning/gtfooh
GL2U	gl2u	added	online_gaming	https://slang.net/meaning/gl2u
8TB	8tb	added	online_gaming,online_chat,text_messaging	https://slang.net/meaning/8tb
YS	ys	added	online_gaming,online_chat,text_messaging,email	https://slang.net/meaning/ys
KMB	kmb	added	online_gaming,online_chat,text_messaging	https://slang.net/meaning/kmb
2FB	2fb	added	online_gaming,online_chat	https://slang.net/meaning/2fb
FTK	ftk	deferred_scope_or_ambiguity	online_gaming	https://slang.net/meaning/ftk
G4I	g4i	added	online_gaming,online_chat,text_messaging	https://slang.net/meaning/g4i
Baller	baller	deferred_scope_or_ambiguity	online_gaming	https://slang.net/meaning/baller
VNH	vnh	deferred_scope_or_ambiguity	online_gaming	https://slang.net/meaning/vnh
SB	somebody	existing	online_gaming,online_chat,text_messaging	https://slang.net/meaning/sb
Thar	thar	deferred_scope_or_ambiguity	online_gaming,online_chat	https://slang.net/meaning/thar
hp5	hp5	deferred_scope_or_ambiguity	online_gaming	https://slang.net/meaning/hp5
Owned	owned	inflected	online_gaming,web_forums,social_media	https://slang.net/meaning/owned
WHU	whu	deferred_scope_or_ambiguity	online_gaming	https://slang.net/meaning/whu
BTYC	btyc	deferred_scope_or_ambiguity	online_gaming,online_chat,text_messaging	https://slang.net/meaning/btyc
WOD	wod	deferred_scope_or_ambiguity	online_gaming	https://slang.net/meaning/wod
AD&D	ad ? d	deferred_token_shape	online_gaming	https://slang.net/meaning/ad&d
CRPG	crpg	deferred_scope_or_ambiguity	online_gaming	https://slang.net/meaning/crpg
Ticking	ticking	deferred_scope_or_ambiguity	online_gaming	https://slang.net/meaning/ticking
Gamergate	gamergate	deferred_scope_or_ambiguity	online_gaming	https://slang.net/meaning/gamergate
Hack	hack	deferred_scope_or_ambiguity	online_gaming	https://slang.net/meaning/hack
Juking	juking	deferred_scope_or_ambiguity	online_gaming	https://slang.net/meaning/juking
Christmas noob	christmas noob	deferred_scope_or_ambiguity	online_gaming	https://slang.net/meaning/christmas_noob
PU	pu	deferred_scope_or_ambiguity	online_gaming,social_media	https://slang.net/meaning/pu
Bot mafia	bot mafia	deferred_scope_or_ambiguity	online_gaming	https://slang.net/meaning/bot_mafia
Freemium	freemium	added	online_gaming	https://slang.net/meaning/freemium
Removal	removal	existing	online_gaming	https://slang.net/meaning/removal
Looper	looper	deferred_scope_or_ambiguity	online_gaming	https://slang.net/meaning/looper
Cheesing	cheesing	deferred_scope_or_ambiguity	online_gaming	https://slang.net/meaning/cheesing
PeepoCheer	peepocheer	added	online_gaming	https://slang.net/meaning/peepocheer
Whale	whale	existing	online_gaming	https://slang.net/meaning/whale
Skill issue	skill issue	existing	online_gaming,web_forums,social_media	https://slang.net/meaning/skill_issue
HDYLMN	hdylmn	deferred_scope_or_ambiguity	online_gaming,online_chat,text_messaging	https://slang.net/meaning/hdylmn
GJP	gjp	added	online_gaming,online_chat,text_messaging	https://slang.net/meaning/gjp
LL	ll	deferred_scope_or_ambiguity	online_gaming,online_chat,web_forums	https://slang.net/meaning/ll
BOYDS	boyds	deferred_scope_or_ambiguity	online_gaming,online_chat	https://slang.net/meaning/boyds
OOYFM	ooyfm	added	online_gaming,online_chat	https://slang.net/meaning/ooyfm
FTEL	ftel	added	online_gaming	https://slang.net/meaning/ftel
HoT	hot	existing	online_gaming	https://slang.net/meaning/hot
arp	arp	added	online_gaming	https://slang.net/meaning/arp
GLE	gle	added	online_gaming	https://slang.net/meaning/gle
WTA	wta	deferred_scope_or_ambiguity	online_gaming	https://slang.net/meaning/wta
AAA	aaa	deferred_scope_or_ambiguity	online_gaming,web_forums	https://slang.net/meaning/aaa
MCJE	mcje	deferred_scope_or_ambiguity	online_gaming	https://slang.net/meaning/mcje
ABAM	abam	deferred_scope_or_ambiguity	online_gaming	https://slang.net/meaning/abam
SMT	smt	deferred_scope_or_ambiguity	online_gaming,online_chat,text_messaging,web_forums,social_media	https://slang.net/meaning/smt
BOL	bol	added	online_gaming,online_chat	https://slang.net/meaning/bol
DYFI	dyfi	added	online_gaming,online_chat,text_messaging	https://slang.net/meaning/dyfi
d/l	d ? l	deferred_token_shape	online_gaming,email	https://slang.net/meaning/d/l
OMGN	omgn	added	online_gaming	https://slang.net/meaning/omgn
WG	wg	deferred_scope_or_ambiguity	online_gaming	https://slang.net/meaning/wg
SH	sh	added	online_gaming,online_chat,text_messaging	https://slang.net/meaning/sh
dom	dom	existing	online_gaming,online_chat,text_messaging	https://slang.net/meaning/dom
Drop	drop	existing	online_gaming	https://slang.net/meaning/drop
Ill eagle	ill eagle	deferred_scope_or_ambiguity	online_gaming	https://slang.net/meaning/ill_eagle
FT	ft	deferred_scope_or_ambiguity	online_gaming,text_messaging,common,web_forums,email	https://slang.net/meaning/ft
Slimed	slimed	deferred_scope_or_ambiguity	online_gaming	https://slang.net/meaning/slimed
OMFGYASB	omfgyasb	deferred_scope_or_ambiguity	online_gaming,online_chat,text_messaging	https://slang.net/meaning/omfgyasb
PUG	pug	existing	online_gaming	https://slang.net/meaning/pug
SFTIF2LOLBLIMH	sftif2lolblimh	deferred_scope_or_ambiguity	online_gaming	https://slang.net/meaning/sftif2lolblimh
STFU	stfu	existing	online_gaming,online_chat,text_messaging,email	https://slang.net/meaning/stfu
DF	df	deferred_scope_or_ambiguity	online_gaming,web_forums,social_media	https://slang.net/meaning/df
BBC	bbc	deferred_scope_or_ambiguity	online_gaming,common	https://slang.net/meaning/bbc
FH	fh	deferred_scope_or_ambiguity	online_gaming,online_chat,text_messaging,web_forums,social_media	https://slang.net/meaning/fh
CNRHKYITF	cnrhkyitf	deferred_scope_or_ambiguity	online_gaming,online_chat,text_messaging,social_media	https://slang.net/meaning/cnrhkyitf
BLOPS	blops	deferred_scope_or_ambiguity	online_gaming	https://slang.net/meaning/blops
SMTW	smtw	deferred_scope_or_ambiguity	online_gaming	https://slang.net/meaning/smtw
Haxor	haxor	added	online_gaming,online_chat	https://slang.net/meaning/haxor
Twinking	twinking	deferred_scope_or_ambiguity	online_gaming	https://slang.net/meaning/twinking
Tank	tank	existing	online_gaming	https://slang.net/meaning/tank
LOM	lom	existing	online_gaming	https://slang.net/meaning/lom
mp5	mp5	deferred_scope_or_ambiguity	online_gaming	https://slang.net/meaning/mp5
AFC	afc	added	online_gaming,online_chat	https://slang.net/meaning/afc
deeps	deeps	added	online_gaming	https://slang.net/meaning/deeps
OMD	omd	added	online_gaming,online_chat,text_messaging	https://slang.net/meaning/omd
YF	yf	added	online_gaming	https://slang.net/meaning/yf
AE	ae	deferred_scope_or_ambiguity	online_gaming	https://slang.net/meaning/ae
Disruptor	disruptor	deferred_scope_or_ambiguity	online_gaming	https://slang.net/meaning/disruptor
Vent	vent	deferred_scope_or_ambiguity	online_gaming	https://slang.net/meaning/vent
Smurf	smurf	existing	online_gaming,social_media	https://slang.net/meaning/smurf
Dunking	dunking	deferred_scope_or_ambiguity	online_gaming	https://slang.net/meaning/dunking
BP	bp	deferred_scope_or_ambiguity	online_gaming	https://slang.net/meaning/bp
aspd	aspd	added	online_gaming	https://slang.net/meaning/aspd
GTG	gtg	existing	online_gaming,online_chat,text_messaging,common	https://slang.net/meaning/gtg
FFF	fff	deferred_scope_or_ambiguity	online_gaming,online_chat,web_forums	https://slang.net/meaning/fff
CTM	ctm	deferred_scope_or_ambiguity	online_gaming,online_chat,text_messaging	https://slang.net/meaning/ctm
Gyat	gyat	deferred_scope_or_ambiguity	online_gaming,online_chat,text_messaging,social_media	https://slang.net/meaning/gyat
Budder	budder	deferred_scope_or_ambiguity	online_gaming	https://slang.net/meaning/budder
Jerry	jerry	deferred_scope_or_ambiguity	online_gaming	https://slang.net/meaning/jerry
ADAM	adam	deferred_scope_or_ambiguity	online_gaming	https://slang.net/meaning/adam
Endie	endie	deferred_scope_or_ambiguity	online_gaming	https://slang.net/meaning/endie
Jaffas	jaffas	deferred_scope_or_ambiguity	online_gaming	https://slang.net/meaning/jaffas
XD	xd	existing	online_chat,text_messaging	https://slang.net/meaning/xd
143444	?	deferred_token_shape	online_chat,text_messaging	https://slang.net/meaning/143444
XX	xx	deferred_scope_or_ambiguity	online_chat,text_messaging,email	https://slang.net/meaning/xx
BTW	btw	existing	online_chat,text_messaging,common,web_forums,social_media,email	https://slang.net/meaning/btw
BRB	brb	existing	online_chat,text_messaging,common	https://slang.net/meaning/brb
thx	thx	existing	online_chat,text_messaging,common,email	https://slang.net/meaning/thx
SMH	smh	existing	online_chat,text_messaging,common,web_forums,social_media	https://slang.net/meaning/smh
24/7	? ? ?	deferred_token_shape	online_chat,text_messaging,common,email	https://slang.net/meaning/24/7
831	?	deferred_token_shape	online_chat,text_messaging	https://slang.net/meaning/831
143	?	deferred_token_shape	online_chat,text_messaging,social_media,email	https://slang.net/meaning/143
IKR	ikr	existing	online_chat,text_messaging,common,social_media	https://slang.net/meaning/ikr
b/f	be ? f	deferred_token_shape	online_chat,text_messaging	https://slang.net/meaning/b/f
TTYT	ttyt	added	online_chat,text_messaging,email	https://slang.net/meaning/ttyt
gn	gn	existing	online_chat,text_messaging	https://slang.net/meaning/gn
XDD	xdd	existing	online_chat,text_messaging,common	https://slang.net/meaning/xdd
FML	fml	existing	online_chat,text_messaging,social_media,email	https://slang.net/meaning/fml
TTTT	tttt	deferred_scope_or_ambiguity	online_chat,text_messaging,web_forums,social_media	https://slang.net/meaning/tttt
xbf	xbf	deferred_scope_or_ambiguity	online_chat,text_messaging,web_forums,social_media	https://slang.net/meaning/xbf
TLDR	tldr	added	online_chat,web_forums,social_media,email	https://slang.net/meaning/tldr
2	?	deferred_token_shape	online_chat,text_messaging,common,social_media,email	https://slang.net/meaning/2
muah	muah	deferred_scope_or_ambiguity	online_chat,text_messaging,email	https://slang.net/meaning/muah
sec	sec	existing	online_chat,text_messaging,common	https://slang.net/meaning/sec
pls	please	existing	online_chat,text_messaging,common,social_media,email	https://slang.net/meaning/pls
msg	message	existing	online_chat,text_messaging,common,email	https://slang.net/meaning/msg
1432	?	deferred_token_shape	online_chat,text_messaging	https://slang.net/meaning/1432
bcz	bcz	deferred_scope_or_ambiguity	online_chat,text_messaging	https://slang.net/meaning/bcz
IMO	imo	existing	online_chat,text_messaging,common,web_forums,social_media	https://slang.net/meaning/imo
plz	please	existing	online_chat,text_messaging	https://slang.net/meaning/plz
bsf	bsf	added	online_chat,text_messaging,social_media	https://slang.net/meaning/bsf
HRU	hru	existing	online_chat,text_messaging,social_media	https://slang.net/meaning/hru
nvm	nvm	existing	online_chat,text_messaging,social_media,email	https://slang.net/meaning/nvm
LMFAO	lmfao	existing	online_chat,text_messaging,social_media	https://slang.net/meaning/lmfao
sup	sup	existing	online_chat,text_messaging,common	https://slang.net/meaning/sup
haha	haha	existing	online_chat,text_messaging,common,email	https://slang.net/meaning/haha
u	you	existing	online_chat,text_messaging,common,email	https://slang.net/meaning/u
WTH	wth	existing	online_chat,text_messaging	https://slang.net/meaning/wth
ROFL	rofl	existing	online_chat,text_messaging,common	https://slang.net/meaning/rofl
r	are	deferred_scope_or_ambiguity	online_chat,text_messaging,email	https://slang.net/meaning/r
TBH	tbh	existing	online_chat,web_forums,social_media	https://slang.net/meaning/tbh
Hottie	hottie	deferred_scope_or_ambiguity	online_chat,text_messaging	https://slang.net/meaning/hottie
b4	before	deferred_scope_or_ambiguity	online_chat,text_messaging,common	https://slang.net/meaning/b4
IDC	idc	existing	online_chat,text_messaging	https://slang.net/meaning/idc
bbg	bbg	deferred_scope_or_ambiguity	online_chat,text_messaging,social_media	https://slang.net/meaning/bbg
GTK	gtk	added	online_chat,text_messaging	https://slang.net/meaning/gtk
Igh	igh	added	online_chat,text_messaging,social_media	https://slang.net/meaning/igh
imma	imma	deferred_scope_or_ambiguity	online_chat,text_messaging	https://slang.net/meaning/imma
YOLO	yolo	added	online_chat,common,social_media	https://slang.net/meaning/yolo
Fr	fr	deferred_scope_or_ambiguity	online_chat,text_messaging,social_media,email	https://slang.net/meaning/fr
RN	right now	existing	online_chat,text_messaging	https://slang.net/meaning/rn
J/K	j ? ok	deferred_token_shape	online_chat,text_messaging,common	https://slang.net/meaning/j/k
14643	?	deferred_token_shape	online_chat,text_messaging,social_media	https://slang.net/meaning/14643
411	?	deferred_token_shape	online_chat,text_messaging,common,email	https://slang.net/meaning/411
H&K	h ? ok	deferred_token_shape	online_chat,text_messaging,social_media,email	https://slang.net/meaning/h&k
TGIF	tgif	added	online_chat,text_messaging	https://slang.net/meaning/tgif
WDYM	wdym	existing	online_chat,text_messaging	https://slang.net/meaning/wdym
459	?	deferred_token_shape	online_chat,text_messaging,email	https://slang.net/meaning/459
ROFLMAO	roflmao	existing	online_chat,text_messaging	https://slang.net/meaning/roflmao
IDEK	idek	existing	online_chat,text_messaging,social_media,email	https://slang.net/meaning/idek
Rickroll	rickroll	deferred_scope_or_ambiguity	online_chat	https://slang.net/meaning/rickroll
AKA	aka	added	online_chat,common,email	https://slang.net/meaning/aka
TBC	tbc	deferred_scope_or_ambiguity	online_chat,text_messaging,common	https://slang.net/meaning/tbc
ASL	asl	deferred_scope_or_ambiguity	online_chat,text_messaging,common,social_media	https://slang.net/meaning/asl
feels	feels	inflected	online_chat,text_messaging,social_media	https://slang.net/meaning/feels
IDFC	idfc	added	online_chat,text_messaging	https://slang.net/meaning/idfc
LMIRL	lmirl	added	online_chat,text_messaging,social_media	https://slang.net/meaning/lmirl
min	min	existing	online_chat,text_messaging	https://slang.net/meaning/min
sorta	sorta	deferred_scope_or_ambiguity	online_chat,text_messaging	https://slang.net/meaning/sorta
FOMO	fomo	added	online_chat,text_messaging,common,web_forums,social_media	https://slang.net/meaning/fomo
mhm	mhm	added	online_chat,text_messaging	https://slang.net/meaning/mhm
FWB	fwb	deferred_scope_or_ambiguity	online_chat,text_messaging	https://slang.net/meaning/fwb
asf	asf	deferred_scope_or_ambiguity	online_chat,text_messaging	https://slang.net/meaning/asf
FU	fu	deferred_scope_or_ambiguity	online_chat,text_messaging	https://slang.net/meaning/fu
mins	mins	inflected	online_chat,text_messaging,email	https://slang.net/meaning/mins
HAG1	hag1	added	online_chat,text_messaging	https://slang.net/meaning/hag1
Kinda	kinda	existing	online_chat,text_messaging	https://slang.net/meaning/kinda
luv	luv	added	online_chat,text_messaging	https://slang.net/meaning/luv
bday	bday	added	online_chat,text_messaging,common,social_media	https://slang.net/meaning/bday
TYSM	tysm	existing	online_chat,text_messaging	https://slang.net/meaning/tysm
LMAO	lmao	existing	online_chat,text_messaging,common,social_media	https://slang.net/meaning/lmao
MIA	mia	deferred_scope_or_ambiguity	online_chat,text_messaging,social_media,email	https://slang.net/meaning/mia
LOLOL	lolol	added	online_chat,text_messaging,social_media	https://slang.net/meaning/lolol
NOYB	noyb	added	online_chat,text_messaging,social_media	https://slang.net/meaning/noyb
cuz	because	deferred_scope_or_ambiguity	online_chat,text_messaging,email	https://slang.net/meaning/cuz
Sry	sorry	existing	online_chat,text_messaging,common	https://slang.net/meaning/sry
THOT	thot	deferred_scope_or_ambiguity	online_chat,text_messaging	https://slang.net/meaning/thot
mwa	mwa	deferred_scope_or_ambiguity	online_chat,text_messaging	https://slang.net/meaning/mwa
IMU	imu	deferred_scope_or_ambiguity	online_chat,text_messaging,social_media,email	https://slang.net/meaning/imu
meh	meh	existing	online_chat,text_messaging	https://slang.net/meaning/meh
Booze	booze	deferred_scope_or_ambiguity	online_chat,common	https://slang.net/meaning/booze
OG	og	deferred_scope_or_ambiguity	online_chat,social_media	https://slang.net/meaning/og
GOAT	goat	existing	online_chat,web_forums	https://slang.net/meaning/goat
b-day	be day	deferred_scope_or_ambiguity	online_chat,text_messaging,email	https://slang.net/meaning/b-day
IDFWU	idfwu	deferred_scope_or_ambiguity	online_chat,text_messaging	https://slang.net/meaning/idfwu
MYOB	myob	added	online_chat,text_messaging,common	https://slang.net/meaning/myob
HBY	hby	added	online_chat,text_messaging	https://slang.net/meaning/hby
BAE	bae	deferred_scope_or_ambiguity	online_chat,text_messaging,common	https://slang.net/meaning/bae
Bet	bet	existing	online_chat,text_messaging,social_media	https://slang.net/meaning/bet
c	c	deferred_scope_or_ambiguity	online_chat,text_messaging,email	https://slang.net/meaning/c
addy	addy	added	online_chat,text_messaging,email	https://slang.net/meaning/addy
BTDT	btdt	added	online_chat,text_messaging	https://slang.net/meaning/btdt
LYL	lyl	deferred_scope_or_ambiguity	online_chat,text_messaging,social_media	https://slang.net/meaning/lyl
NM	nm	deferred_scope_or_ambiguity	online_chat,text_messaging,common,email	https://slang.net/meaning/nm
X	x	deferred_scope_or_ambiguity	online_chat,text_messaging,email	https://slang.net/meaning/x
NGL	ngl	existing	online_chat,social_media	https://slang.net/meaning/ngl
LMK	lmk	existing	online_chat,text_messaging,common,email	https://slang.net/meaning/lmk
WRU	wru	existing	online_chat,text_messaging	https://slang.net/meaning/wru
SD	sd	deferred_scope_or_ambiguity	online_chat,text_messaging,social_media	https://slang.net/meaning/sd
YRP	yrp	deferred_scope_or_ambiguity	online_chat,text_messaging	https://slang.net/meaning/yrp
2day	today	existing	online_chat,text_messaging,email	https://slang.net/meaning/2day
IMY	imy	deferred_scope_or_ambiguity	online_chat,text_messaging,social_media,email	https://slang.net/meaning/imy
hehe	hehe	existing	online_chat,text_messaging,email	https://slang.net/meaning/hehe
mwah	mwah	deferred_scope_or_ambiguity	online_chat,text_messaging	https://slang.net/meaning/mwah
FOH	foh	added	online_chat,text_messaging,social_media	https://slang.net/meaning/foh
d	d	deferred_scope_or_ambiguity	online_chat,text_messaging,social_media	https://slang.net/meaning/d
b/c	be ? c	deferred_token_shape	online_chat,text_messaging,email	https://slang.net/meaning/b/c
cya	cya	existing	online_chat,text_messaging,common,social_media	https://slang.net/meaning/cya
FWIW	fwiw	existing	online_chat,text_messaging,common,email	https://slang.net/meaning/fwiw
L8	l8	deferred_scope_or_ambiguity	online_chat,text_messaging,common,social_media	https://slang.net/meaning/l8
XO	xo	deferred_scope_or_ambiguity	online_chat,text_messaging,social_media,email	https://slang.net/meaning/xo
IMHO	imho	existing	online_chat,text_messaging,web_forums,social_media	https://slang.net/meaning/imho
SOL	sol	added	online_chat,text_messaging	https://slang.net/meaning/sol
IDGAF	idgaf	existing	online_chat,text_messaging,social_media	https://slang.net/meaning/idgaf
Fetch	fetch	existing	online_chat,social_media	https://slang.net/meaning/fetch
IMD	imd	deferred_scope_or_ambiguity	online_chat,text_messaging,social_media	https://slang.net/meaning/imd
yup	yes	existing	online_chat,text_messaging	https://slang.net/meaning/yup
tn	tn	deferred_scope_or_ambiguity	online_chat,text_messaging	https://slang.net/meaning/tn
acc	acc	deferred_scope_or_ambiguity	online_chat,text_messaging	https://slang.net/meaning/acc
FTF	ftf	deferred_scope_or_ambiguity	online_chat,text_messaging,email	https://slang.net/meaning/ftf
2H2H	2h2h	deferred_scope_or_ambiguity	online_chat,text_messaging,social_media,email	https://slang.net/meaning/2h2h
CMIIW	cmiiw	added	online_chat,web_forums,social_media	https://slang.net/meaning/cmiiw
MMB	mmb	added	online_chat,text_messaging,common	https://slang.net/meaning/mmb
A/S/L	a ? s ? l	deferred_token_shape	online_chat	https://slang.net/meaning/a/s/l
da	da	deferred_scope_or_ambiguity	online_chat,text_messaging,web_forums,social_media	https://slang.net/meaning/da
OMFG	omfg	existing	online_chat,text_messaging	https://slang.net/meaning/omfg
PM	pm	existing	online_chat,text_messaging,common,web_forums,social_media,email	https://slang.net/meaning/pm
hw	hw	deferred_scope_or_ambiguity	online_chat,text_messaging,common,web_forums,email	https://slang.net/meaning/hw
rly	really	existing	online_chat,text_messaging,social_media,email	https://slang.net/meaning/rly
mkay	mkay	added	online_chat,text_messaging	https://slang.net/meaning/mkay
yrs	yrs	deferred_scope_or_ambiguity	online_chat,text_messaging	https://slang.net/meaning/yrs
NFW	nfw	added	online_chat,text_messaging	https://slang.net/meaning/nfw
mgmt	mgmt	added	online_chat,text_messaging,email	https://slang.net/meaning/mgmt
Rawr	rawr	deferred_scope_or_ambiguity	online_chat,text_messaging	https://slang.net/meaning/rawr
LU	lu	added	online_chat,text_messaging,email	https://slang.net/meaning/lu
ya	you	existing	online_chat,text_messaging,web_forums,social_media	https://slang.net/meaning/ya
yeap	yeap	deferred_scope_or_ambiguity	online_chat,text_messaging	https://slang.net/meaning/yeap
tnx	tnx	existing	online_chat,text_messaging	https://slang.net/meaning/tnx
YMMV	ymmv	added	online_chat,web_forums,social_media	https://slang.net/meaning/ymmv
3sum	3sum	deferred_scope_or_ambiguity	online_chat,text_messaging	https://slang.net/meaning/3sum
aight	aight	existing	online_chat,text_messaging	https://slang.net/meaning/aight
dunno	dunno	existing	online_chat,text_messaging	https://slang.net/meaning/dunno
Cmon	cmon	added	online_chat,text_messaging	https://slang.net/meaning/cmon
ima	ima	deferred_scope_or_ambiguity	online_chat,text_messaging,web_forums	https://slang.net/meaning/ima
WFH	wfh	added	online_chat,text_messaging	https://slang.net/meaning/wfh
BFD	bfd	added	online_chat,text_messaging,social_media,email	https://slang.net/meaning/bfd
WDUW	wduw	added	online_chat,text_messaging	https://slang.net/meaning/wduw
4U	4u	added	online_chat,text_messaging	https://slang.net/meaning/4u
PITA	pita	deferred_scope_or_ambiguity	online_chat,text_messaging,email	https://slang.net/meaning/pita
UR	your	existing	online_chat,text_messaging,common,email	https://slang.net/meaning/ur
uraqt	uraqt	deferred_scope_or_ambiguity	online_chat,text_messaging	https://slang.net/meaning/uraqt
TWIS	twis	added	online_chat,text_messaging,email	https://slang.net/meaning/twis
GTR	gtr	added	online_chat,text_messaging	https://slang.net/meaning/gtr
458	?	deferred_token_shape	online_chat,text_messaging	https://slang.net/meaning/458
lolz	lolz	added	online_chat,text_messaging,social_media,email	https://slang.net/meaning/lolz
ATW	atw	added	online_chat,text_messaging,social_media	https://slang.net/meaning/atw
BW	bw	deferred_scope_or_ambiguity	online_chat,text_messaging,social_media,email	https://slang.net/meaning/bw
DQMOT	dqmot	added	online_chat,text_messaging,email	https://slang.net/meaning/dqmot
cz	cz	deferred_scope_or_ambiguity	online_chat,text_messaging,email	https://slang.net/meaning/cz
Bai	bai	added	online_chat,text_messaging	https://slang.net/meaning/bai
tmrw	tomorrow	existing	online_chat,text_messaging	https://slang.net/meaning/tmrw
Airhead	airhead	deferred_scope_or_ambiguity	online_chat	https://slang.net/meaning/airhead
Thirsty	thirsty	existing	online_chat,text_messaging	https://slang.net/meaning/thirsty
HUMM	humm	deferred_scope_or_ambiguity	online_chat,social_media	https://slang.net/meaning/humm
xan	xan	deferred_scope_or_ambiguity	online_chat,text_messaging	https://slang.net/meaning/xan
AFAIK	afaik	existing	online_chat,text_messaging,common	https://slang.net/meaning/afaik
TC	tc	existing	online_chat,text_messaging,common,social_media	https://slang.net/meaning/tc
BH	bh	deferred_scope_or_ambiguity	online_chat,text_messaging	https://slang.net/meaning/bh
JS	js	added	online_chat,text_messaging,email	https://slang.net/meaning/js
ILY	ily	existing	online_chat,text_messaging,email	https://slang.net/meaning/ily
LYSM	lysm	added	online_chat,text_messaging,social_media,email	https://slang.net/meaning/lysm
AYK	ayk	added	online_chat,text_messaging,email	https://slang.net/meaning/ayk
NBSP	nbsp	added	online_chat,text_messaging,web_forums	https://slang.net/meaning/nbsp
DTF	dtf	deferred_scope_or_ambiguity	online_chat,text_messaging	https://slang.net/meaning/dtf
Gotcha	gotcha	existing	online_chat,common	https://slang.net/meaning/gotcha
xgf	xgf	deferred_scope_or_ambiguity	online_chat,text_messaging,web_forums,social_media	https://slang.net/meaning/xgf
yep	yes	existing	online_chat,text_messaging	https://slang.net/meaning/yep
kms	kms	deferred_scope_or_ambiguity	online_chat,text_messaging	https://slang.net/meaning/kms
HIFW	hifw	deferred_scope_or_ambiguity	online_chat,text_messaging,social_media	https://slang.net/meaning/hifw
NW	nw	deferred_scope_or_ambiguity	online_chat,text_messaging,social_media	https://slang.net/meaning/nw
BION	bion	added	online_chat,text_messaging,web_forums,social_media	https://slang.net/meaning/bion
DW	dw	existing	online_chat,text_messaging,web_forums,email	https://slang.net/meaning/dw
TAY	tay	deferred_scope_or_ambiguity	online_chat,text_messaging,social_media,email	https://slang.net/meaning/tay
TTYS	ttys	existing	online_chat,text_messaging,social_media	https://slang.net/meaning/ttys
BBW	bbw	deferred_scope_or_ambiguity	online_chat,text_messaging,social_media	https://slang.net/meaning/bbw
ILU	ilu	deferred_scope_or_ambiguity	online_chat,text_messaging	https://slang.net/meaning/ilu
srsly	seriously	existing	online_chat,text_messaging,email	https://slang.net/meaning/srsly
LLOL	llol	added	online_chat,text_messaging	https://slang.net/meaning/llol
YGM	ygm	deferred_scope_or_ambiguity	online_chat,text_messaging,email	https://slang.net/meaning/ygm
WDYT	wdyt	added	online_chat,text_messaging,web_forums,social_media,email	https://slang.net/meaning/wdyt
IAB	iab	added	online_chat,text_messaging	https://slang.net/meaning/iab
WAYD	wayd	added	online_chat,text_messaging	https://slang.net/meaning/wayd
LYLC	lylc	deferred_scope_or_ambiguity	online_chat,text_messaging,email	https://slang.net/meaning/lylc
HIG	hig	added	online_chat,text_messaging	https://slang.net/meaning/hig
K3U	k3u	deferred_scope_or_ambiguity	online_chat,text_messaging	https://slang.net/meaning/k3u
WYA	wya	existing	online_chat,text_messaging	https://slang.net/meaning/wya
Tune up	tune up	deferred_scope_or_ambiguity	online_chat,text_messaging,web_forums,social_media	https://slang.net/meaning/tune_up
BFFR	bffr	added	online_chat,text_messaging,social_media	https://slang.net/meaning/bffr
4L	4l	deferred_scope_or_ambiguity	online_chat,text_messaging,social_media	https://slang.net/meaning/4l
BBS	bbs	existing	online_chat,common,web_forums	https://slang.net/meaning/bbs
u-ok	you ok	deferred_scope_or_ambiguity	online_chat,text_messaging	https://slang.net/meaning/u-ok
PLMK	plmk	added	online_chat,text_messaging,email	https://slang.net/meaning/plmk
YSW	ysw	added	online_chat,text_messaging,email	https://slang.net/meaning/ysw
BFFL	bffl	added	online_chat,text_messaging,social_media	https://slang.net/meaning/bffl
lv	lv	deferred_scope_or_ambiguity	online_chat,text_messaging	https://slang.net/meaning/lv
wuu2	wuu2	added	online_chat,text_messaging	https://slang.net/meaning/wuu2
AAF	aaf	deferred_scope_or_ambiguity	online_chat,text_messaging	https://slang.net/meaning/aaf
CTN	ctn	added	online_chat,text_messaging,common	https://slang.net/meaning/ctn
JJ	jj	added	online_chat,text_messaging	https://slang.net/meaning/jj
TTL	ttl	deferred_scope_or_ambiguity	online_chat,text_messaging,email	https://slang.net/meaning/ttl
nvr	nvr	deferred_scope_or_ambiguity	online_chat,text_messaging,email	https://slang.net/meaning/nvr
A3	a3	deferred_scope_or_ambiguity	online_chat,text_messaging	https://slang.net/meaning/a3
g/f	g ? f	deferred_token_shape	online_chat,text_messaging	https://slang.net/meaning/g/f
RUS	rus	added	online_chat,text_messaging	https://slang.net/meaning/rus
STFD	stfd	deferred_scope_or_ambiguity	online_chat,text_messaging,web_forums	https://slang.net/meaning/stfd
Wub	wub	deferred_scope_or_ambiguity	online_chat,text_messaging	https://slang.net/meaning/wub
Cray	cray	added	online_chat,text_messaging,social_media	https://slang.net/meaning/cray
A2D	a2d	added	online_chat,text_messaging	https://slang.net/meaning/a2d
PMKI	pmki	deferred_scope_or_ambiguity	online_chat,text_messaging,social_media	https://slang.net/meaning/pmki
CTC	ctc	deferred_scope_or_ambiguity	online_chat,text_messaging	https://slang.net/meaning/ctc
hr	hr	existing	online_chat,text_messaging	https://slang.net/meaning/hr
DTP	dtp	deferred_scope_or_ambiguity	online_chat,text_messaging	https://slang.net/meaning/dtp
DAF	daf	deferred_scope_or_ambiguity	online_chat,text_messaging	https://slang.net/meaning/daf
Keyboard warrior	keyboard warrior	added	online_chat,social_media	https://slang.net/meaning/keyboard_warrior
Xanny	xanny	deferred_scope_or_ambiguity	online_chat,text_messaging	https://slang.net/meaning/xanny
CU	cu	existing	online_chat,text_messaging,web_forums	https://slang.net/meaning/cu
me2	me2	added	online_chat,text_messaging	https://slang.net/meaning/me2
TTFN	ttfn	existing	online_chat,text_messaging,common,email	https://slang.net/meaning/ttfn
GP	gp	deferred_scope_or_ambiguity	online_chat	https://slang.net/meaning/gp
JP	jp	deferred_scope_or_ambiguity	online_chat,text_messaging	https://slang.net/meaning/jp
WTHDTM	wthdtm	added	online_chat,text_messaging	https://slang.net/meaning/wthdtm
NTY	nty	added	online_chat,text_messaging	https://slang.net/meaning/nty
Kewl	kewl	added	online_chat,text_messaging	https://slang.net/meaning/kewl
TTY	tty	deferred_scope_or_ambiguity	online_chat,text_messaging,social_media,email	https://slang.net/meaning/tty
ITILY	itily	deferred_scope_or_ambiguity	online_chat,text_messaging	https://slang.net/meaning/itily
IWALU	iwalu	deferred_scope_or_ambiguity	online_chat,text_messaging,email	https://slang.net/meaning/iwalu
AYFR	ayfr	added	online_chat,text_messaging,email	https://slang.net/meaning/ayfr
AJ	aj	deferred_scope_or_ambiguity	online_chat,text_messaging	https://slang.net/meaning/aj
yo	yo	existing	online_chat,text_messaging	https://slang.net/meaning/yo
Digits	digits	deferred_scope_or_ambiguity	online_chat	https://slang.net/meaning/digits
CYM	cym	added	online_chat,text_messaging,social_media,email	https://slang.net/meaning/cym
Secks	secks	deferred_scope_or_ambiguity	online_chat,text_messaging,web_forums,social_media	https://slang.net/meaning/secks
ASLP	aslp	deferred_scope_or_ambiguity	online_chat,social_media,email	https://slang.net/meaning/aslp
CYL	cyl	added	online_chat,text_messaging,social_media	https://slang.net/meaning/cyl
IOW	iow	added	online_chat,text_messaging,web_forums	https://slang.net/meaning/iow
TYT	tyt	existing	online_chat,text_messaging	https://slang.net/meaning/tyt
WTG	wtg	existing	online_chat,text_messaging,social_media	https://slang.net/meaning/wtg
WU	wu	added	online_chat,text_messaging	https://slang.net/meaning/wu
ITYS	itys	added	online_chat,text_messaging,social_media,email	https://slang.net/meaning/itys
LOI	loi	added	online_chat,text_messaging	https://slang.net/meaning/loi
*$	?	deferred_token_shape	online_chat,text_messaging	https://slang.net/meaning/*$
303	?	deferred_token_shape	online_chat,text_messaging	https://slang.net/meaning/303
121	?	deferred_token_shape	online_chat	https://slang.net/meaning/121
d8	d8	deferred_scope_or_ambiguity	online_chat,text_messaging,email	https://slang.net/meaning/d8
IHY	ihy	deferred_scope_or_ambiguity	online_chat,text_messaging,social_media,email	https://slang.net/meaning/ihy
prvt	prvt	deferred_scope_or_ambiguity	online_chat,text_messaging	https://slang.net/meaning/prvt
ROLF	rolf	added	online_chat,text_messaging	https://slang.net/meaning/rolf
TBF	tbf	deferred_scope_or_ambiguity	online_chat,text_messaging,web_forums,email	https://slang.net/meaning/tbf
NJ	nj	existing	online_chat,text_messaging	https://slang.net/meaning/nj
J/W	j ? with	deferred_token_shape	online_chat,text_messaging,email	https://slang.net/meaning/j/w
lk	lk	deferred_scope_or_ambiguity	online_chat,text_messaging,social_media	https://slang.net/meaning/lk
POTUS	potus	deferred_scope_or_ambiguity	online_chat,web_forums,social_media	https://slang.net/meaning/potus
WBY	wby	added	online_chat,text_messaging	https://slang.net/meaning/wby
yh	yh	deferred_scope_or_ambiguity	online_chat,text_messaging	https://slang.net/meaning/yh
xans	xans	deferred_scope_or_ambiguity	online_chat,text_messaging	https://slang.net/meaning/xans
Say less	say less	added	online_chat,text_messaging,social_media	https://slang.net/meaning/say_less
BFFM	bffm	deferred_scope_or_ambiguity	online_chat,text_messaging	https://slang.net/meaning/bffm
CUL	cul	existing	online_chat,text_messaging	https://slang.net/meaning/cul
J/P	j ? p	deferred_token_shape	online_chat,text_messaging	https://slang.net/meaning/j/p
KB	kb	deferred_scope_or_ambiguity	online_chat,text_messaging	https://slang.net/meaning/kb
b	be	existing	online_chat,text_messaging,email	https://slang.net/meaning/b
HB	hb	deferred_scope_or_ambiguity	online_chat,text_messaging,social_media	https://slang.net/meaning/hb
WYWH	wywh	added	online_chat,text_messaging,web_forums,social_media	https://slang.net/meaning/wywh
TOU	tou	deferred_scope_or_ambiguity	online_chat,text_messaging,email	https://slang.net/meaning/tou
grl	grl	deferred_scope_or_ambiguity	online_chat,text_messaging	https://slang.net/meaning/grl
T2U	t2u	deferred_scope_or_ambiguity	online_chat,text_messaging	https://slang.net/meaning/t2u
cul8r	cul8r	existing	online_chat,text_messaging	https://slang.net/meaning/cul8r
HU	hu	deferred_scope_or_ambiguity	online_chat,text_messaging,email	https://slang.net/meaning/hu
wat	wat	deferred_scope_or_ambiguity	online_chat,text_messaging	https://slang.net/meaning/wat
IWU	iwu	deferred_scope_or_ambiguity	online_chat,text_messaging	https://slang.net/meaning/iwu
SML	sml	deferred_scope_or_ambiguity	online_chat,text_messaging	https://slang.net/meaning/sml
IDU	idu	added	online_chat,text_messaging,web_forums	https://slang.net/meaning/idu
HOPE	hope	existing	online_chat,text_messaging,social_media,email	https://slang.net/meaning/hope
G9	g9	deferred_scope_or_ambiguity	online_chat,text_messaging,social_media,email	https://slang.net/meaning/g9
HWU	hwu	added	online_chat,text_messaging,social_media	https://slang.net/meaning/hwu
Gnite	gnite	added	online_chat,text_messaging	https://slang.net/meaning/gnite
DTR	dtr	deferred_scope_or_ambiguity	online_chat	https://slang.net/meaning/dtr
LJK	ljk	added	online_chat,text_messaging	https://slang.net/meaning/ljk
Fav	fav	added	online_chat,text_messaging,social_media	https://slang.net/meaning/fav
BA	ba	deferred_scope_or_ambiguity	online_chat,text_messaging	https://slang.net/meaning/ba
KCCO	kcco	added	online_chat	https://slang.net/meaning/kcco
AMA	ama	added	online_chat,social_media	https://slang.net/meaning/ama
Stonks	stonks	deferred_scope_or_ambiguity	online_chat,web_forums	https://slang.net/meaning/stonks
2U2	2u2	deferred_scope_or_ambiguity	online_chat,text_messaging	https://slang.net/meaning/2u2
HO	ho	existing	online_chat,text_messaging	https://slang.net/meaning/ho
TOH	toh	deferred_scope_or_ambiguity	online_chat,text_messaging,web_forums,social_media	https://slang.net/meaning/toh
xlnt	xlnt	added	online_chat,text_messaging,email	https://slang.net/meaning/xlnt
luzr	luzr	deferred_scope_or_ambiguity	online_chat,text_messaging,email	https://slang.net/meaning/luzr
JW	jw	added	online_chat,text_messaging,email	https://slang.net/meaning/jw
ruok	ruok	added	online_chat,text_messaging	https://slang.net/meaning/ruok
srry	srry	existing	online_chat,text_messaging	https://slang.net/meaning/srry
WTGP	wtgp	deferred_scope_or_ambiguity	online_chat	https://slang.net/meaning/wtgp
abt	about	existing	online_chat,text_messaging	https://slang.net/meaning/abt
frnd	frnd	added	online_chat,text_messaging	https://slang.net/meaning/frnd
watev	watev	added	online_chat,text_messaging	https://slang.net/meaning/watev
iono	iono	added	online_chat,text_messaging,email	https://slang.net/meaning/iono
ILAMY	ilamy	deferred_scope_or_ambiguity	online_chat,text_messaging,email	https://slang.net/meaning/ilamy
LMA	lma	added	online_chat,text_messaging	https://slang.net/meaning/lma
LTP	ltp	added	online_chat	https://slang.net/meaning/ltp
HAGO	hago	added	online_chat,text_messaging	https://slang.net/meaning/hago
0773H	0773h	deferred_scope_or_ambiguity	online_chat	https://slang.net/meaning/0773h
20	?	deferred_token_shape	online_chat,text_messaging	https://slang.net/meaning/20
BFFAE	bffae	deferred_scope_or_ambiguity	online_chat,text_messaging	https://slang.net/meaning/bffae
hmph	hmph	added	online_chat	https://slang.net/meaning/hmph
Mooch	mooch	added	online_chat,common	https://slang.net/meaning/mooch
Presh	presh	deferred_scope_or_ambiguity	online_chat,text_messaging	https://slang.net/meaning/presh
LMHO	lmho	added	online_chat,text_messaging	https://slang.net/meaning/lmho
adorbs	adorbs	added	online_chat,text_messaging,social_media	https://slang.net/meaning/adorbs
rando	rando	deferred_scope_or_ambiguity	online_chat,text_messaging	https://slang.net/meaning/rando
TTB	ttb	added	online_chat,text_messaging	https://slang.net/meaning/ttb
WIP	wip	added	online_chat,text_messaging,web_forums,email	https://slang.net/meaning/wip
quar	quar	deferred_scope_or_ambiguity	online_chat,text_messaging	https://slang.net/meaning/quar
B4N	b4n	existing	online_chat,text_messaging	https://slang.net/meaning/b4n
BFN	bfn	existing	online_chat,text_messaging,web_forums,email	https://slang.net/meaning/bfn
bstd	bstd	deferred_scope_or_ambiguity	online_chat	https://slang.net/meaning/bstd
LYK	lyk	added	online_chat,text_messaging	https://slang.net/meaning/lyk
H/O	h ? o	deferred_token_shape	online_chat	https://slang.net/meaning/h/o
GFY	gfy	deferred_scope_or_ambiguity	online_chat,text_messaging,email	https://slang.net/meaning/gfy
YD	yd	deferred_scope_or_ambiguity	online_chat,text_messaging,email	https://slang.net/meaning/yd
hbd	hbd	added	online_chat,text_messaging,social_media,email	https://slang.net/meaning/hbd
GTF	gtf	deferred_scope_or_ambiguity	online_chat,web_forums	https://slang.net/meaning/gtf
AFAIC	afaic	added	online_chat,text_messaging,web_forums,email	https://slang.net/meaning/afaic
p911	p911	deferred_scope_or_ambiguity	online_chat	https://slang.net/meaning/p911
mishu	mishu	deferred_scope_or_ambiguity	online_chat,text_messaging,social_media	https://slang.net/meaning/mishu
GMV	gmv	added	online_chat,text_messaging,web_forums	https://slang.net/meaning/gmv
BU&I	bu ? i	deferred_token_shape	online_chat,text_messaging	https://slang.net/meaning/bu&i
TMG	tmg	deferred_scope_or_ambiguity	online_chat,text_messaging,social_media	https://slang.net/meaning/tmg
OOO	ooo	deferred_scope_or_ambiguity	online_chat,email	https://slang.net/meaning/ooo
FYL	fyl	deferred_scope_or_ambiguity	online_chat,text_messaging	https://slang.net/meaning/fyl
NRN	nrn	deferred_scope_or_ambiguity	online_chat,text_messaging,email	https://slang.net/meaning/nrn
TBR	tbr	deferred_scope_or_ambiguity	online_chat,text_messaging,social_media,email	https://slang.net/meaning/tbr
SMFH	smfh	added	online_chat	https://slang.net/meaning/smfh
CSB	csb	added	online_chat,web_forums,social_media	https://slang.net/meaning/csb
wuh	wuh	deferred_scope_or_ambiguity	online_chat,text_messaging	https://slang.net/meaning/wuh
derp	derp	added	online_chat,text_messaging,social_media	https://slang.net/meaning/derp
Fresh	fresh	existing	online_chat	https://slang.net/meaning/fresh
Twinsies	twinsies	deferred_scope_or_ambiguity	online_chat,text_messaging,social_media	https://slang.net/meaning/twinsies
Forevs	forevs	deferred_scope_or_ambiguity	online_chat,text_messaging	https://slang.net/meaning/forevs
issa	issa	deferred_scope_or_ambiguity	online_chat,text_messaging,social_media	https://slang.net/meaning/issa
OT3	ot3	deferred_scope_or_ambiguity	online_chat,web_forums,social_media	https://slang.net/meaning/ot3
onb	onb	deferred_scope_or_ambiguity	online_chat,text_messaging,social_media	https://slang.net/meaning/onb
uttp	uttp	deferred_scope_or_ambiguity	online_chat,web_forums,social_media	https://slang.net/meaning/uttp
U2	u2	added	online_chat,text_messaging,common	https://slang.net/meaning/u2
COS	because	deferred_scope_or_ambiguity	online_chat,text_messaging,email	https://slang.net/meaning/cos
OML	oml	existing	online_chat,text_messaging	https://slang.net/meaning/oml
FTFY	ftfy	added	online_chat,web_forums,social_media,email	https://slang.net/meaning/ftfy
CD99	cd99	deferred_scope_or_ambiguity	online_chat	https://slang.net/meaning/cd99
PAH	pah	deferred_scope_or_ambiguity	online_chat	https://slang.net/meaning/pah
LMS	lms	inflected	online_chat,common,social_media	https://slang.net/meaning/lms
6y	6y	deferred_scope_or_ambiguity	online_chat,text_messaging	https://slang.net/meaning/6y
MIRL	mirl	deferred_scope_or_ambiguity	online_chat,social_media	https://slang.net/meaning/mirl
Benjamin	benjamin	deferred_scope_or_ambiguity	online_chat,text_messaging	https://slang.net/meaning/benjamin
LBVS	lbvs	added	online_chat,social_media	https://slang.net/meaning/lbvs
KNP	knp	added	online_chat,text_messaging	https://slang.net/meaning/knp
TYL	tyl	deferred_scope_or_ambiguity	online_chat,text_messaging	https://slang.net/meaning/tyl
Thread	thread	existing	online_chat,text_messaging,common,web_forums,social_media,email	https://slang.net/meaning/thread
POS	pos	deferred_scope_or_ambiguity	online_chat,text_messaging,common,web_forums	https://slang.net/meaning/pos
WAYDRN	waydrn	added	online_chat,text_messaging	https://slang.net/meaning/waydrn
HOS	hos	inflected	online_chat,text_messaging	https://slang.net/meaning/hos
IYQ	iyq	added	online_chat,text_messaging	https://slang.net/meaning/iyq
WYGOWM	wygowm	deferred_scope_or_ambiguity	online_chat,text_messaging	https://slang.net/meaning/wygowm
PDA	pda	deferred_scope_or_ambiguity	online_chat,text_messaging,common,email	https://slang.net/meaning/pda
WBU	wbu	existing	online_chat,text_messaging,web_forums,social_media	https://slang.net/meaning/wbu
SNMP	snmp	added	online_chat,text_messaging	https://slang.net/meaning/snmp
LQTM	lqtm	added	online_chat,text_messaging	https://slang.net/meaning/lqtm
WEG	weg	deferred_scope_or_ambiguity	online_chat,social_media	https://slang.net/meaning/weg
LUL	lul	existing	online_chat,text_messaging	https://slang.net/meaning/lul
Onl	onl	deferred_scope_or_ambiguity	online_chat	https://slang.net/meaning/onl
9	?	deferred_token_shape	online_chat	https://slang.net/meaning/9
LMO	lmo	deferred_scope_or_ambiguity	online_chat,text_messaging	https://slang.net/meaning/lmo
HHJK	hhjk	added	online_chat,text_messaging	https://slang.net/meaning/hhjk
IFLY	ifly	deferred_scope_or_ambiguity	online_chat,text_messaging,email	https://slang.net/meaning/ifly
N/C	and ? c	deferred_token_shape	online_chat,text_messaging	https://slang.net/meaning/n/c
TSS	tss	deferred_scope_or_ambiguity	online_chat,web_forums	https://slang.net/meaning/tss
YWA	ywa	added	online_chat,common,web_forums	https://slang.net/meaning/ywa
admin	admin	existing	online_chat,common,web_forums	https://slang.net/meaning/admin
HAGA	haga	added	online_chat,text_messaging	https://slang.net/meaning/haga
AYFT	ayft	added	online_chat,text_messaging	https://slang.net/meaning/ayft
ALAP	alap	deferred_scope_or_ambiguity	online_chat,text_messaging	https://slang.net/meaning/alap
Samesies	samesies	added	online_chat,text_messaging	https://slang.net/meaning/samesies
SFM	sfm	deferred_scope_or_ambiguity	online_chat,text_messaging,social_media	https://slang.net/meaning/sfm
Put on blast	put on blast	deferred_scope_or_ambiguity	online_chat,web_forums,social_media	https://slang.net/meaning/put_on_blast
CBB	cbb	existing	online_chat,text_messaging,social_media	https://slang.net/meaning/cbb
Sketchy	sketchy	added	online_chat,text_messaging,web_forums	https://slang.net/meaning/sketchy
GAF	gaf	deferred_scope_or_ambiguity	online_chat,text_messaging	https://slang.net/meaning/gaf
2l8	2l8	added	online_chat,text_messaging,social_media	https://slang.net/meaning/2l8
FTR	ftr	deferred_scope_or_ambiguity	online_chat,text_messaging,web_forums,social_media,email	https://slang.net/meaning/ftr
IAC	iac	added	online_chat,text_messaging,common,web_forums	https://slang.net/meaning/iac
MMA	mma	deferred_scope_or_ambiguity	online_chat,text_messaging	https://slang.net/meaning/mma
TDTM	tdtm	deferred_scope_or_ambiguity	online_chat,text_messaging	https://slang.net/meaning/tdtm
HORU	horu	deferred_scope_or_ambiguity	online_chat	https://slang.net/meaning/horu
IAWTC	iawtc	added	online_chat,web_forums,social_media	https://slang.net/meaning/iawtc
pmsl	pmsl	added	online_chat,text_messaging	https://slang.net/meaning/pmsl
SMF	smf	added	online_chat,text_messaging,social_media	https://slang.net/meaning/smf
BGF	bgf	deferred_scope_or_ambiguity	online_chat,text_messaging,social_media	https://slang.net/meaning/bgf
DAH	dah	deferred_scope_or_ambiguity	online_chat,text_messaging,social_media	https://slang.net/meaning/dah
IFSFY	ifsfy	deferred_scope_or_ambiguity	online_chat,text_messaging,social_media	https://slang.net/meaning/ifsfy
99	?	deferred_token_shape	online_chat	https://slang.net/meaning/99
GNOC	gnoc	deferred_scope_or_ambiguity	online_chat	https://slang.net/meaning/gnoc
WUF	wuf	deferred_scope_or_ambiguity	online_chat,text_messaging	https://slang.net/meaning/wuf
convo	convo	added	online_chat	https://slang.net/meaning/convo
Waa	waa	deferred_scope_or_ambiguity	online_chat	https://slang.net/meaning/waa
CU46	cu46	deferred_scope_or_ambiguity	online_chat,text_messaging	https://slang.net/meaning/cu46
Threads	threads	inflected	online_chat	https://slang.net/meaning/threads
WTTP	wttp	deferred_scope_or_ambiguity	online_chat,text_messaging	https://slang.net/meaning/wttp
WYWTA	wywta	added	online_chat,text_messaging,web_forums	https://slang.net/meaning/wywta
IYI	iyi	deferred_scope_or_ambiguity	online_chat	https://slang.net/meaning/iyi
YTSFM	ytsfm	deferred_scope_or_ambiguity	online_chat,text_messaging	https://slang.net/meaning/ytsfm
IIRC	iirc	existing	online_chat,common,web_forums,social_media	https://slang.net/meaning/iirc
MIL	mil	deferred_scope_or_ambiguity	online_chat,text_messaging	https://slang.net/meaning/mil
WRT	wrt	deferred_scope_or_ambiguity	online_chat,text_messaging,web_forums,email	https://slang.net/meaning/wrt
DYLM	dylm	deferred_scope_or_ambiguity	online_chat,text_messaging	https://slang.net/meaning/dylm
TQ	tq	added	online_chat,text_messaging	https://slang.net/meaning/tq
OAO	oao	deferred_scope_or_ambiguity	online_chat,text_messaging	https://slang.net/meaning/oao
M/F	m ? f	deferred_token_shape	online_chat	https://slang.net/meaning/m/f
OM	om	deferred_scope_or_ambiguity	online_chat,text_messaging,email	https://slang.net/meaning/om
NK	nk	added	online_chat,text_messaging	https://slang.net/meaning/nk
woz	woz	deferred_scope_or_ambiguity	online_chat	https://slang.net/meaning/woz
LSS	lss	inflected	online_chat,web_forums,social_media	https://slang.net/meaning/lss
LYA	lya	deferred_scope_or_ambiguity	online_chat,text_messaging	https://slang.net/meaning/lya
AWTY	awty	added	online_chat,text_messaging	https://slang.net/meaning/awty
GBTW	gbtw	added	online_chat,text_messaging	https://slang.net/meaning/gbtw
FOAF	foaf	deferred_scope_or_ambiguity	online_chat,text_messaging	https://slang.net/meaning/foaf
xit	xit	deferred_scope_or_ambiguity	online_chat	https://slang.net/meaning/xit
WEML	weml	deferred_scope_or_ambiguity	online_chat,text_messaging	https://slang.net/meaning/weml
MB	mb	existing	online_chat,text_messaging,email	https://slang.net/meaning/mb
SOAB	soab	deferred_scope_or_ambiguity	online_chat,text_messaging,social_media,email	https://slang.net/meaning/soab
AHFY	ahfy	added	online_chat,social_media,email	https://slang.net/meaning/ahfy
IHU	ihu	deferred_scope_or_ambiguity	online_chat,text_messaging,social_media	https://slang.net/meaning/ihu
IOIT	ioit	deferred_scope_or_ambiguity	online_chat	https://slang.net/meaning/ioit
WAY	way	existing	online_chat,text_messaging	https://slang.net/meaning/way
TSNF	tsnf	added	online_chat,text_messaging,social_media	https://slang.net/meaning/tsnf
T2M	t2m	added	online_chat,text_messaging	https://slang.net/meaning/t2m
4sho	4sho	added	online_chat,text_messaging	https://slang.net/meaning/4sho
welp	welp	existing	online_chat,text_messaging	https://slang.net/meaning/welp
Mack	mack	deferred_scope_or_ambiguity	online_chat,text_messaging	https://slang.net/meaning/mack
53x	53x	deferred_scope_or_ambiguity	online_chat,text_messaging	https://slang.net/meaning/53x
NYE	nye	deferred_scope_or_ambiguity	online_chat,text_messaging	https://slang.net/meaning/nye
s	s	deferred_scope_or_ambiguity	online_chat,text_messaging,web_forums,social_media,email	https://slang.net/meaning/s
LMBO	lmbo	added	online_chat,text_messaging	https://slang.net/meaning/lmbo
LMAOROTF	lmaorotf	added	online_chat,text_messaging	https://slang.net/meaning/lmaorotf
PAW	paw	deferred_scope_or_ambiguity	online_chat,text_messaging	https://slang.net/meaning/paw
PJDWYS	pjdwys	deferred_scope_or_ambiguity	online_chat,text_messaging,email	https://slang.net/meaning/pjdwys
iggy	iggy	deferred_scope_or_ambiguity	online_chat,text_messaging	https://slang.net/meaning/iggy
BGR	bgr	deferred_scope_or_ambiguity	online_chat	https://slang.net/meaning/bgr
wa	wa	deferred_scope_or_ambiguity	online_chat,text_messaging	https://slang.net/meaning/wa
TFTI	tfti	added	online_chat,web_forums,email	https://slang.net/meaning/tfti
NSS	nss	inflected	online_chat,text_messaging,web_forums	https://slang.net/meaning/nss
KSC	ksc	added	online_chat,text_messaging	https://slang.net/meaning/ksc
IRDK	irdk	added	online_chat,text_messaging,email	https://slang.net/meaning/irdk
MIMAS	mimas	added	online_chat,web_forums,email	https://slang.net/meaning/mimas
NTMY	ntmy	added	online_chat,text_messaging	https://slang.net/meaning/ntmy
KOTL	kotl	deferred_scope_or_ambiguity	online_chat,text_messaging	https://slang.net/meaning/kotl
C2C	c2c	deferred_scope_or_ambiguity	online_chat	https://slang.net/meaning/c2c
FAH	fah	added	online_chat,text_messaging,email	https://slang.net/meaning/fah
AOYP	aoyp	deferred_scope_or_ambiguity	online_chat,text_messaging	https://slang.net/meaning/aoyp
WTFE	wtfe	added	online_chat,text_messaging	https://slang.net/meaning/wtfe
CTHU	cthu	added	online_chat,text_messaging	https://slang.net/meaning/cthu
BCO	bco	deferred_scope_or_ambiguity	online_chat,text_messaging	https://slang.net/meaning/bco
OME	ome	deferred_scope_or_ambiguity	online_chat,social_media	https://slang.net/meaning/ome
WITR	witr	deferred_scope_or_ambiguity	online_chat,text_messaging,social_media	https://slang.net/meaning/witr
RU	ru	deferred_scope_or_ambiguity	online_chat,text_messaging,social_media	https://slang.net/meaning/ru
LL&P	ll ? p	deferred_token_shape	online_chat,text_messaging,email	https://slang.net/meaning/ll&p
dat	dat	deferred_scope_or_ambiguity	online_chat,text_messaging,social_media	https://slang.net/meaning/dat
hai	hai	added	online_chat,text_messaging	https://slang.net/meaning/hai
PBUH	pbuh	deferred_scope_or_ambiguity	online_chat,web_forums,social_media	https://slang.net/meaning/pbuh
Gma	gma	deferred_scope_or_ambiguity	online_chat,text_messaging,social_media	https://slang.net/meaning/gma
TYFA	tyfa	added	online_chat,text_messaging,email	https://slang.net/meaning/tyfa
Crapple	crapple	deferred_scope_or_ambiguity	online_chat,web_forums	https://slang.net/meaning/crapple
SMHWT	smhwt	deferred_scope_or_ambiguity	online_chat,text_messaging	https://slang.net/meaning/smhwt
AYPH	ayph	deferred_scope_or_ambiguity	online_chat,text_messaging	https://slang.net/meaning/ayph
MFW	mfw	deferred_scope_or_ambiguity	online_chat,social_media	https://slang.net/meaning/mfw
POIDH	poidh	added	online_chat,text_messaging,social_media	https://slang.net/meaning/poidh
HYG	hyg	added	online_chat,text_messaging	https://slang.net/meaning/hyg
IYKYK	iykyk	added	online_chat,text_messaging,social_media	https://slang.net/meaning/iykyk
OTL	otl	deferred_scope_or_ambiguity	online_chat,text_messaging,web_forums,social_media,email	https://slang.net/meaning/otl
Clapped	clapped	inflected	online_chat,text_messaging,social_media	https://slang.net/meaning/clapped
allg	allg	added	online_chat,text_messaging,web_forums,social_media	https://slang.net/meaning/allg
FCOL	fcol	added	online_chat,web_forums,social_media	https://slang.net/meaning/fcol
KIT	kit	existing	online_chat,social_media,email	https://slang.net/meaning/kit
KWIM	kwim	added	online_chat,text_messaging,social_media	https://slang.net/meaning/kwim
ne1	ne1	deferred_scope_or_ambiguity	online_chat,common	https://slang.net/meaning/ne1
qtpi	qtpi	deferred_scope_or_ambiguity	online_chat,text_messaging	https://slang.net/meaning/qtpi
ROTFL	rotfl	added	online_chat,common	https://slang.net/meaning/rotfl
str8	str8	deferred_scope_or_ambiguity	online_chat,text_messaging	https://slang.net/meaning/str8
CRAFT	craft	existing	online_chat,text_messaging	https://slang.net/meaning/craft
HB2U	hb2u	added	online_chat,text_messaging	https://slang.net/meaning/hb2u
TOD	tod	deferred_scope_or_ambiguity	online_chat,text_messaging,email	https://slang.net/meaning/tod
OL	ol	deferred_scope_or_ambiguity	online_chat,text_messaging	https://slang.net/meaning/ol
DU	du	deferred_scope_or_ambiguity	online_chat,text_messaging,web_forums,social_media,email	https://slang.net/meaning/du
ofc	ofc	existing	online_chat	https://slang.net/meaning/ofc
MOS	mos	existing	online_chat	https://slang.net/meaning/mos
SIA	sia	deferred_scope_or_ambiguity	online_chat	https://slang.net/meaning/sia
DULM	dulm	deferred_scope_or_ambiguity	online_chat,text_messaging	https://slang.net/meaning/dulm
4MTK	4mtk	deferred_scope_or_ambiguity	online_chat,text_messaging	https://slang.net/meaning/4mtk
IDFK	idfk	added	online_chat,text_messaging	https://slang.net/meaning/idfk
ITYF	ityf	deferred_scope_or_ambiguity	online_chat,web_forums,email	https://slang.net/meaning/ityf
MSB	msb	deferred_scope_or_ambiguity	online_chat,text_messaging,email	https://slang.net/meaning/msb
DRK	drk	added	online_chat,text_messaging	https://slang.net/meaning/drk
IA	ia	added	online_chat,text_messaging,web_forums,social_media	https://slang.net/meaning/ia
f9	f9	added	online_chat,text_messaging,social_media,email	https://slang.net/meaning/f9
GUFN	gufn	deferred_scope_or_ambiguity	online_chat,text_messaging,social_media	https://slang.net/meaning/gufn
BAF	baf	added	online_chat,text_messaging	https://slang.net/meaning/baf
rnt	rnt	deferred_scope_or_ambiguity	online_chat,text_messaging,email	https://slang.net/meaning/rnt
OTTOMH	ottomh	added	online_chat,text_messaging,social_media,email	https://slang.net/meaning/ottomh
YR	yr	deferred_scope_or_ambiguity	online_chat,text_messaging,email	https://slang.net/meaning/yr
F/F	f ? f	deferred_token_shape	online_chat	https://slang.net/meaning/f/f
FCFS	fcfs	added	online_chat,online_auctions	https://slang.net/meaning/fcfs
FYE	fye	deferred_scope_or_ambiguity	online_chat,text_messaging,social_media	https://slang.net/meaning/fye
PMP	pmp	deferred_scope_or_ambiguity	online_chat	https://slang.net/meaning/pmp
SOHF	sohf	deferred_scope_or_ambiguity	online_chat,text_messaging	https://slang.net/meaning/sohf
IKWYM	ikwym	added	online_chat	https://slang.net/meaning/ikwym
B&W	be ? with	deferred_token_shape	online_chat,web_forums	https://slang.net/meaning/b&w
Amped	amped	added	online_chat	https://slang.net/meaning/amped
SAHD	sahd	deferred_scope_or_ambiguity	online_chat,text_messaging,web_forums,social_media	https://slang.net/meaning/sahd
HBBD	hbbd	added	online_chat,text_messaging,social_media	https://slang.net/meaning/hbbd
Word	word	existing	online_chat	https://slang.net/meaning/word
W^	with ?	deferred_token_shape	online_chat,text_messaging	https://slang.net/meaning/w%5E
finna	finna	deferred_scope_or_ambiguity	online_chat,text_messaging,social_media	https://slang.net/meaning/finna
YKW	ykw	added	online_chat	https://slang.net/meaning/ykw
azz	azz	deferred_scope_or_ambiguity	online_chat,web_forums,social_media	https://slang.net/meaning/azz
GPS	gps	deferred_scope_or_ambiguity	online_chat,common,social_media	https://slang.net/meaning/gps
TGFF	tgff	deferred_scope_or_ambiguity	online_chat,text_messaging	https://slang.net/meaning/tgff
LLACP	llacp	added	online_chat,text_messaging	https://slang.net/meaning/llacp
Hater	hater	added	online_chat,social_media	https://slang.net/meaning/hater
Turf	turf	deferred_scope_or_ambiguity	online_chat	https://slang.net/meaning/turf
224	?	deferred_token_shape	online_chat,text_messaging	https://slang.net/meaning/224
AYPWOL	aypwol	deferred_scope_or_ambiguity	online_chat	https://slang.net/meaning/aypwol
TGTBT	tgtbt	added	online_chat,text_messaging	https://slang.net/meaning/tgtbt
DTC	dtc	deferred_scope_or_ambiguity	online_chat,text_messaging	https://slang.net/meaning/dtc
NSFL	nsfl	deferred_scope_or_ambiguity	online_chat,text_messaging,web_forums	https://slang.net/meaning/nsfl
Bisous	bisous	deferred_scope_or_ambiguity	online_chat,email	https://slang.net/meaning/bisous
KOTLC	kotlc	deferred_scope_or_ambiguity	online_chat	https://slang.net/meaning/kotlc
kys	kys	deferred_scope_or_ambiguity	online_chat,text_messaging	https://slang.net/meaning/kys
inspo	inspo	added	online_chat,social_media	https://slang.net/meaning/inspo
MLM	mlm	deferred_scope_or_ambiguity	online_chat,web_forums,social_media	https://slang.net/meaning/mlm
Perc30	perc30	deferred_scope_or_ambiguity	online_chat,text_messaging,social_media	https://slang.net/meaning/perc30
AFAYC	afayc	added	online_chat,text_messaging,social_media,email	https://slang.net/meaning/afayc
NGMI	ngmi	added	online_chat,text_messaging,web_forums,social_media	https://slang.net/meaning/ngmi
Ate that	ate that	added	online_chat,text_messaging,social_media	https://slang.net/meaning/ate_that
IBR	ibr	deferred_scope_or_ambiguity	online_chat,text_messaging,social_media	https://slang.net/meaning/ibr
GOATed	goated	added	online_chat,web_forums,social_media	https://slang.net/meaning/goated
JGH	jgh	added	online_chat,text_messaging,social_media	https://slang.net/meaning/jgh
BAK	bak	added	online_chat	https://slang.net/meaning/bak
CUS	cus	inflected	online_chat,text_messaging,email	https://slang.net/meaning/cus
GMTA	gmta	added	online_chat,text_messaging,web_forums	https://slang.net/meaning/gmta
IAG	iag	added	online_chat,web_forums,social_media	https://slang.net/meaning/iag
IDNK	idnk	added	online_chat,text_messaging,web_forums	https://slang.net/meaning/idnk
IRT	irt	deferred_scope_or_ambiguity	online_chat,text_messaging,common,web_forums,email	https://slang.net/meaning/irt
kptondl	kptondl	added	online_chat,text_messaging	https://slang.net/meaning/kptondl
MMAMP	mmamp	deferred_scope_or_ambiguity	online_chat,text_messaging	https://slang.net/meaning/mmamp
NBD	nbd	added	online_chat,text_messaging	https://slang.net/meaning/nbd
TG	tg	added	online_chat,text_messaging	https://slang.net/meaning/tg
TMA	tma	added	online_chat,web_forums	https://slang.net/meaning/tma
TTYVS	ttyvs	added	online_chat,text_messaging	https://slang.net/meaning/ttyvs
YVW	yvw	existing	online_chat,text_messaging,social_media,email	https://slang.net/meaning/yvw
IMIO	imio	deferred_scope_or_ambiguity	online_chat,web_forums,email	https://slang.net/meaning/imio
PHAT	phat	deferred_scope_or_ambiguity	online_chat,text_messaging,common	https://slang.net/meaning/phat
ez	easy	existing	online_chat,text_messaging,email	https://slang.net/meaning/ez
AIM	aim	existing	online_chat,common	https://slang.net/meaning/aim
F2T	f2t	added	online_chat,text_messaging,email	https://slang.net/meaning/f2t
TOY	toy	existing	online_chat,text_messaging,email	https://slang.net/meaning/toy
WOMBAT	wombat	deferred_scope_or_ambiguity	online_chat,text_messaging,email	https://slang.net/meaning/wombat
NFL	nfl	deferred_scope_or_ambiguity	online_chat,text_messaging,common	https://slang.net/meaning/nfl
AML	aml	deferred_scope_or_ambiguity	online_chat,web_forums,social_media,email	https://slang.net/meaning/aml
HTC	htc	deferred_scope_or_ambiguity	online_chat,text_messaging	https://slang.net/meaning/htc
BRT	brt	existing	online_chat,text_messaging	https://slang.net/meaning/brt
LRL	lrl	added	online_chat,text_messaging	https://slang.net/meaning/lrl
RUC	ruc	added	online_chat,text_messaging	https://slang.net/meaning/ruc
MU	mu	deferred_scope_or_ambiguity	online_chat,text_messaging,email	https://slang.net/meaning/mu
YGG	ygg	deferred_scope_or_ambiguity	online_chat,text_messaging,social_media	https://slang.net/meaning/ygg
NAC	nac	added	online_chat	https://slang.net/meaning/nac
OMGD	omgd	deferred_scope_or_ambiguity	online_chat,text_messaging,web_forums,social_media,email	https://slang.net/meaning/omgd
ILY2	ily2	added	online_chat,text_messaging	https://slang.net/meaning/ily2
SPROS	spros	deferred_scope_or_ambiguity	online_chat	https://slang.net/meaning/spros
TBY	tby	deferred_scope_or_ambiguity	online_chat,text_messaging	https://slang.net/meaning/tby
HMSL	hmsl	added	online_chat,text_messaging	https://slang.net/meaning/hmsl
GSOH	gsoh	deferred_scope_or_ambiguity	online_chat,web_forums	https://slang.net/meaning/gsoh
182	?	deferred_token_shape	online_chat,text_messaging,email	https://slang.net/meaning/182
ILYFE	ilyfe	deferred_scope_or_ambiguity	online_chat,text_messaging,email	https://slang.net/meaning/ilyfe
INR	inr	added	online_chat,text_messaging	https://slang.net/meaning/inr
sw	sw	deferred_scope_or_ambiguity	online_chat,web_forums,email	https://slang.net/meaning/sw
ggg	ggg	deferred_scope_or_ambiguity	online_chat,text_messaging	https://slang.net/meaning/ggg
fbo	fbo	deferred_scope_or_ambiguity	online_chat,text_messaging,social_media	https://slang.net/meaning/fbo
PYT	pyt	deferred_scope_or_ambiguity	online_chat	https://slang.net/meaning/pyt
DWL	dwl	deferred_scope_or_ambiguity	online_chat,text_messaging	https://slang.net/meaning/dwl
PYHOOYA	pyhooya	deferred_scope_or_ambiguity	online_chat,text_messaging,web_forums,email	https://slang.net/meaning/pyhooya
FTTT	fttt	added	online_chat,text_messaging,email	https://slang.net/meaning/fttt
IWALY	iwaly	deferred_scope_or_ambiguity	online_chat,text_messaging,email	https://slang.net/meaning/iwaly
SHMILY	shmily	deferred_scope_or_ambiguity	online_chat,text_messaging	https://slang.net/meaning/shmily
UX	ux	added	online_chat,web_forums,email	https://slang.net/meaning/ux
EOL	eol	deferred_scope_or_ambiguity	online_chat,web_forums	https://slang.net/meaning/eol
J4F	j4f	added	online_chat	https://slang.net/meaning/j4f
AYT	ayt	added	online_chat	https://slang.net/meaning/ayt
dur	dur	deferred_scope_or_ambiguity	online_chat,text_messaging,social_media	https://slang.net/meaning/dur
anon	anon	added	online_chat,web_forums	https://slang.net/meaning/anon
totes	totes	deferred_scope_or_ambiguity	online_chat,text_messaging,social_media	https://slang.net/meaning/totes
otay	otay	added	online_chat	https://slang.net/meaning/otay
OTC	otc	deferred_scope_or_ambiguity	online_chat,web_forums	https://slang.net/meaning/otc
Tootles	tootles	added	online_chat,text_messaging	https://slang.net/meaning/tootles
TTYLXOX	ttylxox	deferred_scope_or_ambiguity	online_chat,text_messaging	https://slang.net/meaning/ttylxox
dis	dis	deferred_scope_or_ambiguity	online_chat,text_messaging,common	https://slang.net/meaning/dis
Janky	janky	added	online_chat	https://slang.net/meaning/janky
Spoopy	spoopy	deferred_scope_or_ambiguity	online_chat,social_media	https://slang.net/meaning/spoopy
NGSB	ngsb	deferred_scope_or_ambiguity	online_chat,text_messaging	https://slang.net/meaning/ngsb
LH6	lh6	deferred_scope_or_ambiguity	online_chat,text_messaging	https://slang.net/meaning/lh6
DAE	dae	added	online_chat,web_forums	https://slang.net/meaning/dae
hoco	hoco	deferred_scope_or_ambiguity	online_chat,text_messaging	https://slang.net/meaning/hoco
Copypasta	copypasta	added	online_chat,web_forums,social_media	https://slang.net/meaning/copypasta
DBU	dbu	deferred_scope_or_ambiguity	online_chat,text_messaging	https://slang.net/meaning/dbu
It me	it me	deferred_scope_or_ambiguity	online_chat,text_messaging,web_forums,social_media	https://slang.net/meaning/it_me
YSK	ysk	added	online_chat,text_messaging,web_forums,social_media	https://slang.net/meaning/ysk
knw	knw	deferred_scope_or_ambiguity	online_chat,text_messaging	https://slang.net/meaning/knw
CMV	cmv	added	online_chat,social_media	https://slang.net/meaning/cmv
Pump your brakes	pump your brakes	added	online_chat,text_messaging,social_media	https://slang.net/meaning/pump_your_brakes
Crushing it	crushing it	added	online_chat,text_messaging,social_media,email	https://slang.net/meaning/crushing_it
Smol	smol	added	online_chat,text_messaging,web_forums,social_media	https://slang.net/meaning/smol
Go ham	go ham	deferred_scope_or_ambiguity	online_chat,text_messaging,social_media	https://slang.net/meaning/go_ham
NTM	ntm	added	online_chat,text_messaging	https://slang.net/meaning/ntm
meirl	meirl	deferred_scope_or_ambiguity	online_chat,social_media	https://slang.net/meaning/meirl
LLM	llm	deferred_scope_or_ambiguity	online_chat,common,web_forums	https://slang.net/meaning/llm
4gm	4gm	added	online_chat,text_messaging	https://slang.net/meaning/4gm
bcnu	bcnu	added	online_chat,text_messaging,email	https://slang.net/meaning/bcnu
BRH	brh	added	online_chat,text_messaging	https://slang.net/meaning/brh
HH1/2KO	hh1 ? 2ko	deferred_token_shape	online_chat,text_messaging	https://slang.net/meaning/hh1/2ko
itmt	itmt	added	online_chat,text_messaging,social_media	https://slang.net/meaning/itmt
JMHO	jmho	added	online_chat,text_messaging,web_forums	https://slang.net/meaning/jmho
TCOB	tcob	deferred_scope_or_ambiguity	online_chat,social_media	https://slang.net/meaning/tcob
TIA	tia	added	online_chat,text_messaging,common,email	https://slang.net/meaning/tia
WAYDT	waydt	added	online_chat,text_messaging	https://slang.net/meaning/waydt
lawl	lawl	existing	online_chat,text_messaging	https://slang.net/meaning/lawl
OTW	otw	existing	online_chat,text_messaging	https://slang.net/meaning/otw
PEBCAK	pebcak	deferred_scope_or_ambiguity	online_chat,web_forums	https://slang.net/meaning/pebcak
FICCL	ficcl	added	online_chat,text_messaging,email	https://slang.net/meaning/ficcl
HSIK	hsik	added	online_chat,text_messaging	https://slang.net/meaning/hsik
26y4u	26y4u	deferred_scope_or_ambiguity	online_chat,text_messaging	https://slang.net/meaning/26y4u
CID	cid	added	online_chat,text_messaging,email	https://slang.net/meaning/cid
JIC	jic	existing	online_chat,text_messaging,email	https://slang.net/meaning/jic
FOTFL	fotfl	added	online_chat,text_messaging	https://slang.net/meaning/fotfl
USB	usb	deferred_scope_or_ambiguity	online_chat,text_messaging	https://slang.net/meaning/usb
BOS	bos	deferred_scope_or_ambiguity	online_chat	https://slang.net/meaning/bos
AOL	aol	deferred_scope_or_ambiguity	online_chat,common,email	https://slang.net/meaning/aol
p/w	p ? with	deferred_token_shape	online_chat,web_forums,email	https://slang.net/meaning/p/w
GOL	gol	deferred_scope_or_ambiguity	online_chat,text_messaging	https://slang.net/meaning/gol
BFU	bfu	deferred_scope_or_ambiguity	online_chat,text_messaging,web_forums	https://slang.net/meaning/bfu
LAL	lal	deferred_scope_or_ambiguity	online_chat,text_messaging,social_media	https://slang.net/meaning/lal
PEBKAC	pebkac	deferred_scope_or_ambiguity	online_chat,web_forums	https://slang.net/meaning/pebkac
DOS	dos	inflected	online_chat	https://slang.net/meaning/dos
LOML	loml	deferred_scope_or_ambiguity	online_chat,text_messaging,social_media	https://slang.net/meaning/loml
GSW	gsw	deferred_scope_or_ambiguity	online_chat	https://slang.net/meaning/gsw
CAC	cac	deferred_scope_or_ambiguity	online_chat,text_messaging	https://slang.net/meaning/cac
BBSS	bbss	inflected	online_chat,text_messaging	https://slang.net/meaning/bbss
AISB	aisb	added	online_chat,text_messaging,email	https://slang.net/meaning/aisb
PIR	pir	deferred_scope_or_ambiguity	online_chat	https://slang.net/meaning/pir
PSOG	psog	added	online_chat,text_messaging,web_forums,social_media	https://slang.net/meaning/psog
NMHJC	nmhjc	added	online_chat	https://slang.net/meaning/nmhjc
PIO	pio	added	online_chat,text_messaging,email	https://slang.net/meaning/pio
ILYMTYWEK	ilymtywek	deferred_scope_or_ambiguity	online_chat	https://slang.net/meaning/ilymtywek
RUSOS	rusos	added	online_chat,text_messaging	https://slang.net/meaning/rusos
WAHM	wahm	deferred_scope_or_ambiguity	online_chat,text_messaging,web_forums	https://slang.net/meaning/wahm
LFTD	lftd	deferred_scope_or_ambiguity	online_chat,text_messaging,social_media,email	https://slang.net/meaning/lftd
OMJ	omj	deferred_scope_or_ambiguity	online_chat,text_messaging	https://slang.net/meaning/omj
MBS	mbs	inflected	online_chat	https://slang.net/meaning/mbs
DBS	dbs	deferred_scope_or_ambiguity	online_chat,text_messaging	https://slang.net/meaning/dbs
TWSS	twss	deferred_scope_or_ambiguity	online_chat,text_messaging,email	https://slang.net/meaning/twss
TYM	tym	added	online_chat,text_messaging,email	https://slang.net/meaning/tym
gz	gz	existing	online_chat,text_messaging,social_media	https://slang.net/meaning/gz
GOMB	gomb	added	online_chat,text_messaging,email	https://slang.net/meaning/gomb
UNADR	unadr	deferred_scope_or_ambiguity	online_chat,web_forums	https://slang.net/meaning/unadr
A	a	deferred_scope_or_ambiguity	online_chat,text_messaging,social_media	https://slang.net/meaning/a
YABA	yaba	deferred_scope_or_ambiguity	online_chat,email	https://slang.net/meaning/yaba
YYSS	yyss	added	online_chat,text_messaging,social_media,email	https://slang.net/meaning/yyss
JFGI	jfgi	added	online_chat,web_forums,email	https://slang.net/meaning/jfgi
ADM	adm	deferred_scope_or_ambiguity	online_chat,text_messaging,social_media,email	https://slang.net/meaning/adm
CYDI	cydi	deferred_scope_or_ambiguity	online_chat,text_messaging,email	https://slang.net/meaning/cydi
LSHMSFOAIDMT	lshmsfoaidmt	deferred_scope_or_ambiguity	online_chat,text_messaging	https://slang.net/meaning/lshmsfoaidmt
IJDGAF	ijdgaf	added	online_chat,text_messaging,social_media	https://slang.net/meaning/ijdgaf
SN	sn	added	online_chat,web_forums,social_media	https://slang.net/meaning/sn
CAD	cad	deferred_scope_or_ambiguity	online_chat,web_forums	https://slang.net/meaning/cad
CTS	cts	added	online_chat,web_forums	https://slang.net/meaning/cts
kwl	kwl	added	online_chat,text_messaging	https://slang.net/meaning/kwl
10q	10q	added	online_chat,text_messaging	https://slang.net/meaning/10q
gonna	going to	deferred_scope_or_ambiguity	online_chat,text_messaging,common,social_media	https://slang.net/meaning/gonna
IDKY	idky	added	online_chat,text_messaging	https://slang.net/meaning/idky
Kewt	kewt	added	online_chat,text_messaging	https://slang.net/meaning/kewt
obvi	obvi	deferred_scope_or_ambiguity	online_chat,text_messaging	https://slang.net/meaning/obvi
cx	cx	deferred_scope_or_ambiguity	online_chat,web_forums,social_media	https://slang.net/meaning/cx
187	?	deferred_token_shape	online_chat,text_messaging	https://slang.net/meaning/187
uno	uno	added	online_chat,text_messaging,social_media	https://slang.net/meaning/uno
urw	urw	added	online_chat,text_messaging	https://slang.net/meaning/urw
Wowzer	wowzer	added	online_chat,text_messaging	https://slang.net/meaning/wowzer
Amazeballs	amazeballs	added	online_chat,social_media	https://slang.net/meaning/amazeballs
ICWYM	icwym	added	online_chat,text_messaging,web_forums	https://slang.net/meaning/icwym
tru	tru	deferred_scope_or_ambiguity	online_chat,text_messaging,web_forums,social_media	https://slang.net/meaning/tru
LBR	lbr	added	online_chat,text_messaging,web_forums,social_media	https://slang.net/meaning/lbr
SALTS	salts	inflected	online_chat,text_messaging	https://slang.net/meaning/salts
jb/c	jb ? c	deferred_token_shape	online_chat	https://slang.net/meaning/jb/c
PIBKAC	pibkac	deferred_scope_or_ambiguity	online_chat,web_forums	https://slang.net/meaning/pibkac
SOOF	soof	deferred_scope_or_ambiguity	online_chat,text_messaging	https://slang.net/meaning/soof
COT	cot	deferred_scope_or_ambiguity	online_chat,text_messaging	https://slang.net/meaning/cot
ICAM	icam	added	online_chat,text_messaging	https://slang.net/meaning/icam
KPC	kpc	deferred_scope_or_ambiguity	online_chat,text_messaging	https://slang.net/meaning/kpc
OMM	omm	deferred_scope_or_ambiguity	online_chat,text_messaging	https://slang.net/meaning/omm
Ghostlighting	ghostlighting	deferred_scope_or_ambiguity	online_chat	https://slang.net/meaning/ghostlighting
PNSFW	pnsfw	deferred_scope_or_ambiguity	online_chat,text_messaging,web_forums,email	https://slang.net/meaning/pnsfw
OOTL	ootl	added	online_chat,text_messaging,web_forums,social_media,email	https://slang.net/meaning/ootl
WLW	wlw	deferred_scope_or_ambiguity	online_chat,web_forums,social_media	https://slang.net/meaning/wlw
Skrt	skrt	deferred_scope_or_ambiguity	online_chat,text_messaging	https://slang.net/meaning/skrt
FOGO	fogo	deferred_scope_or_ambiguity	online_chat,text_messaging,social_media	https://slang.net/meaning/fogo
FTM	ftm	deferred_scope_or_ambiguity	online_chat,web_forums,social_media	https://slang.net/meaning/ftm
gon	gon	deferred_scope_or_ambiguity	online_chat,text_messaging	https://slang.net/meaning/gon
Menty b	menty be	deferred_scope_or_ambiguity	online_chat,text_messaging,social_media	https://slang.net/meaning/menty_b
o	o	deferred_scope_or_ambiguity	online_chat,text_messaging	https://slang.net/meaning/o
Hopium	hopium	existing	online_chat,web_forums,social_media	https://slang.net/meaning/hopium
IJBOL	ijbol	added	online_chat,text_messaging,social_media	https://slang.net/meaning/ijbol
SGE	sge	deferred_scope_or_ambiguity	online_chat,web_forums	https://slang.net/meaning/sge
NOR	nor	deferred_scope_or_ambiguity	online_chat,web_forums,social_media	https://slang.net/meaning/nor
G4U	g4u	added	online_chat,text_messaging	https://slang.net/meaning/g4u
gvn	gvn	deferred_scope_or_ambiguity	online_chat,text_messaging	https://slang.net/meaning/gvn
KISS	kiss	existing	online_chat,text_messaging	https://slang.net/meaning/kiss
m8	mate	existing	online_chat	https://slang.net/meaning/m8
S2R	s2r	deferred_scope_or_ambiguity	online_chat,text_messaging	https://slang.net/meaning/s2r
SCNR	scnr	added	online_chat,text_messaging	https://slang.net/meaning/scnr
TIC	tic	deferred_scope_or_ambiguity	online_chat,social_media,email	https://slang.net/meaning/tic
TTBOMK	ttbomk	added	online_chat,web_forums	https://slang.net/meaning/ttbomk
zzz	zzz	added	online_chat,text_messaging,common	https://slang.net/meaning/zzz
WOS	wos	deferred_scope_or_ambiguity	online_chat,text_messaging	https://slang.net/meaning/wos
CFV	cfv	deferred_scope_or_ambiguity	online_chat,text_messaging,web_forums	https://slang.net/meaning/cfv
JMO	jmo	added	online_chat,text_messaging,web_forums,social_media	https://slang.net/meaning/jmo
WDUMBT	wdumbt	added	online_chat,text_messaging,web_forums	https://slang.net/meaning/wdumbt
IMCO	imco	added	online_chat,web_forums,social_media	https://slang.net/meaning/imco
PTM	ptm	added	online_chat,text_messaging,email	https://slang.net/meaning/ptm
SOSG	sosg	deferred_scope_or_ambiguity	online_chat	https://slang.net/meaning/sosg
ILUM	ilum	deferred_scope_or_ambiguity	online_chat,text_messaging,email	https://slang.net/meaning/ilum
gud	gud	deferred_scope_or_ambiguity	online_chat,text_messaging,email	https://slang.net/meaning/gud
h8	h8	deferred_scope_or_ambiguity	online_chat,text_messaging,web_forums	https://slang.net/meaning/h8
tel	tel	deferred_scope_or_ambiguity	online_chat,text_messaging,email	https://slang.net/meaning/tel
WUD	would	deferred_scope_or_ambiguity	online_chat,text_messaging	https://slang.net/meaning/wud
h/w	h ? with	deferred_token_shape	online_chat,text_messaging,email	https://slang.net/meaning/h/w
SUSFU	susfu	deferred_scope_or_ambiguity	online_chat,text_messaging	https://slang.net/meaning/susfu
txt	txt	added	online_chat,text_messaging,common,web_forums	https://slang.net/meaning/txt
LA	la	deferred_scope_or_ambiguity	online_chat,text_messaging,social_media	https://slang.net/meaning/la
RTFB	rtfb	deferred_scope_or_ambiguity	online_chat,text_messaging,web_forums	https://slang.net/meaning/rtfb
2B	2b	deferred_scope_or_ambiguity	online_chat,text_messaging	https://slang.net/meaning/2b
FYEO	fyeo	deferred_scope_or_ambiguity	online_chat	https://slang.net/meaning/fyeo
WMAO	wmao	deferred_scope_or_ambiguity	online_chat,text_messaging	https://slang.net/meaning/wmao
AYW	ayw	added	online_chat,text_messaging	https://slang.net/meaning/ayw
BIOYA	bioya	deferred_scope_or_ambiguity	online_chat,text_messaging	https://slang.net/meaning/bioya
HAY	hay	added	online_chat,text_messaging,email	https://slang.net/meaning/hay
n/m	and ? m	deferred_token_shape	online_chat	https://slang.net/meaning/n/m
2MI	2mi	added	online_chat,text_messaging	https://slang.net/meaning/2mi
DRC	drc	added	online_chat,text_messaging	https://slang.net/meaning/drc
I8U	i8u	deferred_scope_or_ambiguity	online_chat,text_messaging,email	https://slang.net/meaning/i8u
wuz	wuz	deferred_scope_or_ambiguity	online_chat,text_messaging,social_media,email	https://slang.net/meaning/wuz
nd	and	deferred_scope_or_ambiguity	online_chat,text_messaging	https://slang.net/meaning/nd
tht	tht	deferred_scope_or_ambiguity	online_chat,text_messaging	https://slang.net/meaning/tht
Nvrm	nvrm	added	online_chat,text_messaging	https://slang.net/meaning/nvrm
YKI	yki	added	online_chat,text_messaging	https://slang.net/meaning/yki
TOL	tol	deferred_scope_or_ambiguity	online_chat,text_messaging	https://slang.net/meaning/tol
AWT	awt	added	online_chat,text_messaging	https://slang.net/meaning/awt
CBF	cbf	added	online_chat,text_messaging	https://slang.net/meaning/cbf
OOH	ooh	deferred_scope_or_ambiguity	online_chat,text_messaging	https://slang.net/meaning/ooh
POTB	potb	deferred_scope_or_ambiguity	online_chat,social_media,email	https://slang.net/meaning/potb
BMBO	bmbo	deferred_scope_or_ambiguity	online_chat,text_messaging,email	https://slang.net/meaning/bmbo
TMDF	tmdf	deferred_scope_or_ambiguity	online_chat,email	https://slang.net/meaning/tmdf
VE	ve	deferred_scope_or_ambiguity	online_chat,text_messaging,email	https://slang.net/meaning/ve
pl0x	please	existing	online_chat,web_forums,social_media	https://slang.net/meaning/pl0x
BBN	bbn	added	online_chat	https://slang.net/meaning/bbn
AAK	aak	deferred_scope_or_ambiguity	online_chat	https://slang.net/meaning/aak
AAR	aar	added	online_chat,text_messaging	https://slang.net/meaning/aar
WIIFM	wiifm	added	online_chat,web_forums,email	https://slang.net/meaning/wiifm
FAWC	fawc	added	online_chat,web_forums,social_media	https://slang.net/meaning/fawc
HIH	hih	added	online_chat,web_forums	https://slang.net/meaning/hih
IJWTK	ijwtk	added	online_chat,web_forums	https://slang.net/meaning/ijwtk
IJWTS	ijwts	added	online_chat,web_forums	https://slang.net/meaning/ijwts
IMPOV	impov	added	online_chat,web_forums	https://slang.net/meaning/impov
ISTR	istr	deferred_scope_or_ambiguity	online_chat,web_forums	https://slang.net/meaning/istr
IYSWIM	iyswim	added	online_chat,text_messaging,web_forums,social_media	https://slang.net/meaning/iyswim
JJWY	jjwy	added	online_chat	https://slang.net/meaning/jjwy
NFI	nfi	deferred_scope_or_ambiguity	online_chat,text_messaging,web_forums	https://slang.net/meaning/nfi
OBTW	obtw	added	online_chat,text_messaging	https://slang.net/meaning/obtw
TTYIAB	ttyiab	added	online_chat,text_messaging	https://slang.net/meaning/ttyiab
H9	h9	deferred_scope_or_ambiguity	online_chat,text_messaging	https://slang.net/meaning/h9
brd	brd	deferred_scope_or_ambiguity	online_chat,text_messaging	https://slang.net/meaning/brd
Wup	wup	added	online_chat,text_messaging	https://slang.net/meaning/wup
fbf	fbf	deferred_scope_or_ambiguity	online_chat,text_messaging,social_media	https://slang.net/meaning/fbf
AMF	amf	added	online_chat,text_messaging	https://slang.net/meaning/amf
H/U	h ? you	deferred_token_shape	online_chat,text_messaging	https://slang.net/meaning/h/u
h4x0r	h4x0r	added	online_chat,web_forums	https://slang.net/meaning/h4x0r
WDIT	wdit	added	online_chat,text_messaging	https://slang.net/meaning/wdit
RPMO	rpmo	deferred_scope_or_ambiguity	online_chat,text_messaging	https://slang.net/meaning/rpmo
IMPO	impo	added	online_chat,web_forums,social_media	https://slang.net/meaning/impo
HYFR	hyfr	added	online_chat,web_forums,social_media	https://slang.net/meaning/hyfr
LML	lml	deferred_scope_or_ambiguity	online_chat,text_messaging,social_media	https://slang.net/meaning/lml
JLUK	jluk	added	online_chat,text_messaging	https://slang.net/meaning/jluk
TBTG	tbtg	deferred_scope_or_ambiguity	online_chat,web_forums	https://slang.net/meaning/tbtg
thru	through	existing	online_chat,text_messaging,email	https://slang.net/meaning/thru
XOX	xox	deferred_scope_or_ambiguity	online_chat,text_messaging	https://slang.net/meaning/xox
Opa	opa	deferred_scope_or_ambiguity	online_chat,text_messaging,social_media	https://slang.net/meaning/opa
Bootsie	bootsie	deferred_scope_or_ambiguity	online_chat,text_messaging,social_media	https://slang.net/meaning/bootsie
t2go	t2go	added	online_chat,text_messaging	https://slang.net/meaning/t2go
Chu	chu	deferred_scope_or_ambiguity	online_chat,text_messaging	https://slang.net/meaning/chu
Scrilla	scrilla	deferred_scope_or_ambiguity	online_chat	https://slang.net/meaning/scrilla
hood	hood	deferred_scope_or_ambiguity	online_chat	https://slang.net/meaning/hood
Shorty	shorty	deferred_scope_or_ambiguity	online_chat	https://slang.net/meaning/shorty
BMW	bmw	deferred_scope_or_ambiguity	online_chat,text_messaging,common	https://slang.net/meaning/bmw
Flex	flex	added	online_chat	https://slang.net/meaning/flex
AISE	aise	added	online_chat,text_messaging,email	https://slang.net/meaning/aise
PTI	pti	added	online_chat	https://slang.net/meaning/pti
BAY	bay	added	online_chat,text_messaging	https://slang.net/meaning/bay
cn	cn	deferred_scope_or_ambiguity	online_chat	https://slang.net/meaning/cn
DDAS	ddas	added	online_chat,text_messaging	https://slang.net/meaning/ddas
Pleb	pleb	deferred_scope_or_ambiguity	online_chat,web_forums	https://slang.net/meaning/pleb
ILYAAF	ilyaaf	deferred_scope_or_ambiguity	online_chat,text_messaging	https://slang.net/meaning/ilyaaf
IWY	iwy	deferred_scope_or_ambiguity	online_chat,text_messaging	https://slang.net/meaning/iwy
NIFOC	nifoc	deferred_scope_or_ambiguity	online_chat	https://slang.net/meaning/nifoc
LFTI	lfti	added	online_chat,text_messaging	https://slang.net/meaning/lfti
Sugarpic	sugarpic	deferred_scope_or_ambiguity	online_chat,text_messaging	https://slang.net/meaning/sugarpic
WITS	wits	deferred_scope_or_ambiguity	online_chat,text_messaging	https://slang.net/meaning/wits
QT 3.14	qt ?	deferred_token_shape	online_chat	https://slang.net/meaning/qt_3.14
Zooze	zooze	deferred_scope_or_ambiguity	online_chat,text_messaging	https://slang.net/meaning/zooze
Floof	floof	deferred_scope_or_ambiguity	online_chat,text_messaging,web_forums,social_media	https://slang.net/meaning/floof
DWAI	dwai	added	online_chat,text_messaging,social_media	https://slang.net/meaning/dwai
Insta cop	insta cop	deferred_scope_or_ambiguity	online_chat,web_forums,social_media	https://slang.net/meaning/insta_cop
GTFOH	gtfoh	added	online_chat,text_messaging,social_media	https://slang.net/meaning/gtfoh
Yahurrd	yahurrd	deferred_scope_or_ambiguity	online_chat,text_messaging,social_media	https://slang.net/meaning/yahurrd
PMO	pmo	deferred_scope_or_ambiguity	online_chat,text_messaging,social_media	https://slang.net/meaning/pmo
FTLOG	ftlog	added	online_chat,web_forums,social_media	https://slang.net/meaning/ftlog
Garbage person	garbage person	deferred_scope_or_ambiguity	online_chat,text_messaging,web_forums,social_media	https://slang.net/meaning/garbage_person
Copium	copium	existing	online_chat,web_forums,social_media	https://slang.net/meaning/copium
Bidness	bidness	deferred_scope_or_ambiguity	online_chat,text_messaging,social_media	https://slang.net/meaning/bidness
TLTT	tltt	added	online_chat,text_messaging	https://slang.net/meaning/tltt
Fancast	fancast	deferred_scope_or_ambiguity	online_chat,web_forums	https://slang.net/meaning/fancast
SDIYBT	sdiybt	deferred_scope_or_ambiguity	online_chat,social_media	https://slang.net/meaning/sdiybt
Slop	slop	deferred_scope_or_ambiguity	online_chat,web_forums,social_media	https://slang.net/meaning/slop
AIUI	aiui	added	online_chat,web_forums	https://slang.net/meaning/aiui
atys	atys	added	online_chat,text_messaging	https://slang.net/meaning/atys
AWA	awa	deferred_scope_or_ambiguity	online_chat,text_messaging	https://slang.net/meaning/awa
BWG	bwg	deferred_scope_or_ambiguity	online_chat	https://slang.net/meaning/bwg
DBEYR	dbeyr	added	online_chat,text_messaging,web_forums	https://slang.net/meaning/dbeyr
FOFL	fofl	added	online_chat,text_messaging,social_media	https://slang.net/meaning/fofl
GA	ga	deferred_scope_or_ambiguity	online_chat,text_messaging	https://slang.net/meaning/ga
GBH	gbh	deferred_scope_or_ambiguity	online_chat,text_messaging	https://slang.net/meaning/gbh
HAND	hand	existing	online_chat,text_messaging,email	https://slang.net/meaning/hand
ICOCBW	icocbw	added	online_chat,text_messaging,web_forums	https://slang.net/meaning/icocbw
IMAO	imao	added	online_chat,web_forums,social_media	https://slang.net/meaning/imao
IME	ime	added	online_chat,web_forums,social_media	https://slang.net/meaning/ime
ir8	ir8	deferred_scope_or_ambiguity	online_chat,text_messaging,social_media	https://slang.net/meaning/ir8
LTNS	ltns	existing	online_chat	https://slang.net/meaning/ltns
LUM	lum	deferred_scope_or_ambiguity	online_chat,social_media	https://slang.net/meaning/lum
md@u	md ? you	deferred_token_shape	online_chat,text_messaging	https://slang.net/meaning/md@u
n	and	deferred_scope_or_ambiguity	online_chat,text_messaging,common	https://slang.net/meaning/n
NMH	nmh	deferred_scope_or_ambiguity	online_chat,text_messaging	https://slang.net/meaning/nmh
no1	no1	deferred_scope_or_ambiguity	online_chat,text_messaging	https://slang.net/meaning/no1
NOMB	nomb	added	online_chat,social_media	https://slang.net/meaning/nomb
OT	ot	existing	online_chat,common,web_forums	https://slang.net/meaning/ot
OTOH	otoh	added	online_chat,text_messaging,web_forums	https://slang.net/meaning/otoh
ROF	rof	deferred_scope_or_ambiguity	online_chat,text_messaging,social_media	https://slang.net/meaning/rof
ROTF	rotf	deferred_scope_or_ambiguity	online_chat	https://slang.net/meaning/rotf
SWDYWTTA	swdywtta	deferred_scope_or_ambiguity	online_chat	https://slang.net/meaning/swdywtta
sysop	sysop	deferred_scope_or_ambiguity	online_chat,web_forums	https://slang.net/meaning/sysop
TUT	tut	deferred_scope_or_ambiguity	online_chat,web_forums,email	https://slang.net/meaning/tut
UR2M	ur2m	deferred_scope_or_ambiguity	online_chat,text_messaging	https://slang.net/meaning/ur2m
WBP	wbp	added	online_chat,text_messaging,email	https://slang.net/meaning/wbp
PG	pg	deferred_scope_or_ambiguity	online_chat,text_messaging	https://slang.net/meaning/pg
BYOB	byob	deferred_scope_or_ambiguity	online_chat,text_messaging	https://slang.net/meaning/byob
PL	pl	deferred_scope_or_ambiguity	online_chat,text_messaging,online_auctions,web_forums,email	https://slang.net/meaning/pl
TARFU	tarfu	deferred_scope_or_ambiguity	online_chat,text_messaging	https://slang.net/meaning/tarfu
JAM	jam	existing	online_chat,text_messaging	https://slang.net/meaning/jam
WUWT	wuwt	added	online_chat,text_messaging	https://slang.net/meaning/wuwt
YBYSA	ybysa	deferred_scope_or_ambiguity	online_chat,text_messaging	https://slang.net/meaning/ybysa
CRS	crs	inflected	online_chat,text_messaging	https://slang.net/meaning/crs
DIL	dil	deferred_scope_or_ambiguity	online_chat,web_forums,social_media	https://slang.net/meaning/dil
SIL	sil	deferred_scope_or_ambiguity	online_chat,text_messaging,email	https://slang.net/meaning/sil
ttly	ttly	deferred_scope_or_ambiguity	online_chat,text_messaging,email	https://slang.net/meaning/ttly
2nite	2nite	deferred_scope_or_ambiguity	online_chat,text_messaging	https://slang.net/meaning/2nite
BIL	bil	deferred_scope_or_ambiguity	online_chat,text_messaging	https://slang.net/meaning/bil
CME	cme	deferred_scope_or_ambiguity	online_chat,text_messaging,email	https://slang.net/meaning/cme
WUIGB	wuigb	added	online_chat,text_messaging,email	https://slang.net/meaning/wuigb
4OTS	4ots	added	online_chat,text_messaging,email	https://slang.net/meaning/4ots
fave	fave	added	online_chat,text_messaging,social_media	https://slang.net/meaning/fave
TM	tm	deferred_scope_or_ambiguity	online_chat,text_messaging	https://slang.net/meaning/tm
ILYK	ilyk	added	online_chat,text_messaging,email	https://slang.net/meaning/ilyk
iluvu	iluvu	deferred_scope_or_ambiguity	online_chat,text_messaging,social_media	https://slang.net/meaning/iluvu
neway	neway	deferred_scope_or_ambiguity	online_chat,text_messaging,email	https://slang.net/meaning/neway
rgds	rgds	added	online_chat,text_messaging,social_media,email	https://slang.net/meaning/rgds
wknd	wknd	added	online_chat,text_messaging	https://slang.net/meaning/wknd
BBWL	bbwl	added	online_chat	https://slang.net/meaning/bbwl
LUB	lub	added	online_chat,text_messaging	https://slang.net/meaning/lub
DK	dk	existing	online_chat,text_messaging	https://slang.net/meaning/dk
GFU	gfu	added	online_chat,text_messaging,email	https://slang.net/meaning/gfu
DMI	dmi	added	online_chat,text_messaging	https://slang.net/meaning/dmi
MF	mf	deferred_scope_or_ambiguity	online_chat,text_messaging,social_media	https://slang.net/meaning/mf
YTF	ytf	deferred_scope_or_ambiguity	online_chat,text_messaging	https://slang.net/meaning/ytf
TLA	tla	deferred_scope_or_ambiguity	online_chat,text_messaging	https://slang.net/meaning/tla
MHOTY	mhoty	added	online_chat,text_messaging	https://slang.net/meaning/mhoty
AFN	afn	added	online_chat,email	https://slang.net/meaning/afn
STFW	stfw	added	online_chat,text_messaging,web_forums	https://slang.net/meaning/stfw
emsg	emsg	deferred_scope_or_ambiguity	online_chat,email	https://slang.net/meaning/emsg
kthx	kthx	added	online_chat,text_messaging	https://slang.net/meaning/kthx
ICBW	icbw	deferred_scope_or_ambiguity	online_chat,text_messaging	https://slang.net/meaning/icbw
CBA	cba	added	online_chat,text_messaging	https://slang.net/meaning/cba
DILLIGAF	dilligaf	added	online_chat,text_messaging,social_media	https://slang.net/meaning/dilligaf
PDQ	pdq	deferred_scope_or_ambiguity	online_chat,text_messaging	https://slang.net/meaning/pdq
CTRN	ctrn	added	online_chat,text_messaging	https://slang.net/meaning/ctrn
HK	hk	existing	online_chat,text_messaging,social_media,email	https://slang.net/meaning/hk
ure	ure	deferred_scope_or_ambiguity	online_chat,text_messaging	https://slang.net/meaning/ure
CYB	cyb	deferred_scope_or_ambiguity	online_chat,text_messaging	https://slang.net/meaning/cyb
W/B	with ? be	deferred_token_shape	online_chat	https://slang.net/meaning/w/b
GNO	gno	deferred_scope_or_ambiguity	online_chat,social_media	https://slang.net/meaning/gno
AFAP	afap	added	online_chat,text_messaging,email	https://slang.net/meaning/afap
QFE	qfe	deferred_scope_or_ambiguity	online_chat,text_messaging,web_forums	https://slang.net/meaning/qfe
wht	wht	deferred_scope_or_ambiguity	online_chat,text_messaging	https://slang.net/meaning/wht
SYL	syl	added	online_chat,text_messaging	https://slang.net/meaning/syl
kw	kw	deferred_scope_or_ambiguity	online_chat,text_messaging	https://slang.net/meaning/kw
KUTGW	kutgw	added	online_chat,email	https://slang.net/meaning/kutgw
SYLA	syla	added	online_chat,text_messaging	https://slang.net/meaning/syla
DYK	dyk	added	online_chat,text_messaging,social_media	https://slang.net/meaning/dyk
BRRRB	brrrb	added	online_chat,text_messaging	https://slang.net/meaning/brrrb
L2M	l2m	deferred_scope_or_ambiguity	online_chat,text_messaging,social_media	https://slang.net/meaning/l2m
USA	usa	deferred_scope_or_ambiguity	online_chat,text_messaging	https://slang.net/meaning/usa
BDU	bdu	deferred_scope_or_ambiguity	online_chat,web_forums	https://slang.net/meaning/bdu
AFU	afu	deferred_scope_or_ambiguity	online_chat,text_messaging	https://slang.net/meaning/afu
DKDC	dkdc	added	online_chat,text_messaging,social_media	https://slang.net/meaning/dkdc
CTO	cto	added	online_chat,web_forums,social_media	https://slang.net/meaning/cto
TISU	tisu	added	online_chat,text_messaging,web_forums	https://slang.net/meaning/tisu
IG	ig	deferred_scope_or_ambiguity	online_chat,text_messaging,social_media	https://slang.net/meaning/ig
ITR	itr	deferred_scope_or_ambiguity	online_chat,text_messaging,web_forums	https://slang.net/meaning/itr
IGI	igi	added	online_chat,text_messaging,web_forums	https://slang.net/meaning/igi
GIG	gig	deferred_scope_or_ambiguity	online_chat,text_messaging,email	https://slang.net/meaning/gig
A4114A	a4114a	deferred_scope_or_ambiguity	online_chat	https://slang.net/meaning/a4114a
wlk	wlk	deferred_scope_or_ambiguity	online_chat,text_messaging	https://slang.net/meaning/wlk
2nt	2nt	deferred_scope_or_ambiguity	online_chat,text_messaging,email	https://slang.net/meaning/2nt
mng	mng	deferred_scope_or_ambiguity	online_chat,text_messaging	https://slang.net/meaning/mng
amazn	amazn	added	online_chat,text_messaging	https://slang.net/meaning/amazn
AYWK	aywk	added	online_chat,text_messaging,email	https://slang.net/meaning/aywk
NBJF	nbjf	deferred_scope_or_ambiguity	online_chat,text_messaging	https://slang.net/meaning/nbjf
SYY	syy	added	online_chat	https://slang.net/meaning/syy
hav	hav	deferred_scope_or_ambiguity	online_chat,text_messaging,email	https://slang.net/meaning/hav
UT	ut	deferred_scope_or_ambiguity	online_chat,text_messaging	https://slang.net/meaning/ut
IDR	idr	added	online_chat,text_messaging,email	https://slang.net/meaning/idr
SINBAD	sinbad	deferred_scope_or_ambiguity	online_chat,web_forums,social_media	https://slang.net/meaning/sinbad
BBT	bbt	added	online_chat,text_messaging,email	https://slang.net/meaning/bbt
PTO	pto	deferred_scope_or_ambiguity	online_chat,text_messaging,social_media,email	https://slang.net/meaning/pto
GBFN	gbfn	added	online_chat,email	https://slang.net/meaning/gbfn
BBB	bbb	added	online_chat,text_messaging,social_media,email	https://slang.net/meaning/bbb
AFAIAC	afaiac	added	online_chat,text_messaging,web_forums,email	https://slang.net/meaning/afaiac
CMFWIC	cmfwic	deferred_scope_or_ambiguity	online_chat,text_messaging,email	https://slang.net/meaning/cmfwic
UDFI	udfi	deferred_scope_or_ambiguity	online_chat,text_messaging,email	https://slang.net/meaning/udfi
4U2	4u2	added	online_chat,text_messaging	https://slang.net/meaning/4u2
YHM	yhm	deferred_scope_or_ambiguity	online_chat,text_messaging,email	https://slang.net/meaning/yhm
WTFNF	wtfnf	added	online_chat,text_messaging,social_media,email	https://slang.net/meaning/wtfnf
HPDC	hpdc	deferred_scope_or_ambiguity	online_chat,web_forums,social_media	https://slang.net/meaning/hpdc
TMFT	tmft	deferred_scope_or_ambiguity	online_chat,web_forums,social_media	https://slang.net/meaning/tmft
BLUF	bluf	deferred_scope_or_ambiguity	online_chat,email	https://slang.net/meaning/bluf
WTFO	wtfo	deferred_scope_or_ambiguity	online_chat,text_messaging	https://slang.net/meaning/wtfo
wtv	wtv	added	online_chat,text_messaging,social_media,email	https://slang.net/meaning/wtv
AMS	ams	added	online_chat,text_messaging	https://slang.net/meaning/ams
BFFN	bffn	added	online_chat,text_messaging,social_media	https://slang.net/meaning/bffn
GB2W	gb2w	added	online_chat,text_messaging,email	https://slang.net/meaning/gb2w
tab	tab	deferred_scope_or_ambiguity	online_chat,text_messaging,email	https://slang.net/meaning/tab
HC	hc	deferred_scope_or_ambiguity	online_chat,text_messaging,social_media	https://slang.net/meaning/hc
ROFLMAOWEC	roflmaowec	deferred_scope_or_ambiguity	online_chat	https://slang.net/meaning/roflmaowec
BTK	btk	added	online_chat	https://slang.net/meaning/btk
SFF	sff	added	online_chat,text_messaging,social_media,email	https://slang.net/meaning/sff
Biffles	biffles	added	online_chat,text_messaging,social_media	https://slang.net/meaning/biffles
BFFE	bffe	added	online_chat,text_messaging,social_media	https://slang.net/meaning/bffe
ROFLMAOQWERTY	roflmaoqwerty	deferred_scope_or_ambiguity	online_chat,email	https://slang.net/meaning/roflmaoqwerty
AFAICS	afaics	added	online_chat,text_messaging,social_media,email	https://slang.net/meaning/afaics
BWTHDIK	bwthdik	added	online_chat,web_forums,email	https://slang.net/meaning/bwthdik
GMAB	gmab	added	online_chat,text_messaging,social_media	https://slang.net/meaning/gmab
HAGN	hagn	added	online_chat	https://slang.net/meaning/hagn
HHOK	hhok	added	online_chat,text_messaging	https://slang.net/meaning/hhok
LDR	ldr	deferred_scope_or_ambiguity	online_chat,text_messaging	https://slang.net/meaning/ldr
CUOL	cuol	added	online_chat,text_messaging	https://slang.net/meaning/cuol
IYO	iyo	added	online_chat,social_media	https://slang.net/meaning/iyo
OTH	oth	deferred_scope_or_ambiguity	online_chat,text_messaging,email	https://slang.net/meaning/oth
OTE	ote	deferred_scope_or_ambiguity	online_chat,social_media	https://slang.net/meaning/ote
TRDMF	trdmf	deferred_scope_or_ambiguity	online_chat,email	https://slang.net/meaning/trdmf
cyal8r	cyal8r	added	online_chat,text_messaging	https://slang.net/meaning/cyal8r
HMS	hms	inflected	online_chat,text_messaging,social_media	https://slang.net/meaning/hms
IGTP	igtp	added	online_chat,web_forums	https://slang.net/meaning/igtp
INPO	inpo	added	online_chat,web_forums,email	https://slang.net/meaning/inpo
ITSFWI	itsfwi	deferred_scope_or_ambiguity	online_chat,web_forums,email	https://slang.net/meaning/itsfwi
P@H	p ? h	deferred_token_shape	online_chat	https://slang.net/meaning/p@h
SIM	sim	deferred_scope_or_ambiguity	online_chat,text_messaging,email	https://slang.net/meaning/sim
TTYIAM	ttyiam	added	online_chat,text_messaging	https://slang.net/meaning/ttyiam
WYMM	wymm	deferred_scope_or_ambiguity	online_chat,web_forums,social_media	https://slang.net/meaning/wymm
YATB	yatb	added	online_chat,text_messaging	https://slang.net/meaning/yatb
AMAP	amap	added	online_chat,text_messaging	https://slang.net/meaning/amap
JFF	jff	added	online_chat	https://slang.net/meaning/jff
BB4N	bb4n	added	online_chat	https://slang.net/meaning/bb4n
BI5	bi5	added	online_chat,text_messaging	https://slang.net/meaning/bi5
NMU	nmu	added	online_chat	https://slang.net/meaning/nmu
G2CU	g2cu	added	online_chat,text_messaging	https://slang.net/meaning/g2cu
bcos	bcos	deferred_scope_or_ambiguity	online_chat	https://slang.net/meaning/bcos
thnq	thnq	added	online_chat,text_messaging	https://slang.net/meaning/thnq
FBM	fbm	added	online_chat	https://slang.net/meaning/fbm
B2W	b2w	added	online_chat,text_messaging	https://slang.net/meaning/b2w
tots	tots	deferred_scope_or_ambiguity	online_chat,text_messaging	https://slang.net/meaning/tots
attn	attn	added	online_chat,email	https://slang.net/meaning/attn
IMBO	imbo	added	online_chat,web_forums	https://slang.net/meaning/imbo
Jet	jet	deferred_scope_or_ambiguity	online_chat,text_messaging	https://slang.net/meaning/jet
URTB	urtb	added	online_chat,social_media,email	https://slang.net/meaning/urtb
HWIK	hwik	added	online_chat,text_messaging	https://slang.net/meaning/hwik
awks	awks	added	online_chat,text_messaging	https://slang.net/meaning/awks
srs	serious	existing	online_chat,text_messaging,social_media	https://slang.net/meaning/srs
sitrep	sitrep	added	online_chat,email	https://slang.net/meaning/sitrep
TBQH	tbqh	added	online_chat,text_messaging,web_forums	https://slang.net/meaning/tbqh
Trolol	trolol	added	online_chat	https://slang.net/meaning/trolol
tude	tude	deferred_scope_or_ambiguity	online_chat	https://slang.net/meaning/tude
Wowzerz	wowzerz	added	online_chat,text_messaging	https://slang.net/meaning/wowzerz
uok	uok	added	online_chat,text_messaging	https://slang.net/meaning/uok
KIK	kik	deferred_scope_or_ambiguity	online_chat,text_messaging	https://slang.net/meaning/kik
hlp	hlp	deferred_scope_or_ambiguity	online_chat,text_messaging,web_forums	https://slang.net/meaning/hlp
ezy	ezy	deferred_scope_or_ambiguity	online_chat,text_messaging	https://slang.net/meaning/ezy
iz	iz	deferred_scope_or_ambiguity	online_chat,text_messaging	https://slang.net/meaning/iz
stahp	stahp	added	online_chat,text_messaging	https://slang.net/meaning/stahp
LSHTMSFOAIDMT	lshtmsfoaidmt	deferred_scope_or_ambiguity	online_chat,text_messaging	https://slang.net/meaning/lshtmsfoaidmt
MML	mml	added	online_chat,text_messaging	https://slang.net/meaning/mml
{}	?	deferred_token_shape	online_chat,text_messaging	https://slang.net/meaning/%7B%7D
ATTT	attt	added	online_chat,text_messaging	https://slang.net/meaning/attt
Buhbye	buhbye	added	online_chat	https://slang.net/meaning/buhbye
Cushty	cushty	deferred_scope_or_ambiguity	online_chat	https://slang.net/meaning/cushty
GFTD	gftd	added	online_chat,text_messaging,email	https://slang.net/meaning/gftd
FOMCL	fomcl	added	online_chat,text_messaging	https://slang.net/meaning/fomcl
ion	ion	deferred_scope_or_ambiguity	online_chat,text_messaging,social_media	https://slang.net/meaning/ion
4nr	4nr	deferred_scope_or_ambiguity	online_chat,text_messaging	https://slang.net/meaning/4nr
CF	cf	deferred_scope_or_ambiguity	online_chat,text_messaging	https://slang.net/meaning/cf
CRD	crd	deferred_scope_or_ambiguity	online_chat,text_messaging	https://slang.net/meaning/crd
PICNIC	picnic	deferred_scope_or_ambiguity	online_chat,web_forums	https://slang.net/meaning/picnic
BAG	bag	existing	online_chat,text_messaging	https://slang.net/meaning/bag
TBT	tbt	deferred_scope_or_ambiguity	online_chat,text_messaging,social_media	https://slang.net/meaning/tbt
CSABR	csabr	deferred_scope_or_ambiguity	online_chat,text_messaging	https://slang.net/meaning/csabr
CTFD	ctfd	added	online_chat,text_messaging,web_forums	https://slang.net/meaning/ctfd
GNSD	gnsd	added	online_chat,text_messaging	https://slang.net/meaning/gnsd
HBTU	hbtu	added	online_chat,text_messaging	https://slang.net/meaning/hbtu
HHTYAY	hhtyay	deferred_scope_or_ambiguity	online_chat,text_messaging,email	https://slang.net/meaning/hhtyay
IHNI	ihni	added	online_chat,text_messaging	https://slang.net/meaning/ihni
WYM	wym	existing	online_chat,text_messaging	https://slang.net/meaning/wym
CLAB	clab	deferred_scope_or_ambiguity	online_chat,text_messaging	https://slang.net/meaning/clab
ef4t	ef4t	deferred_scope_or_ambiguity	online_chat,text_messaging	https://slang.net/meaning/ef4t
SNH	snh	added	online_chat,text_messaging	https://slang.net/meaning/snh
BFAM	bfam	deferred_scope_or_ambiguity	online_chat,text_messaging	https://slang.net/meaning/bfam
Wowzers	wowzers	added	online_chat,text_messaging	https://slang.net/meaning/wowzers
SGTM	sgtm	added	online_chat,text_messaging	https://slang.net/meaning/sgtm
LLAP	llap	deferred_scope_or_ambiguity	online_chat,text_messaging	https://slang.net/meaning/llap
IDEC	idec	existing	online_chat,text_messaging	https://slang.net/meaning/idec
BBIAW	bbiaw	added	online_chat,text_messaging	https://slang.net/meaning/bbiaw
TSIR	tsir	added	online_chat,text_messaging,social_media	https://slang.net/meaning/tsir
You win the Internet	you win the internet	added	online_chat,web_forums	https://slang.net/meaning/you_win_the_internet
WTAF	wtaf	added	online_chat,text_messaging	https://slang.net/meaning/wtaf
Cybermob	cybermob	deferred_scope_or_ambiguity	online_chat,web_forums,social_media	https://slang.net/meaning/cybermob
1174	?	deferred_token_shape	online_chat,text_messaging	https://slang.net/meaning/1174
CMA	cma	deferred_scope_or_ambiguity	online_chat,text_messaging	https://slang.net/meaning/cma
TSFW	tsfw	deferred_scope_or_ambiguity	online_chat,text_messaging,web_forums,social_media,email	https://slang.net/meaning/tsfw
SYAL	syal	added	online_chat,text_messaging,email	https://slang.net/meaning/syal
WTHIH	wthih	added	online_chat,text_messaging	https://slang.net/meaning/wthih
BHM	bhm	deferred_scope_or_ambiguity	online_chat,social_media	https://slang.net/meaning/bhm
NBLW	nblw	deferred_scope_or_ambiguity	online_chat,web_forums,social_media	https://slang.net/meaning/nblw
NSFA	nsfa	deferred_scope_or_ambiguity	online_chat,text_messaging,web_forums,email	https://slang.net/meaning/nsfa
PFP	pfp	deferred_scope_or_ambiguity	online_chat,web_forums,social_media	https://slang.net/meaning/pfp
1437	?	deferred_token_shape	online_chat,text_messaging,social_media	https://slang.net/meaning/1437
Lorge	lorge	added	online_chat,text_messaging,web_forums,social_media	https://slang.net/meaning/lorge
Doggo	doggo	added	online_chat,text_messaging,web_forums,social_media	https://slang.net/meaning/doggo
Pupper	pupper	added	online_chat,text_messaging,web_forums,social_media	https://slang.net/meaning/pupper
DGAF	dgaf	added	online_chat,text_messaging	https://slang.net/meaning/dgaf
WDYC	wdyc	added	online_chat,text_messaging	https://slang.net/meaning/wdyc
TFTHU	tfthu	added	online_chat,text_messaging	https://slang.net/meaning/tfthu
Seggs	seggs	deferred_scope_or_ambiguity	online_chat,text_messaging,web_forums,social_media	https://slang.net/meaning/seggs
STSFM	stsfm	deferred_scope_or_ambiguity	online_chat,text_messaging	https://slang.net/meaning/stsfm
HTSFM	htsfm	deferred_scope_or_ambiguity	online_chat,text_messaging	https://slang.net/meaning/htsfm
ITSFY	itsfy	deferred_scope_or_ambiguity	online_chat,text_messaging	https://slang.net/meaning/itsfy
Eeyore	eeyore	deferred_scope_or_ambiguity	online_chat,text_messaging,social_media	https://slang.net/meaning/eeyore
IYAM	iyam	added	online_chat,text_messaging,web_forums,social_media	https://slang.net/meaning/iyam
3st	3st	deferred_scope_or_ambiguity	online_chat,text_messaging	https://slang.net/meaning/3st
EOBD	eobd	deferred_scope_or_ambiguity	online_chat,email	https://slang.net/meaning/eobd
yte	yte	deferred_scope_or_ambiguity	online_chat,text_messaging	https://slang.net/meaning/yte
NASL	nasl	deferred_scope_or_ambiguity	online_chat,social_media	https://slang.net/meaning/nasl
F2M	f2m	deferred_scope_or_ambiguity	online_chat,web_forums,social_media	https://slang.net/meaning/f2m
M2F	m2f	deferred_scope_or_ambiguity	online_chat,web_forums,social_media	https://slang.net/meaning/m2f
BBR	bbr	added	online_chat,text_messaging,web_forums	https://slang.net/meaning/bbr
Died	died	inflected	online_chat,text_messaging,social_media	https://slang.net/meaning/died
Here for it	here for it	deferred_scope_or_ambiguity	online_chat,text_messaging,web_forums,social_media	https://slang.net/meaning/here_for_it
ITT	itt	deferred_scope_or_ambiguity	online_chat,web_forums	https://slang.net/meaning/itt
db8	db8	deferred_scope_or_ambiguity	online_chat,text_messaging,web_forums,social_media	https://slang.net/meaning/db8
ganna	ganna	deferred_scope_or_ambiguity	online_chat,text_messaging	https://slang.net/meaning/ganna
Gotta blast	have to blast	added	online_chat,text_messaging	https://slang.net/meaning/gotta_blast
Nunya	nunya	deferred_scope_or_ambiguity	online_chat,text_messaging,social_media	https://slang.net/meaning/nunya
tranna	tranna	deferred_scope_or_ambiguity	online_chat,text_messaging	https://slang.net/meaning/tranna
allat	allat	deferred_scope_or_ambiguity	online_chat,text_messaging,social_media	https://slang.net/meaning/allat
Frl	frl	added	online_chat,text_messaging,web_forums,social_media	https://slang.net/meaning/frl
TNTL	tntl	added	online_chat,text_messaging	https://slang.net/meaning/tntl
WAHD	wahd	deferred_scope_or_ambiguity	online_chat,text_messaging,web_forums,social_media	https://slang.net/meaning/wahd
WTW	wtw	deferred_scope_or_ambiguity	online_chat,text_messaging,social_media	https://slang.net/meaning/wtw
GMT	gmt	deferred_scope_or_ambiguity	online_chat,text_messaging,social_media	https://slang.net/meaning/gmt
CM	cm	deferred_scope_or_ambiguity	online_chat,text_messaging,web_forums,social_media	https://slang.net/meaning/cm
GEO	geo	deferred_scope_or_ambiguity	online_chat,web_forums	https://slang.net/meaning/geo
OBBB	obbb	deferred_scope_or_ambiguity	online_chat,web_forums	https://slang.net/meaning/obbb
ATL	atl	deferred_scope_or_ambiguity	online_chat,text_messaging,social_media	https://slang.net/meaning/atl
NEET	neet	deferred_scope_or_ambiguity	online_chat,web_forums	https://slang.net/meaning/neet
PFE	pfe	deferred_scope_or_ambiguity	online_chat,email	https://slang.net/meaning/pfe
sumn	sumn	deferred_scope_or_ambiguity	online_chat,text_messaging	https://slang.net/meaning/sumn
Friendfluence	friendfluence	deferred_scope_or_ambiguity	online_chat,text_messaging,web_forums	https://slang.net/meaning/friendfluence
4rl	4rl	added	online_chat,text_messaging,social_media	https://slang.net/meaning/4rl
AFAICT	afaict	existing	online_chat,web_forums	https://slang.net/meaning/afaict
ATSL	atsl	deferred_scope_or_ambiguity	online_chat,text_messaging,web_forums	https://slang.net/meaning/atsl
BWBR	bwbr	deferred_scope_or_ambiguity	online_chat,text_messaging	https://slang.net/meaning/bwbr
crz	crz	added	online_chat	https://slang.net/meaning/crz
DAQ	daq	deferred_scope_or_ambiguity	online_chat,text_messaging,web_forums	https://slang.net/meaning/daq
DIIK	diik	added	online_chat,text_messaging	https://slang.net/meaning/diik
DQYDJ	dqydj	deferred_scope_or_ambiguity	online_chat,text_messaging	https://slang.net/meaning/dqydj
EOD	eod	deferred_scope_or_ambiguity	online_chat,web_forums,email	https://slang.net/meaning/eod
FO	fo	deferred_scope_or_ambiguity	online_chat,text_messaging	https://slang.net/meaning/fo
FTMP	ftmp	added	online_chat,text_messaging	https://slang.net/meaning/ftmp
GALMA	galma	added	online_chat,text_messaging	https://slang.net/meaning/galma
GDR	gdr	deferred_scope_or_ambiguity	online_chat,text_messaging,social_media	https://slang.net/meaning/gdr
GE	ge	added	online_chat	https://slang.net/meaning/ge
GGOGG	ggogg	deferred_scope_or_ambiguity	online_chat	https://slang.net/meaning/ggogg
GICNBY	gicnby	added	online_chat	https://slang.net/meaning/gicnby
GOK	gok	added	online_chat	https://slang.net/meaning/gok
gtrdun	gtrdun	added	online_chat,text_messaging	https://slang.net/meaning/gtrdun
H	h	deferred_scope_or_ambiguity	online_chat,text_messaging	https://slang.net/meaning/h
HA	ha	deferred_scope_or_ambiguity	online_chat,text_messaging	https://slang.net/meaning/ha
HAGD	hagd	added	online_chat,text_messaging	https://slang.net/meaning/hagd
HCIT	hcit	added	online_chat,text_messaging	https://slang.net/meaning/hcit
HHSF	hhsf	added	online_chat,text_messaging	https://slang.net/meaning/hhsf
HHVF	hhvf	added	online_chat,text_messaging	https://slang.net/meaning/hhvf
IB2D	ib2d	added	online_chat,text_messaging,web_forums	https://slang.net/meaning/ib2d
IDGI	idgi	added	online_chat,text_messaging,web_forums	https://slang.net/meaning/idgi
IMHARO	imharo	added	online_chat,web_forums	https://slang.net/meaning/imharo
IMNSHO	imnsho	added	online_chat,web_forums	https://slang.net/meaning/imnsho
imot	imot	added	online_chat,text_messaging	https://slang.net/meaning/imot
IS	is	deferred_scope_or_ambiguity	online_chat,text_messaging	https://slang.net/meaning/is
KIR	kir	deferred_scope_or_ambiguity	online_chat,text_messaging,social_media	https://slang.net/meaning/kir
NOMBR	nombr	deferred_scope_or_ambiguity	online_chat,social_media	https://slang.net/meaning/nombr
PUSIMP	pusimp	added	online_chat,web_forums	https://slang.net/meaning/pusimp
SLY	sly	existing	online_chat,text_messaging,social_media	https://slang.net/meaning/sly
STHU	sthu	added	online_chat,text_messaging	https://slang.net/meaning/sthu
STTH	stth	deferred_scope_or_ambiguity	online_chat	https://slang.net/meaning/stth
TCWB	tcwb	added	online_chat,email	https://slang.net/meaning/tcwb
w/	with ?	deferred_token_shape	online_chat,text_messaging,common,email	https://slang.net/meaning/w/
W2F	w2f	added	online_chat,text_messaging,social_media	https://slang.net/meaning/w2f
we	we	existing	online_chat,text_messaging	https://slang.net/meaning/we
WNDITWB	wnditwb	added	online_chat,text_messaging	https://slang.net/meaning/wnditwb
w/o	with ? o	deferred_token_shape	online_chat,text_messaging,common,email	https://slang.net/meaning/w/o
YWIA	ywia	added	online_chat,text_messaging,web_forums,email	https://slang.net/meaning/ywia
VBS	vbs	deferred_scope_or_ambiguity	online_chat,text_messaging	https://slang.net/meaning/vbs
Y2K	y2k	deferred_scope_or_ambiguity	online_chat,text_messaging	https://slang.net/meaning/y2k
OTT	ott	deferred_scope_or_ambiguity	online_chat,web_forums	https://slang.net/meaning/ott
DYJHIW	dyjhiw	deferred_scope_or_ambiguity	online_chat,web_forums	https://slang.net/meaning/dyjhiw
HHOJ/K	hhoj ? ok	deferred_token_shape	online_chat,text_messaging	https://slang.net/meaning/hhoj/k
HHOS	hhos	added	online_chat,text_messaging	https://slang.net/meaning/hhos
ONYD	onyd	added	online_chat,text_messaging,social_media	https://slang.net/meaning/onyd
VSC	vsc	deferred_scope_or_ambiguity	online_chat	https://slang.net/meaning/vsc
GAWMA	gawma	deferred_scope_or_ambiguity	online_chat	https://slang.net/meaning/gawma
Nal	nal	deferred_scope_or_ambiguity	online_chat	https://slang.net/meaning/nal
Lemeno	lemeno	added	online_chat,text_messaging,email	https://slang.net/meaning/lemeno
TMB	tmb	deferred_scope_or_ambiguity	online_chat,text_messaging,social_media	https://slang.net/meaning/tmb
262	?	deferred_token_shape	online_chat	https://slang.net/meaning/262
MMOB	mmob	deferred_scope_or_ambiguity	online_chat,text_messaging,email	https://slang.net/meaning/mmob
KOTC	kotc	deferred_scope_or_ambiguity	online_chat,text_messaging,email	https://slang.net/meaning/kotc
AFWIW	afwiw	added	online_chat,text_messaging,email	https://slang.net/meaning/afwiw
IMNSVHO	imnsvho	added	online_chat,text_messaging,web_forums,email	https://slang.net/meaning/imnsvho
RAK	rak	deferred_scope_or_ambiguity	online_chat,text_messaging	https://slang.net/meaning/rak
RSN	rsn	deferred_scope_or_ambiguity	online_chat,text_messaging	https://slang.net/meaning/rsn
2morrow	2morrow	deferred_scope_or_ambiguity	online_chat,text_messaging	https://slang.net/meaning/2morrow
4	?	deferred_token_shape	online_chat,text_messaging,email	https://slang.net/meaning/4
add	add	existing	online_chat,text_messaging	https://slang.net/meaning/add
bhl8	bhl8	deferred_scope_or_ambiguity	online_chat,text_messaging	https://slang.net/meaning/bhl8
CU@	cu ?	deferred_token_shape	online_chat,text_messaging	https://slang.net/meaning/cu@
cyr	cyr	deferred_scope_or_ambiguity	online_chat,text_messaging	https://slang.net/meaning/cyr
ROFLOL	roflol	added	online_chat,text_messaging	https://slang.net/meaning/roflol
NUIGB	nuigb	added	online_chat,text_messaging,email	https://slang.net/meaning/nuigb
IAM	iam	added	online_chat,text_messaging	https://slang.net/meaning/iam
IKHYF	ikhyf	added	online_chat,text_messaging	https://slang.net/meaning/ikhyf
IDMB	idmb	added	online_chat,text_messaging,email	https://slang.net/meaning/idmb
MMFU	mmfu	deferred_scope_or_ambiguity	online_chat,text_messaging	https://slang.net/meaning/mmfu
MTFBWU	mtfbwu	added	online_chat,text_messaging	https://slang.net/meaning/mtfbwu
nethng	nethng	deferred_scope_or_ambiguity	online_chat,text_messaging,email	https://slang.net/meaning/nethng
PL&	pl ?	deferred_token_shape	online_chat,text_messaging	https://slang.net/meaning/pl&
PRL	prl	deferred_scope_or_ambiguity	online_chat	https://slang.net/meaning/prl
SIT	sit	existing	online_chat,email	https://slang.net/meaning/sit
spkr	spkr	deferred_scope_or_ambiguity	online_chat,text_messaging	https://slang.net/meaning/spkr
thanq	thanq	added	online_chat,text_messaging,email	https://slang.net/meaning/thanq
thkq	thkq	added	online_chat,text_messaging	https://slang.net/meaning/thkq
tx	tx	added	online_chat,text_messaging	https://slang.net/meaning/tx
wot	wot	deferred_scope_or_ambiguity	online_chat,text_messaging,web_forums,email	https://slang.net/meaning/wot
POTC	potc	deferred_scope_or_ambiguity	online_chat,text_messaging,web_forums	https://slang.net/meaning/potc
BIAB	biab	added	online_chat	https://slang.net/meaning/biab
IE	ie	deferred_scope_or_ambiguity	online_chat,text_messaging,email	https://slang.net/meaning/ie
BL	bl	added	online_chat,text_messaging,email	https://slang.net/meaning/bl
HBU	hbu	existing	online_chat,text_messaging,web_forums	https://slang.net/meaning/hbu
WN	wn	added	online_chat,text_messaging	https://slang.net/meaning/wn
ROTFLMAO	rotflmao	added	online_chat,text_messaging	https://slang.net/meaning/rotflmao
ROTFLOL	rotflol	added	online_chat,text_messaging	https://slang.net/meaning/rotflol
FTG	ftg	added	online_chat,text_messaging,web_forums	https://slang.net/meaning/ftg
O&O	o ? o	deferred_token_shape	online_chat,email	https://slang.net/meaning/o&o
OFL	ofl	added	online_chat,text_messaging,email	https://slang.net/meaning/ofl
PYSIMP	pysimp	added	online_chat	https://slang.net/meaning/pysimp
TNT	tnt	added	online_chat,email	https://slang.net/meaning/tnt
CAS	cas	deferred_scope_or_ambiguity	online_chat,text_messaging	https://slang.net/meaning/cas
SITD	sitd	added	online_chat,text_messaging	https://slang.net/meaning/sitd
BBIAM	bbiam	added	online_chat	https://slang.net/meaning/bbiam
BIAM	biam	added	online_chat	https://slang.net/meaning/biam
ADN	adn	added	online_chat,text_messaging	https://slang.net/meaning/adn
TA	ta	added	online_chat,text_messaging	https://slang.net/meaning/ta
ack	ack	added	online_chat,text_messaging	https://slang.net/meaning/ack
app	app	deferred_scope_or_ambiguity	online_chat,text_messaging,common,email	https://slang.net/meaning/app
HOM	hom	deferred_scope_or_ambiguity	online_chat,social_media	https://slang.net/meaning/hom
TOW	tow	deferred_scope_or_ambiguity	online_chat,text_messaging,web_forums,email	https://slang.net/meaning/tow
twds	twds	added	online_chat,text_messaging	https://slang.net/meaning/twds
iat	iat	deferred_scope_or_ambiguity	online_chat,text_messaging	https://slang.net/meaning/iat
RATM	ratm	deferred_scope_or_ambiguity	online_chat,web_forums,social_media	https://slang.net/meaning/ratm
L/F/E	l ? f ? e	deferred_token_shape	online_chat,text_messaging	https://slang.net/meaning/l/f/e
BHS	bhs	deferred_scope_or_ambiguity	online_chat,text_messaging,email	https://slang.net/meaning/bhs
kthxbai	kthxbai	added	online_chat,text_messaging	https://slang.net/meaning/kthxbai
BBML	bbml	added	online_chat	https://slang.net/meaning/bbml
BWTM	bwtm	added	online_chat,text_messaging	https://slang.net/meaning/bwtm
jbc	jbc	added	online_chat	https://slang.net/meaning/jbc
RYFS	ryfs	added	online_chat,text_messaging	https://slang.net/meaning/ryfs
cul8rm8	cul8rm8	added	online_chat,text_messaging	https://slang.net/meaning/cul8rm8
LOLAWS	lolaws	deferred_scope_or_ambiguity	online_chat,text_messaging	https://slang.net/meaning/lolaws
LHO	lho	added	online_chat	https://slang.net/meaning/lho
KAS	kas	deferred_scope_or_ambiguity	online_chat,text_messaging	https://slang.net/meaning/kas
IMSO	imso	deferred_scope_or_ambiguity	online_chat,web_forums,social_media	https://slang.net/meaning/imso
DLM	dlm	added	online_chat,text_messaging	https://slang.net/meaning/dlm
t2ul8r	t2ul8r	added	online_chat,text_messaging	https://slang.net/meaning/t2ul8r
WITWW	witww	deferred_scope_or_ambiguity	online_chat,text_messaging	https://slang.net/meaning/witww
PLJ	plj	deferred_scope_or_ambiguity	online_chat,social_media,email	https://slang.net/meaning/plj
NOIRL	noirl	deferred_scope_or_ambiguity	online_chat,text_messaging	https://slang.net/meaning/noirl
MBF	mbf	added	online_chat,text_messaging	https://slang.net/meaning/mbf
ROTS	rots	inflected	online_chat	https://slang.net/meaning/rots
PRW	prw	deferred_scope_or_ambiguity	online_chat,text_messaging	https://slang.net/meaning/prw
OA	oa	deferred_scope_or_ambiguity	online_chat	https://slang.net/meaning/oa
1i	1i	deferred_scope_or_ambiguity	online_chat	https://slang.net/meaning/1i
ROTFLMFAO	rotflmfao	added	online_chat,text_messaging	https://slang.net/meaning/rotflmfao
NBL	nbl	added	online_chat,text_messaging	https://slang.net/meaning/nbl
YOMANK	yomank	added	online_chat	https://slang.net/meaning/yomank
HSM	hsm	deferred_scope_or_ambiguity	online_chat	https://slang.net/meaning/hsm
KMSO	kmso	deferred_scope_or_ambiguity	online_chat	https://slang.net/meaning/kmso
LOLUSA	lolusa	added	online_chat,text_messaging	https://slang.net/meaning/lolusa
WOHM	wohm	deferred_scope_or_ambiguity	online_chat,text_messaging,web_forums,social_media	https://slang.net/meaning/wohm
BTCHF	btchf	added	online_chat,text_messaging	https://slang.net/meaning/btchf
WWTFW	wwtfw	deferred_scope_or_ambiguity	online_chat,text_messaging	https://slang.net/meaning/wwtfw
2M2M	2m2m	added	online_chat	https://slang.net/meaning/2m2m
BAT	bat	existing	online_chat,text_messaging	https://slang.net/meaning/bat
Pax	pax	deferred_scope_or_ambiguity	online_chat,text_messaging	https://slang.net/meaning/pax
COL	col	deferred_scope_or_ambiguity	online_chat,text_messaging	https://slang.net/meaning/col
yupz	yupz	added	online_chat,text_messaging	https://slang.net/meaning/yupz
IJC2SILU	ijc2silu	deferred_scope_or_ambiguity	online_chat,text_messaging	https://slang.net/meaning/ijc2silu
2mrw	2mrw	deferred_scope_or_ambiguity	online_chat,text_messaging,email	https://slang.net/meaning/2mrw
mngr	mngr	deferred_scope_or_ambiguity	online_chat,text_messaging	https://slang.net/meaning/mngr
2zda	2zda	deferred_scope_or_ambiguity	online_chat,text_messaging,email	https://slang.net/meaning/2zda
3rzda	3rzda	deferred_scope_or_ambiguity	online_chat,text_messaging,email	https://slang.net/meaning/3rzda
BTM	btm	deferred_scope_or_ambiguity	online_chat,text_messaging	https://slang.net/meaning/btm
AOC	aoc	deferred_scope_or_ambiguity	online_chat,text_messaging,email	https://slang.net/meaning/aoc
IPN	ipn	deferred_scope_or_ambiguity	online_chat,web_forums	https://slang.net/meaning/ipn
nemore	nemore	deferred_scope_or_ambiguity	online_chat,text_messaging,email	https://slang.net/meaning/nemore
RTF	rtf	deferred_scope_or_ambiguity	online_chat,text_messaging,email	https://slang.net/meaning/rtf
LY	ly	added	online_chat,text_messaging,email	https://slang.net/meaning/ly
WTYAF	wtyaf	deferred_scope_or_ambiguity	online_chat,web_forums	https://slang.net/meaning/wtyaf
BFFLAB	bfflab	deferred_scope_or_ambiguity	online_chat,text_messaging	https://slang.net/meaning/bfflab
TWHS	twhs	deferred_scope_or_ambiguity	online_chat,text_messaging,email	https://slang.net/meaning/twhs
TTUL	ttul	added	online_chat,text_messaging	https://slang.net/meaning/ttul
em	em	existing	online_chat,text_messaging,email	https://slang.net/meaning/em
YMMD	ymmd	added	online_chat,text_messaging,email	https://slang.net/meaning/ymmd
STMS	stms	added	online_chat,text_messaging	https://slang.net/meaning/stms
YMSF	ymsf	deferred_scope_or_ambiguity	online_chat,text_messaging,email	https://slang.net/meaning/ymsf
10x	10x	added	online_chat,text_messaging	https://slang.net/meaning/10x
DUUT	duut	added	online_chat,text_messaging	https://slang.net/meaning/duut
IW2BWU	iw2bwu	deferred_scope_or_ambiguity	online_chat,text_messaging	https://slang.net/meaning/iw2bwu
BBM	bbm	deferred_scope_or_ambiguity	online_chat,text_messaging,social_media	https://slang.net/meaning/bbm
r8	r8	deferred_scope_or_ambiguity	online_chat,text_messaging,email	https://slang.net/meaning/r8
ST2M	st2m	added	online_chat,text_messaging	https://slang.net/meaning/st2m
IDT	idt	deferred_scope_or_ambiguity	online_chat,text_messaging	https://slang.net/meaning/idt
IH8U	ih8u	deferred_scope_or_ambiguity	online_chat,text_messaging	https://slang.net/meaning/ih8u
NYB	nyb	added	online_chat,text_messaging	https://slang.net/meaning/nyb
OMC	omc	deferred_scope_or_ambiguity	online_chat,text_messaging	https://slang.net/meaning/omc
FTTB	fttb	added	online_chat,text_messaging,social_media,email	https://slang.net/meaning/fttb
DFTBA	dftba	added	online_chat,text_messaging,social_media,email	https://slang.net/meaning/dftba
JFK	jfk	added	online_chat,text_messaging,social_media,email	https://slang.net/meaning/jfk
CPE	cpe	deferred_scope_or_ambiguity	online_chat,text_messaging,social_media,email	https://slang.net/meaning/cpe
ALOL	alol	added	online_chat,text_messaging	https://slang.net/meaning/alol
4ward	4ward	deferred_scope_or_ambiguity	online_chat,text_messaging,social_media,email	https://slang.net/meaning/4ward
bup	bup	deferred_scope_or_ambiguity	online_chat,text_messaging,social_media,email	https://slang.net/meaning/bup
LLPOF	llpof	added	online_chat,text_messaging,social_media	https://slang.net/meaning/llpof
CYFB	cyfb	deferred_scope_or_ambiguity	online_chat,text_messaging,social_media,email	https://slang.net/meaning/cyfb
DUK	duk	added	online_chat,text_messaging,social_media	https://slang.net/meaning/duk
LEP	lep	deferred_scope_or_ambiguity	online_chat,social_media	https://slang.net/meaning/lep
SLM	slm	deferred_scope_or_ambiguity	online_chat	https://slang.net/meaning/slm
TAFN	tafn	added	online_chat,text_messaging,email	https://slang.net/meaning/tafn
BOTB	botb	deferred_scope_or_ambiguity	online_chat,text_messaging	https://slang.net/meaning/botb
h8t	h8t	deferred_scope_or_ambiguity	online_chat,text_messaging,social_media	https://slang.net/meaning/h8t
g8r	g8r	deferred_scope_or_ambiguity	online_chat,email	https://slang.net/meaning/g8r
WWI	wwi	deferred_scope_or_ambiguity	online_chat,text_messaging	https://slang.net/meaning/wwi
@@-o	? o	deferred_token_shape	online_chat	https://slang.net/meaning/@@-o
TT	tt	deferred_scope_or_ambiguity	online_chat,text_messaging,social_media	https://slang.net/meaning/tt
DLTBBB	dltbbb	deferred_scope_or_ambiguity	online_chat,text_messaging	https://slang.net/meaning/dltbbb
IKYD	ikyd	added	online_chat,text_messaging	https://slang.net/meaning/ikyd
sok	sok	added	online_chat,text_messaging	https://slang.net/meaning/sok
emc2	emc2	deferred_scope_or_ambiguity	online_chat,email	https://slang.net/meaning/emc2
EOT	eot	added	online_chat,web_forums	https://slang.net/meaning/eot
SOW	sow	existing	online_chat,email	https://slang.net/meaning/sow
IIOK	iiok	added	online_chat,text_messaging	https://slang.net/meaning/iiok
OPM	opm	deferred_scope_or_ambiguity	online_chat,text_messaging	https://slang.net/meaning/opm
DWHTGTTA	dwhtgtta	added	online_chat,email	https://slang.net/meaning/dwhtgtta
BTHU	bthu	added	online_chat,text_messaging	https://slang.net/meaning/bthu
TWSI	twsi	added	online_chat,text_messaging,social_media	https://slang.net/meaning/twsi
PWT	pwt	deferred_scope_or_ambiguity	online_chat,text_messaging	https://slang.net/meaning/pwt
BTWITIAILWU	btwitiailwu	deferred_scope_or_ambiguity	online_chat,text_messaging	https://slang.net/meaning/btwitiailwu
TTYOOTD	ttyootd	added	online_chat,social_media,email	https://slang.net/meaning/ttyootd
IR	ir	existing	online_chat	https://slang.net/meaning/ir
e1	e1	deferred_scope_or_ambiguity	online_chat,text_messaging	https://slang.net/meaning/e1
AISI	aisi	added	online_chat,social_media,email	https://slang.net/meaning/aisi
AYPI	aypi	added	online_chat,text_messaging,social_media,email	https://slang.net/meaning/aypi
FGS	fgs	added	online_chat,text_messaging,email	https://slang.net/meaning/fgs
TT4N	tt4n	added	online_chat,text_messaging,email	https://slang.net/meaning/tt4n
TBCL	tbcl	added	online_chat,text_messaging	https://slang.net/meaning/tbcl
abt2	abt2	deferred_scope_or_ambiguity	online_chat,text_messaging	https://slang.net/meaning/abt2
ATST	atst	added	online_chat,text_messaging	https://slang.net/meaning/atst
CRBT	crbt	added	online_chat,text_messaging	https://slang.net/meaning/crbt
FC	fc	existing	online_chat,text_messaging	https://slang.net/meaning/fc
FLA	fla	deferred_scope_or_ambiguity	online_chat	https://slang.net/meaning/fla
HHIS	hhis	added	online_chat,text_messaging,social_media	https://slang.net/meaning/hhis
HHOJ	hhoj	added	online_chat,text_messaging	https://slang.net/meaning/hhoj
IOH	ioh	added	online_chat,text_messaging	https://slang.net/meaning/ioh
ITIGBS	itigbs	deferred_scope_or_ambiguity	online_chat	https://slang.net/meaning/itigbs
LLTA	llta	added	online_chat	https://slang.net/meaning/llta
LMSO	lmso	added	online_chat,text_messaging	https://slang.net/meaning/lmso
DEGT	degt	added	online_chat	https://slang.net/meaning/degt
GGOH	ggoh	added	online_chat,text_messaging	https://slang.net/meaning/ggoh
IDN	idn	added	online_chat,text_messaging	https://slang.net/meaning/idn
NIMBY	nimby	deferred_scope_or_ambiguity	online_chat,social_media	https://slang.net/meaning/nimby
SPST	spst	added	online_chat,email	https://slang.net/meaning/spst
YAA	yaa	deferred_scope_or_ambiguity	online_chat,web_forums,email	https://slang.net/meaning/yaa
BKA	bka	deferred_scope_or_ambiguity	online_chat,web_forums	https://slang.net/meaning/bka
BTOBS	btobs	deferred_scope_or_ambiguity	online_chat,text_messaging	https://slang.net/meaning/btobs
TAC	tac	added	online_chat,text_messaging,social_media,email	https://slang.net/meaning/tac
DWISNWID	dwisnwid	deferred_scope_or_ambiguity	online_chat	https://slang.net/meaning/dwisnwid
GBY	gby	added	online_chat,social_media,email	https://slang.net/meaning/gby
GFETE	gfete	deferred_scope_or_ambiguity	online_chat	https://slang.net/meaning/gfete
HLM	hlm	deferred_scope_or_ambiguity	online_chat,text_messaging	https://slang.net/meaning/hlm
IDI	idi	added	online_chat,text_messaging	https://slang.net/meaning/idi
IDTT	idtt	added	online_chat	https://slang.net/meaning/idtt
IIR	iir	added	online_chat,web_forums,social_media,email	https://slang.net/meaning/iir
IMVU	imvu	deferred_scope_or_ambiguity	online_chat,text_messaging,web_forums	https://slang.net/meaning/imvu
ITFA	itfa	deferred_scope_or_ambiguity	online_chat	https://slang.net/meaning/itfa
LAM	lam	deferred_scope_or_ambiguity	online_chat	https://slang.net/meaning/lam
LHU	lhu	added	online_chat,text_messaging	https://slang.net/meaning/lhu
LHUA	lhua	added	online_chat,text_messaging	https://slang.net/meaning/lhua
4got	4got	deferred_scope_or_ambiguity	online_chat,text_messaging	https://slang.net/meaning/4got
PEBCAC	pebcac	deferred_scope_or_ambiguity	online_chat,web_forums	https://slang.net/meaning/pebcac
STBY	stby	added	online_chat,text_messaging	https://slang.net/meaning/stby
TT2T	tt2t	added	online_chat,text_messaging	https://slang.net/meaning/tt2t
WTMI	wtmi	added	online_chat	https://slang.net/meaning/wtmi
2MFM	2mfm	added	online_chat,text_messaging	https://slang.net/meaning/2mfm
AMBW	ambw	added	online_chat,text_messaging,email	https://slang.net/meaning/ambw
B&F	be ? f	deferred_token_shape	online_chat,web_forums	https://slang.net/meaning/b&f
c/p	c ? p	deferred_token_shape	online_chat,web_forums	https://slang.net/meaning/c/p
l33t	l33t	deferred_scope_or_ambiguity	online_chat	https://slang.net/meaning/l33t
CIL	cil	added	online_chat	https://slang.net/meaning/cil
DISTOL	distol	added	online_chat,text_messaging	https://slang.net/meaning/distol
DYHAB	dyhab	deferred_scope_or_ambiguity	online_chat	https://slang.net/meaning/dyhab
DWBH	dwbh	added	online_chat	https://slang.net/meaning/dwbh
EMI	emi	added	online_chat,text_messaging,web_forums	https://slang.net/meaning/emi
FSR	fsr	added	online_chat	https://slang.net/meaning/fsr
FTFOI	ftfoi	deferred_scope_or_ambiguity	online_chat,web_forums,social_media	https://slang.net/meaning/ftfoi
ICYC	icyc	added	online_chat,text_messaging	https://slang.net/meaning/icyc
IYSS	iyss	added	online_chat	https://slang.net/meaning/iyss
BNR	bnr	added	online_chat,text_messaging	https://slang.net/meaning/bnr
2G2BT	2g2bt	added	online_chat	https://slang.net/meaning/2g2bt
A/S/L/P	a ? s ? l ? p	deferred_token_shape	online_chat	https://slang.net/meaning/a/s/l/p
bcoz	bcoz	deferred_scope_or_ambiguity	online_chat,text_messaging	https://slang.net/meaning/bcoz
bz	bz	deferred_scope_or_ambiguity	online_chat,text_messaging	https://slang.net/meaning/bz
DITG	ditg	deferred_scope_or_ambiguity	online_chat,text_messaging,social_media	https://slang.net/meaning/ditg
KMP	kmp	added	online_chat,text_messaging	https://slang.net/meaning/kmp
LLH	llh	added	online_chat	https://slang.net/meaning/llh
sh^	sh ?	deferred_token_shape	online_chat,text_messaging	https://slang.net/meaning/sh%5E
RUT	rut	added	online_chat	https://slang.net/meaning/rut
G2R	g2r	added	online_chat,text_messaging	https://slang.net/meaning/g2r
CICYHW	cicyhw	deferred_scope_or_ambiguity	online_chat	https://slang.net/meaning/cicyhw
watevs	watevs	added	online_chat	https://slang.net/meaning/watevs
Huzzah	huzzah	added	online_chat	https://slang.net/meaning/huzzah
ILU2	ilu2	added	online_chat,text_messaging	https://slang.net/meaning/ilu2
KML	kml	added	online_chat,text_messaging	https://slang.net/meaning/kml
Jellz	jellz	deferred_scope_or_ambiguity	online_chat,social_media	https://slang.net/meaning/jellz
nuff	nuff	deferred_scope_or_ambiguity	online_chat,text_messaging	https://slang.net/meaning/nuff
sitch	sitch	added	online_chat,text_messaging	https://slang.net/meaning/sitch
orly	orly	added	online_chat	https://slang.net/meaning/orly
OGW	ogw	added	online_chat,text_messaging	https://slang.net/meaning/ogw
outta	outta	deferred_scope_or_ambiguity	online_chat,text_messaging	https://slang.net/meaning/outta
TTMN	ttmn	deferred_scope_or_ambiguity	online_chat,text_messaging	https://slang.net/meaning/ttmn
RYC	ryc	added	online_chat,web_forums	https://slang.net/meaning/ryc
Sack	sack	deferred_scope_or_ambiguity	online_chat	https://slang.net/meaning/sack
sho	sho	added	online_chat	https://slang.net/meaning/sho
TCFN	tcfn	added	online_chat,text_messaging	https://slang.net/meaning/tcfn
weva	weva	added	online_chat	https://slang.net/meaning/weva
wld	wld	deferred_scope_or_ambiguity	online_chat,text_messaging	https://slang.net/meaning/wld
Whomp	whomp	deferred_scope_or_ambiguity	online_chat	https://slang.net/meaning/whomp
yall	yall	existing	online_chat,text_messaging,social_media	https://slang.net/meaning/yall
YIM	yim	deferred_scope_or_ambiguity	online_chat	https://slang.net/meaning/yim
2moz	2moz	deferred_scope_or_ambiguity	online_chat,text_messaging,social_media	https://slang.net/meaning/2moz
4get	4get	deferred_scope_or_ambiguity	online_chat,text_messaging	https://slang.net/meaning/4get
Aarping	aarping	deferred_scope_or_ambiguity	online_chat	https://slang.net/meaning/aarping
YHBT	yhbt	added	online_chat,web_forums	https://slang.net/meaning/yhbt
cud	could	deferred_scope_or_ambiguity	online_chat,text_messaging	https://slang.net/meaning/cud
XTL	xtl	deferred_scope_or_ambiguity	online_chat,text_messaging,social_media	https://slang.net/meaning/xtl
Gpa	gpa	deferred_scope_or_ambiguity	online_chat,text_messaging	https://slang.net/meaning/gpa
Ermahgerd	ermahgerd	added	online_chat,text_messaging,social_media	https://slang.net/meaning/ermahgerd
urs4e	urs4e	deferred_scope_or_ambiguity	online_chat,text_messaging	https://slang.net/meaning/urs4e
KHUF	khuf	added	online_chat,text_messaging	https://slang.net/meaning/khuf
pix	pix	added	online_chat,text_messaging	https://slang.net/meaning/pix
PPV	ppv	deferred_scope_or_ambiguity	online_chat,web_forums	https://slang.net/meaning/ppv
Errz	errz	deferred_scope_or_ambiguity	online_chat,web_forums	https://slang.net/meaning/errz
DIKY	diky	added	online_chat,text_messaging	https://slang.net/meaning/diky
ASAIK	asaik	added	online_chat,text_messaging	https://slang.net/meaning/asaik
Legit	legit	added	online_chat,text_messaging,web_forums,social_media	https://slang.net/meaning/legit
Moss	moss	inflected	online_chat	https://slang.net/meaning/moss
Spit	spit	existing	online_chat,social_media	https://slang.net/meaning/spit
TLTR	tltr	added	online_chat,text_messaging	https://slang.net/meaning/tltr
AIMB	aimb	added	online_chat,text_messaging,email	https://slang.net/meaning/aimb
Shortie	shortie	deferred_scope_or_ambiguity	online_chat	https://slang.net/meaning/shortie
4q	4q	deferred_scope_or_ambiguity	online_chat,text_messaging	https://slang.net/meaning/4q
IIUC	iiuc	added	online_chat,text_messaging,web_forums	https://slang.net/meaning/iiuc
Supes	supes	deferred_scope_or_ambiguity	online_chat,text_messaging,social_media	https://slang.net/meaning/supes
cld	cld	deferred_scope_or_ambiguity	online_chat,text_messaging,social_media	https://slang.net/meaning/cld
ALG	alg	deferred_scope_or_ambiguity	online_chat,text_messaging	https://slang.net/meaning/alg
AFB	afb	deferred_scope_or_ambiguity	online_chat,text_messaging	https://slang.net/meaning/afb
AIIC	aiic	added	online_chat,text_messaging	https://slang.net/meaning/aiic
BAU	bau	deferred_scope_or_ambiguity	online_chat,text_messaging	https://slang.net/meaning/bau
AWC	awc	deferred_scope_or_ambiguity	online_chat,text_messaging	https://slang.net/meaning/awc
HYH	hyh	added	online_chat,text_messaging	https://slang.net/meaning/hyh
BCOY	bcoy	deferred_scope_or_ambiguity	online_chat,text_messaging	https://slang.net/meaning/bcoy
BFAW	bfaw	deferred_scope_or_ambiguity	online_chat,text_messaging	https://slang.net/meaning/bfaw
BMF	bmf	deferred_scope_or_ambiguity	online_chat,text_messaging	https://slang.net/meaning/bmf
bn	bn	deferred_scope_or_ambiguity	online_chat,text_messaging	https://slang.net/meaning/bn
BTDTGTS	btdtgts	added	online_chat,text_messaging	https://slang.net/meaning/btdtgts
CMU	cmu	added	online_chat,text_messaging	https://slang.net/meaning/cmu
cqrt	cqrt	deferred_scope_or_ambiguity	online_chat,text_messaging	https://slang.net/meaning/cqrt
DBBSWF	dbbswf	deferred_scope_or_ambiguity	online_chat,text_messaging	https://slang.net/meaning/dbbswf
doin	doin	deferred_scope_or_ambiguity	online_chat	https://slang.net/meaning/doin
DYAC	dyac	added	online_chat,text_messaging,social_media	https://slang.net/meaning/dyac
GOYHH	goyhh	added	online_chat,text_messaging	https://slang.net/meaning/goyhh
IDBI	idbi	added	online_chat,text_messaging	https://slang.net/meaning/idbi
IG2R	ig2r	added	online_chat,text_messaging	https://slang.net/meaning/ig2r
KOW	kow	added	online_chat,text_messaging	https://slang.net/meaning/kow
BYKTA	bykta	added	online_chat,text_messaging	https://slang.net/meaning/bykta
BYT	byt	deferred_scope_or_ambiguity	online_chat,text_messaging	https://slang.net/meaning/byt
BRLCFH	brlcfh	deferred_scope_or_ambiguity	online_chat,text_messaging	https://slang.net/meaning/brlcfh
GMBO	gmbo	deferred_scope_or_ambiguity	online_chat,text_messaging	https://slang.net/meaning/gmbo
SFAM	sfam	deferred_scope_or_ambiguity	online_chat,text_messaging	https://slang.net/meaning/sfam
CCL	ccl	added	online_chat,text_messaging	https://slang.net/meaning/ccl
HEA	hea	deferred_scope_or_ambiguity	online_chat,web_forums	https://slang.net/meaning/hea
NBSB	nbsb	deferred_scope_or_ambiguity	online_chat,text_messaging	https://slang.net/meaning/nbsb
UT2L	ut2l	added	online_chat,text_messaging	https://slang.net/meaning/ut2l
IWSN	iwsn	deferred_scope_or_ambiguity	online_chat,text_messaging	https://slang.net/meaning/iwsn
GYPO	gypo	deferred_scope_or_ambiguity	online_chat,text_messaging	https://slang.net/meaning/gypo
amirite	amirite	added	online_chat,text_messaging	https://slang.net/meaning/amirite
brill	brill	added	online_chat,text_messaging	https://slang.net/meaning/brill
NLOL	nlol	added	online_chat,text_messaging	https://slang.net/meaning/nlol
Geddit	geddit	deferred_scope_or_ambiguity	online_chat,text_messaging	https://slang.net/meaning/geddit
TIO	tio	added	online_chat,text_messaging	https://slang.net/meaning/tio
GOM	gom	deferred_scope_or_ambiguity	online_chat,text_messaging	https://slang.net/meaning/gom
LGTM	lgtm	added	online_chat,text_messaging,email	https://slang.net/meaning/lgtm
v	v	deferred_scope_or_ambiguity	online_chat,text_messaging	https://slang.net/meaning/v
ISTG	istg	existing	online_chat,text_messaging	https://slang.net/meaning/istg
OTD	otd	deferred_scope_or_ambiguity	online_chat,text_messaging,web_forums,social_media	https://slang.net/meaning/otd
JA	ja	added	online_chat,text_messaging,email	https://slang.net/meaning/ja
suh	suh	deferred_scope_or_ambiguity	online_chat,text_messaging	https://slang.net/meaning/suh
FAI	fai	added	online_chat,text_messaging	https://slang.net/meaning/fai
WOAT	woat	deferred_scope_or_ambiguity	online_chat,social_media	https://slang.net/meaning/woat
BIPOC	bipoc	deferred_scope_or_ambiguity	online_chat,text_messaging	https://slang.net/meaning/bipoc
MBN	mbn	added	online_chat,text_messaging,social_media	https://slang.net/meaning/mbn
Chingo	chingo	deferred_scope_or_ambiguity	online_chat,text_messaging	https://slang.net/meaning/chingo
Wit	wit	deferred_scope_or_ambiguity	online_chat,text_messaging	https://slang.net/meaning/wit
PNFO	pnfo	deferred_scope_or_ambiguity	online_chat,text_messaging,email	https://slang.net/meaning/pnfo
BBFBBM	bbfbbm	deferred_scope_or_ambiguity	online_chat,text_messaging,social_media	https://slang.net/meaning/bbfbbm
BOMK	bomk	added	online_chat,text_messaging	https://slang.net/meaning/bomk
BYOL	byol	deferred_scope_or_ambiguity	online_chat,text_messaging	https://slang.net/meaning/byol
BYOF	byof	deferred_scope_or_ambiguity	online_chat,text_messaging	https://slang.net/meaning/byof
White knighting	white knighting	deferred_scope_or_ambiguity	online_chat,social_media	https://slang.net/meaning/white_knighting
HTH	hth	existing	online_chat,text_messaging,common,web_forums,social_media,email	https://slang.net/meaning/hth
MFEO	mfeo	deferred_scope_or_ambiguity	online_chat,text_messaging,social_media	https://slang.net/meaning/mfeo
SFSG	sfsg	added	online_chat,text_messaging,email	https://slang.net/meaning/sfsg
GDI	gdi	added	online_chat,text_messaging,web_forums,social_media	https://slang.net/meaning/gdi
Sliving	sliving	deferred_scope_or_ambiguity	online_chat,text_messaging,social_media	https://slang.net/meaning/sliving
S3x	s3x	deferred_scope_or_ambiguity	online_chat,text_messaging,social_media	https://slang.net/meaning/s3x
ATP	atp	deferred_scope_or_ambiguity	online_chat,text_messaging	https://slang.net/meaning/atp
ASLR	aslr	deferred_scope_or_ambiguity	online_chat,social_media	https://slang.net/meaning/aslr
NLI	nli	added	online_chat,social_media,email	https://slang.net/meaning/nli
DGMW	dgmw	added	online_chat,text_messaging,web_forums,social_media	https://slang.net/meaning/dgmw
Unforch	unforch	deferred_scope_or_ambiguity	online_chat,text_messaging	https://slang.net/meaning/unforch
LO	lo	deferred_scope_or_ambiguity	online_chat,text_messaging,web_forums,social_media	https://slang.net/meaning/lo
xian	xian	deferred_scope_or_ambiguity	online_chat,text_messaging,social_media	https://slang.net/meaning/xian
innit	innit	deferred_scope_or_ambiguity	online_chat,text_messaging	https://slang.net/meaning/innit
Good shout	good shout	added	online_chat,web_forums,social_media	https://slang.net/meaning/good_shout
IGYB	igyb	added	online_chat,text_messaging	https://slang.net/meaning/igyb
Flirtationship	flirtationship	deferred_scope_or_ambiguity	online_chat,web_forums,social_media	https://slang.net/meaning/flirtationship
Noice	noice	existing	online_chat,text_messaging,social_media	https://slang.net/meaning/noice
Kneecapped	kneecapped	deferred_scope_or_ambiguity	online_chat,text_messaging,social_media	https://slang.net/meaning/kneecapped
SINK	sink	existing	online_chat,web_forums,social_media	https://slang.net/meaning/sink
WYBMV	wybmv	deferred_scope_or_ambiguity	online_chat,text_messaging,social_media	https://slang.net/meaning/wybmv
AFAWK	afawk	added	online_chat,text_messaging,web_forums,social_media	https://slang.net/meaning/afawk
psyops	psyops	deferred_scope_or_ambiguity	online_chat,web_forums,social_media	https://slang.net/meaning/psyops
tryna	tryna	deferred_scope_or_ambiguity	online_chat,text_messaging,social_media	https://slang.net/meaning/tryna
ICYDK	icydk	added	online_chat,text_messaging,social_media,email	https://slang.net/meaning/icydk
JIT	jit	deferred_scope_or_ambiguity	online_chat,text_messaging,social_media	https://slang.net/meaning/jit
GTS	gts	added	online_chat,text_messaging,social_media	https://slang.net/meaning/gts
CTB	ctb	deferred_scope_or_ambiguity	online_chat,text_messaging,web_forums	https://slang.net/meaning/ctb
JWU	jwu	added	online_chat,text_messaging	https://slang.net/meaning/jwu
Po'd	po would	deferred_scope_or_ambiguity	online_chat,text_messaging,social_media	https://slang.net/meaning/po'd
szn	szn	added	online_chat,text_messaging,social_media	https://slang.net/meaning/szn
PFB	pfb	deferred_scope_or_ambiguity	online_chat,email	https://slang.net/meaning/pfb
Fren	fren	deferred_scope_or_ambiguity	online_chat	https://slang.net/meaning/fren
Swypo	swypo	added	online_chat,text_messaging	https://slang.net/meaning/swypo
FYM	fym	deferred_scope_or_ambiguity	online_chat,web_forums,email	https://slang.net/meaning/fym
rec	rec	deferred_scope_or_ambiguity	online_chat,text_messaging	https://slang.net/meaning/rec
KO	ko	deferred_scope_or_ambiguity	online_chat,text_messaging,common	https://slang.net/meaning/ko
TOWL	towl	deferred_scope_or_ambiguity	online_chat,web_forums,email	https://slang.net/meaning/towl
WIBTA	wibta	deferred_scope_or_ambiguity	online_chat,web_forums	https://slang.net/meaning/wibta
SYBAU	sybau	added	online_chat,text_messaging	https://slang.net/meaning/sybau
AYR	ayr	added	online_chat,text_messaging,email	https://slang.net/meaning/ayr
DVC	dvc	deferred_scope_or_ambiguity	online_chat,web_forums,social_media	https://slang.net/meaning/dvc
Lowkenuinely	lowkenuinely	deferred_scope_or_ambiguity	online_chat,social_media	https://slang.net/meaning/lowkenuinely
TS	ts	deferred_scope_or_ambiguity	online_chat,text_messaging	https://slang.net/meaning/ts
GGI	ggi	deferred_scope_or_ambiguity	online_chat,text_messaging	https://slang.net/meaning/ggi
AAYF	aayf	deferred_scope_or_ambiguity	online_chat,email	https://slang.net/meaning/aayf
AWOL	awol	deferred_scope_or_ambiguity	online_chat,social_media	https://slang.net/meaning/awol
BAC	bac	added	online_chat	https://slang.net/meaning/bac
BME	bme	added	online_chat,web_forums	https://slang.net/meaning/bme
BYTM	bytm	added	online_chat,text_messaging	https://slang.net/meaning/bytm
CWOT	cwot	added	online_chat	https://slang.net/meaning/cwot
CYWW2BY	cyww2by	added	online_chat,text_messaging	https://slang.net/meaning/cyww2by
DHYB	dhyb	added	online_chat,text_messaging,web_forums	https://slang.net/meaning/dhyb
DP	dp	deferred_scope_or_ambiguity	online_chat,text_messaging	https://slang.net/meaning/dp
DQOTD	dqotd	deferred_scope_or_ambiguity	online_chat,text_messaging,web_forums	https://slang.net/meaning/dqotd
EOR	eor	added	online_chat,text_messaging,web_forums,social_media	https://slang.net/meaning/eor
FOCL	focl	added	online_chat,text_messaging	https://slang.net/meaning/focl
GOWM	gowm	deferred_scope_or_ambiguity	online_chat,text_messaging	https://slang.net/meaning/gowm
gv	gv	deferred_scope_or_ambiguity	online_chat,text_messaging	https://slang.net/meaning/gv
IAE	iae	added	online_chat,web_forums	https://slang.net/meaning/iae
IAGW	iagw	added	online_chat,text_messaging	https://slang.net/meaning/iagw
IAYF	iayf	added	online_chat,text_messaging	https://slang.net/meaning/iayf
IKWUM	ikwum	added	online_chat,text_messaging	https://slang.net/meaning/ikwum
ILUB	ilub	deferred_scope_or_ambiguity	online_chat,text_messaging	https://slang.net/meaning/ilub
IMHBMAO	imhbmao	added	online_chat,web_forums	https://slang.net/meaning/imhbmao
INRS	inrs	added	online_chat,text_messaging,web_forums	https://slang.net/meaning/inrs
JTLYK	jtlyk	added	online_chat,social_media	https://slang.net/meaning/jtlyk
KHYF	khyf	added	online_chat,text_messaging,social_media	https://slang.net/meaning/khyf
md@ufn	md ? ufn	deferred_token_shape	online_chat,text_messaging	https://slang.net/meaning/md@ufn
N2M	n2m	added	online_chat,text_messaging	https://slang.net/meaning/n2m
n8kd	n8kd	deferred_scope_or_ambiguity	online_chat,text_messaging	https://slang.net/meaning/n8kd
NFIAH	nfiah	added	online_chat	https://slang.net/meaning/nfiah
NNITO	nnito	added	online_chat,text_messaging	https://slang.net/meaning/nnito
NSISR	nsisr	added	online_chat,text_messaging	https://slang.net/meaning/nsisr
OMOHOD	omohod	deferred_scope_or_ambiguity	online_chat	https://slang.net/meaning/omohod
plzrd	plzrd	added	online_chat,email	https://slang.net/meaning/plzrd
resq	resq	deferred_scope_or_ambiguity	online_chat	https://slang.net/meaning/resq
RHIP	rhip	deferred_scope_or_ambiguity	online_chat	https://slang.net/meaning/rhip
RUB	rub	existing	online_chat,text_messaging	https://slang.net/meaning/rub
SFB	sfb	deferred_scope_or_ambiguity	online_chat,text_messaging	https://slang.net/meaning/sfb
TITF	titf	deferred_scope_or_ambiguity	online_chat,text_messaging,social_media	https://slang.net/meaning/titf
TUI	tui	deferred_scope_or_ambiguity	online_chat,text_messaging	https://slang.net/meaning/tui
URSKTM	ursktm	added	online_chat,text_messaging	https://slang.net/meaning/ursktm
YMBJ	ymbj	added	online_chat	https://slang.net/meaning/ymbj
ATT	att	deferred_scope_or_ambiguity	online_chat,text_messaging	https://slang.net/meaning/att
G2P	g2p	added	online_chat,text_messaging	https://slang.net/meaning/g2p
OICN	oicn	added	online_chat,text_messaging,web_forums	https://slang.net/meaning/oicn
BTSOOM	btsoom	added	online_chat,text_messaging	https://slang.net/meaning/btsoom
HIWTH	hiwth	added	online_chat,text_messaging	https://slang.net/meaning/hiwth
TWIT	twit	added	online_chat,text_messaging	https://slang.net/meaning/twit
PWOF	pwof	deferred_scope_or_ambiguity	online_chat	https://slang.net/meaning/pwof
PCID	pcid	deferred_scope_or_ambiguity	online_chat	https://slang.net/meaning/pcid
TCOOD	tcood	deferred_scope_or_ambiguity	online_chat	https://slang.net/meaning/tcood
TTM	ttm	added	online_chat,text_messaging	https://slang.net/meaning/ttm
USAD	usad	deferred_scope_or_ambiguity	online_chat,text_messaging	https://slang.net/meaning/usad
GT2T	gt2t	added	online_chat,text_messaging	https://slang.net/meaning/gt2t
LULAB	lulab	deferred_scope_or_ambiguity	online_chat,text_messaging	https://slang.net/meaning/lulab
morf	morf	deferred_scope_or_ambiguity	online_chat	https://slang.net/meaning/morf
MOTSS	motss	deferred_scope_or_ambiguity	online_chat,text_messaging	https://slang.net/meaning/motss
JASE	jase	deferred_scope_or_ambiguity	online_chat,web_forums	https://slang.net/meaning/jase
IMVHO	imvho	added	online_chat,web_forums	https://slang.net/meaning/imvho
OTTH	otth	deferred_scope_or_ambiguity	online_chat,text_messaging	https://slang.net/meaning/otth
SDIHTT	sdihtt	added	online_chat,text_messaging,email	https://slang.net/meaning/sdihtt
WHYBATT	whybatt	added	online_chat,text_messaging	https://slang.net/meaning/whybatt
ctr	ctr	deferred_scope_or_ambiguity	online_chat,text_messaging	https://slang.net/meaning/ctr
MDIAC	mdiac	deferred_scope_or_ambiguity	online_chat	https://slang.net/meaning/mdiac
KWIS	kwis	added	online_chat,text_messaging	https://slang.net/meaning/kwis
FOTFLOL	fotflol	added	online_chat,text_messaging	https://slang.net/meaning/fotflol
HAK	hak	deferred_scope_or_ambiguity	online_chat,email	https://slang.net/meaning/hak
mth	mth	deferred_scope_or_ambiguity	online_chat,text_messaging	https://slang.net/meaning/mth
nufn	nufn	deferred_scope_or_ambiguity	online_chat,text_messaging	https://slang.net/meaning/nufn
spk	spk	deferred_scope_or_ambiguity	online_chat,text_messaging	https://slang.net/meaning/spk
URA*	ura	deferred_scope_or_ambiguity	online_chat,text_messaging,email	https://slang.net/meaning/ura*
w8n	w8n	deferred_scope_or_ambiguity	online_chat,text_messaging	https://slang.net/meaning/w8n
wan2	wan2	deferred_scope_or_ambiguity	online_chat,text_messaging	https://slang.net/meaning/wan2
YYSSW	yyssw	added	online_chat,text_messaging	https://slang.net/meaning/yyssw
AUT	aut	added	online_chat,text_messaging	https://slang.net/meaning/aut
SYT	syt	added	online_chat,text_messaging	https://slang.net/meaning/syt
2C	2c	deferred_scope_or_ambiguity	online_chat,text_messaging	https://slang.net/meaning/2c
N2W	n2w	added	online_chat,text_messaging	https://slang.net/meaning/n2w
IDTS	idts	existing	online_chat,text_messaging	https://slang.net/meaning/idts
FOFLMAO	foflmao	added	online_chat,text_messaging	https://slang.net/meaning/foflmao
OTGL	otgl	added	online_chat,text_messaging	https://slang.net/meaning/otgl
GLWT	glwt	added	online_chat,text_messaging	https://slang.net/meaning/glwt
GK	gk	deferred_scope_or_ambiguity	online_chat	https://slang.net/meaning/gk
azn	azn	deferred_scope_or_ambiguity	online_chat,text_messaging	https://slang.net/meaning/azn
azm	azm	added	online_chat,text_messaging	https://slang.net/meaning/azm
BBFN	bbfn	existing	online_chat,text_messaging	https://slang.net/meaning/bbfn
BYKT	bykt	added	online_chat,text_messaging	https://slang.net/meaning/bykt
MGB	mgb	deferred_scope_or_ambiguity	online_chat,text_messaging,email	https://slang.net/meaning/mgb
LOTFLOL	lotflol	added	online_chat,text_messaging	https://slang.net/meaning/lotflol
GR	gr	deferred_scope_or_ambiguity	online_chat,text_messaging	https://slang.net/meaning/gr
PMFJI	pmfji	added	online_chat,web_forums,social_media	https://slang.net/meaning/pmfji
YBS	ybs	added	online_chat	https://slang.net/meaning/ybs
WUBU2	wubu2	added	online_chat,text_messaging	https://slang.net/meaning/wubu2
TAT	tat	deferred_scope_or_ambiguity	online_chat	https://slang.net/meaning/tat
GYSR	gysr	deferred_scope_or_ambiguity	online_chat,text_messaging	https://slang.net/meaning/gysr
BAIC	baic	added	online_chat,text_messaging	https://slang.net/meaning/baic
LUA	lua	deferred_scope_or_ambiguity	online_chat,text_messaging	https://slang.net/meaning/lua
OTFLMAO	otflmao	added	online_chat,text_messaging	https://slang.net/meaning/otflmao
RTI	rti	deferred_scope_or_ambiguity	online_chat,text_messaging	https://slang.net/meaning/rti
tl	tl	deferred_scope_or_ambiguity	online_chat,social_media	https://slang.net/meaning/tl
8	?	deferred_token_shape	online_chat,text_messaging	https://slang.net/meaning/8
HY	hy	added	online_chat,text_messaging	https://slang.net/meaning/hy
CIP	cip	deferred_scope_or_ambiguity	online_chat,text_messaging,online_auctions	https://slang.net/meaning/cip
ILUGTD	ilugtd	deferred_scope_or_ambiguity	online_chat,social_media,email	https://slang.net/meaning/ilugtd
LMWAO	lmwao	added	online_chat,text_messaging	https://slang.net/meaning/lmwao
PA	pa	deferred_scope_or_ambiguity	online_chat	https://slang.net/meaning/pa
git	git	deferred_scope_or_ambiguity	online_chat,text_messaging,web_forums	https://slang.net/meaning/git
JAS	jas	added	online_chat,text_messaging	https://slang.net/meaning/jas
TWSB	twsb	deferred_scope_or_ambiguity	online_chat,web_forums	https://slang.net/meaning/twsb
MMRD	mmrd	deferred_scope_or_ambiguity	online_chat	https://slang.net/meaning/mmrd
BNO	bno	deferred_scope_or_ambiguity	online_chat,text_messaging,social_media	https://slang.net/meaning/bno
ROFLMRO	roflmro	added	online_chat,text_messaging	https://slang.net/meaning/roflmro
BFR	bfr	deferred_scope_or_ambiguity	online_chat,text_messaging,web_forums	https://slang.net/meaning/bfr
CICU	cicu	deferred_scope_or_ambiguity	online_chat,text_messaging	https://slang.net/meaning/cicu
RUN	run	existing	online_chat,text_messaging	https://slang.net/meaning/run
BOC	boc	deferred_scope_or_ambiguity	online_chat	https://slang.net/meaning/boc
SF	sf	deferred_scope_or_ambiguity	online_chat,web_forums,social_media	https://slang.net/meaning/sf
RUCB	rucb	added	online_chat	https://slang.net/meaning/rucb
BOHICA	bohica	deferred_scope_or_ambiguity	online_chat,text_messaging	https://slang.net/meaning/bohica
ILYL	ilyl	deferred_scope_or_ambiguity	online_chat,text_messaging,social_media	https://slang.net/meaning/ilyl
ROFLTRABTD	rofltrabtd	deferred_scope_or_ambiguity	online_chat,text_messaging	https://slang.net/meaning/rofltrabtd
LULAF	lulaf	deferred_scope_or_ambiguity	online_chat	https://slang.net/meaning/lulaf
TMAI	tmai	added	online_chat,text_messaging,social_media	https://slang.net/meaning/tmai
AYS	ays	added	online_chat,text_messaging	https://slang.net/meaning/ays
LUGLS	lugls	deferred_scope_or_ambiguity	online_chat,text_messaging,social_media	https://slang.net/meaning/lugls
LIQ	liq	added	online_chat,text_messaging	https://slang.net/meaning/liq
GNST	gnst	added	online_chat,text_messaging	https://slang.net/meaning/gnst
IAIL	iail	deferred_scope_or_ambiguity	online_chat,text_messaging,social_media	https://slang.net/meaning/iail
NTL	ntl	added	online_chat	https://slang.net/meaning/ntl
DLTCU	dltcu	deferred_scope_or_ambiguity	online_chat	https://slang.net/meaning/dltcu
HTSUS	htsus	added	online_chat,text_messaging	https://slang.net/meaning/htsus
AYTMTB	aytmtb	added	online_chat,text_messaging	https://slang.net/meaning/aytmtb
SAHM	sahm	deferred_scope_or_ambiguity	online_chat,text_messaging,web_forums,social_media	https://slang.net/meaning/sahm
OMFGAZ	omfgaz	deferred_scope_or_ambiguity	online_chat,text_messaging	https://slang.net/meaning/omfgaz
SIG	sig	deferred_scope_or_ambiguity	online_chat,text_messaging	https://slang.net/meaning/sig
Wrudoin	wrudoin	added	online_chat,text_messaging	https://slang.net/meaning/wrudoin
txtin	txtin	deferred_scope_or_ambiguity	online_chat,text_messaging	https://slang.net/meaning/txtin
tlkin	tlkin	deferred_scope_or_ambiguity	online_chat,text_messaging	https://slang.net/meaning/tlkin
xitb4ili	xitb4ili	added	online_chat	https://slang.net/meaning/xitb4ili
TMTH	tmth	added	online_chat,text_messaging	https://slang.net/meaning/tmth
BASOR	basor	added	online_chat,text_messaging	https://slang.net/meaning/basor
teme	teme	deferred_scope_or_ambiguity	online_chat,text_messaging	https://slang.net/meaning/teme
LOLHK	lolhk	deferred_scope_or_ambiguity	online_chat,text_messaging,email	https://slang.net/meaning/lolhk
OMGWTFBBQ	omgwtfbbq	added	online_chat,text_messaging	https://slang.net/meaning/omgwtfbbq
poed	poed	added	online_chat,text_messaging	https://slang.net/meaning/poed
laf	laf	added	online_chat,text_messaging,social_media	https://slang.net/meaning/laf
laffing	laffing	added	online_chat,text_messaging	https://slang.net/meaning/laffing
YKHII	ykhii	added	online_chat,text_messaging,social_media	https://slang.net/meaning/ykhii
YCCOI	yccoi	added	online_chat,text_messaging	https://slang.net/meaning/yccoi
*$$	?	deferred_token_shape	online_chat,text_messaging	https://slang.net/meaning/*$$
HABD	habd	deferred_scope_or_ambiguity	online_chat,email	https://slang.net/meaning/habd
MMHRD	mmhrd	deferred_scope_or_ambiguity	online_chat,text_messaging,email	https://slang.net/meaning/mmhrd
4n	4n	deferred_scope_or_ambiguity	online_chat,text_messaging,social_media,email	https://slang.net/meaning/4n
N1C	n1c	added	online_chat,text_messaging	https://slang.net/meaning/n1c
C4N	c4n	added	online_chat,social_media,email	https://slang.net/meaning/c4n
FAF	faf	added	online_chat,text_messaging,social_media,email	https://slang.net/meaning/faf
mysp	mysp	deferred_scope_or_ambiguity	online_chat,social_media	https://slang.net/meaning/mysp
2C4U	2c4u	deferred_scope_or_ambiguity	online_chat,text_messaging	https://slang.net/meaning/2c4u
siul8r	siul8r	added	online_chat,text_messaging,email	https://slang.net/meaning/siul8r
LTD	ltd	deferred_scope_or_ambiguity	online_chat,text_messaging,social_media	https://slang.net/meaning/ltd
BTWITILY	btwitily	deferred_scope_or_ambiguity	online_chat,text_messaging,social_media	https://slang.net/meaning/btwitily
I8	i8	deferred_scope_or_ambiguity	online_chat,text_messaging	https://slang.net/meaning/i8
COA	coa	deferred_scope_or_ambiguity	online_chat,email	https://slang.net/meaning/coa
DILLIGAFF	dilligaff	added	online_chat,text_messaging,social_media	https://slang.net/meaning/dilligaff
DIKU	diku	added	online_chat,text_messaging	https://slang.net/meaning/diku
YDI	ydi	added	online_chat,text_messaging	https://slang.net/meaning/ydi
TPT	tpt	deferred_scope_or_ambiguity	online_chat,social_media	https://slang.net/meaning/tpt
MLIA	mlia	deferred_scope_or_ambiguity	online_chat,text_messaging,social_media	https://slang.net/meaning/mlia
4ever	4ever	deferred_scope_or_ambiguity	online_chat,text_messaging,social_media	https://slang.net/meaning/4ever
fn	fn	deferred_scope_or_ambiguity	online_chat,text_messaging,email	https://slang.net/meaning/fn
ATPM	atpm	deferred_scope_or_ambiguity	online_chat,text_messaging	https://slang.net/meaning/atpm
TOIOM	toiom	added	online_chat,text_messaging	https://slang.net/meaning/toiom
IHA	iha	deferred_scope_or_ambiguity	online_chat,text_messaging,email	https://slang.net/meaning/iha
abbrev	abbrev	added	online_chat,email	https://slang.net/meaning/abbrev
IAD	iad	added	online_chat,text_messaging	https://slang.net/meaning/iad
lu4ever	lu4ever	deferred_scope_or_ambiguity	online_chat,text_messaging	https://slang.net/meaning/lu4ever
W2G	w2g	added	online_chat,text_messaging,social_media	https://slang.net/meaning/w2g
ANFSCD	anfscd	added	online_chat,text_messaging,social_media	https://slang.net/meaning/anfscd
AWHFY	awhfy	added	online_chat,text_messaging,social_media	https://slang.net/meaning/awhfy
BWDIK	bwdik	added	online_chat,text_messaging	https://slang.net/meaning/bwdik
ROBL	robl	added	online_chat,text_messaging	https://slang.net/meaning/robl
Q4U	q4u	added	online_chat,text_messaging,social_media	https://slang.net/meaning/q4u
AYSOS	aysos	added	online_chat,text_messaging,social_media	https://slang.net/meaning/aysos
BMGWL	bmgwl	added	online_chat,text_messaging,social_media	https://slang.net/meaning/bmgwl
CRB	crb	added	online_chat	https://slang.net/meaning/crb
CSL	csl	added	online_chat,text_messaging	https://slang.net/meaning/csl
CYO	cyo	added	online_chat,text_messaging	https://slang.net/meaning/cyo
DLTM	dltm	added	online_chat,text_messaging	https://slang.net/meaning/dltm
FTBOMH	ftbomh	added	online_chat	https://slang.net/meaning/ftbomh
GIWIST	giwist	deferred_scope_or_ambiguity	online_chat,text_messaging	https://slang.net/meaning/giwist
IYKWIM	iykwim	added	online_chat,text_messaging,social_media	https://slang.net/meaning/iykwim
LIS	lis	added	online_chat,text_messaging	https://slang.net/meaning/lis
LTM	ltm	added	online_chat	https://slang.net/meaning/ltm
RUFR	rufr	added	online_chat,text_messaging	https://slang.net/meaning/rufr
AMG	amg	added	online_chat,text_messaging	https://slang.net/meaning/amg
DDSOS	ddsos	added	online_chat,text_messaging,social_media	https://slang.net/meaning/ddsos
IB	ib	added	online_chat,text_messaging,social_media	https://slang.net/meaning/ib
peeps	peeps	deferred_scope_or_ambiguity	online_chat	https://slang.net/meaning/peeps
PMJI	pmji	added	online_chat,web_forums,social_media	https://slang.net/meaning/pmji
WEU	weu	added	online_chat	https://slang.net/meaning/weu
WFM	wfm	added	online_chat,text_messaging	https://slang.net/meaning/wfm
BITS	bits	inflected	online_chat,social_media	https://slang.net/meaning/bits
bitmt	bitmt	added	online_chat,text_messaging	https://slang.net/meaning/bitmt
BRBS	brbs	inflected	online_chat	https://slang.net/meaning/brbs
BTAIM	btaim	added	online_chat	https://slang.net/meaning/btaim
CDIWY	cdiwy	added	online_chat,text_messaging	https://slang.net/meaning/cdiwy
CU2	cu2	added	online_chat	https://slang.net/meaning/cu2
DGARA	dgara	added	online_chat	https://slang.net/meaning/dgara
EIE	eie	added	online_chat,web_forums	https://slang.net/meaning/eie
FBOW	fbow	deferred_scope_or_ambiguity	online_chat	https://slang.net/meaning/fbow
G2B	g2b	added	online_chat	https://slang.net/meaning/g2b
GD&RVF	gd ? rvf	deferred_token_shape	online_chat,text_messaging,social_media	https://slang.net/meaning/gd&rvf
HMT	hmt	added	online_chat,web_forums	https://slang.net/meaning/hmt
IIT	iit	added	online_chat	https://slang.net/meaning/iit
LSHIFOMD	lshifomd	deferred_scope_or_ambiguity	online_chat,text_messaging	https://slang.net/meaning/lshifomd
ILYFAE	ilyfae	deferred_scope_or_ambiguity	online_chat,text_messaging	https://slang.net/meaning/ilyfae
IMOBO	imobo	added	online_chat,web_forums	https://slang.net/meaning/imobo
IWBNI	iwbni	deferred_scope_or_ambiguity	online_chat	https://slang.net/meaning/iwbni
LNK	lnk	deferred_scope_or_ambiguity	online_chat,text_messaging	https://slang.net/meaning/lnk
SAMAGAL	samagal	deferred_scope_or_ambiguity	online_chat	https://slang.net/meaning/samagal
SWL	swl	added	online_chat	https://slang.net/meaning/swl
4AYN	4ayn	deferred_scope_or_ambiguity	online_chat	https://slang.net/meaning/4ayn
ADIP	adip	deferred_scope_or_ambiguity	online_chat,text_messaging	https://slang.net/meaning/adip
BTN	btn	added	online_chat,text_messaging	https://slang.net/meaning/btn
G4N	g4n	deferred_scope_or_ambiguity	online_chat	https://slang.net/meaning/g4n
kthxbi	kthxbi	added	online_chat,text_messaging	https://slang.net/meaning/kthxbi
FWM	fwm	added	online_chat,text_messaging	https://slang.net/meaning/fwm
AAP	aap	added	online_chat,email	https://slang.net/meaning/aap
FISH	fish	existing	online_chat,text_messaging	https://slang.net/meaning/fish
INBD	inbd	added	online_chat	https://slang.net/meaning/inbd
M.02	m ? ?	deferred_token_shape	online_chat,web_forums	https://slang.net/meaning/m.02
2BZ4UQT	2bz4uqt	deferred_scope_or_ambiguity	online_chat,text_messaging,social_media	https://slang.net/meaning/2bz4uqt
5FS	5fs	deferred_scope_or_ambiguity	online_chat,text_messaging	https://slang.net/meaning/5fs
wrisit	wrisit	added	online_chat,text_messaging	https://slang.net/meaning/wrisit
FUM	fum	deferred_scope_or_ambiguity	online_chat	https://slang.net/meaning/fum
GTM	gtm	deferred_scope_or_ambiguity	online_chat,text_messaging	https://slang.net/meaning/gtm
LMAOTC	lmaotc	added	online_chat,text_messaging	https://slang.net/meaning/lmaotc
MUBAR	mubar	added	online_chat	https://slang.net/meaning/mubar
Enuf	enuf	deferred_scope_or_ambiguity	online_chat,text_messaging	https://slang.net/meaning/enuf
RUMOF	rumof	deferred_scope_or_ambiguity	online_chat,web_forums	https://slang.net/meaning/rumof
S2S	s2s	added	online_chat	https://slang.net/meaning/s2s
wk	wk	deferred_scope_or_ambiguity	online_chat,text_messaging,social_media,email	https://slang.net/meaning/wk
JJA	jja	added	online_chat	https://slang.net/meaning/jja
SNERT	snert	deferred_scope_or_ambiguity	online_chat,text_messaging	https://slang.net/meaning/snert
ne1er	ne1er	added	online_chat,web_forums	https://slang.net/meaning/ne1er
coo	coo	deferred_scope_or_ambiguity	online_chat,text_messaging	https://slang.net/meaning/coo
RDT	rdt	deferred_scope_or_ambiguity	online_chat	https://slang.net/meaning/rdt
hwk	hwk	added	online_chat	https://slang.net/meaning/hwk
JAF	jaf	deferred_scope_or_ambiguity	online_chat	https://slang.net/meaning/jaf
Frealz	frealz	added	online_chat,text_messaging	https://slang.net/meaning/frealz
Lawlz	lawlz	added	online_chat,text_messaging,social_media	https://slang.net/meaning/lawlz
IWBB	iwbb	added	online_chat	https://slang.net/meaning/iwbb
WIYP	wiyp	added	online_chat,text_messaging,web_forums	https://slang.net/meaning/wiyp
ASP	asp	deferred_scope_or_ambiguity	online_chat,text_messaging,social_media	https://slang.net/meaning/asp
evs	evs	added	online_chat,text_messaging	https://slang.net/meaning/evs
ridic	ridic	added	online_chat,text_messaging,social_media	https://slang.net/meaning/ridic
gorge	gorge	deferred_scope_or_ambiguity	online_chat,text_messaging	https://slang.net/meaning/gorge
IIWY	iiwy	added	online_chat,text_messaging	https://slang.net/meaning/iiwy
DOC	doc	deferred_scope_or_ambiguity	online_chat	https://slang.net/meaning/doc
N2MH	n2mh	deferred_scope_or_ambiguity	online_chat	https://slang.net/meaning/n2mh
Toodles	toodles	added	online_chat	https://slang.net/meaning/toodles
ura	ura	deferred_scope_or_ambiguity	online_chat,text_messaging	https://slang.net/meaning/ura
Urp	urp	deferred_scope_or_ambiguity	online_chat,text_messaging	https://slang.net/meaning/urp
Yarr	yarr	deferred_scope_or_ambiguity	online_chat	https://slang.net/meaning/yarr
ydg	ydg	deferred_scope_or_ambiguity	online_chat	https://slang.net/meaning/ydg
ZOMFG	zomfg	added	online_chat,text_messaging	https://slang.net/meaning/zomfg
anuda	anuda	deferred_scope_or_ambiguity	online_chat,text_messaging	https://slang.net/meaning/anuda
SMUN	smun	deferred_scope_or_ambiguity	online_chat	https://slang.net/meaning/smun
ICCL	iccl	added	online_chat,text_messaging,web_forums,social_media	https://slang.net/meaning/iccl
NF	nf	added	online_chat,text_messaging	https://slang.net/meaning/nf
moar	moar	deferred_scope_or_ambiguity	online_chat	https://slang.net/meaning/moar
Gerd	gerd	added	online_chat,text_messaging	https://slang.net/meaning/gerd
GW	gw	added	online_chat,text_messaging	https://slang.net/meaning/gw
ASYC	asyc	added	online_chat,text_messaging	https://slang.net/meaning/asyc
ASAYC	asayc	added	online_chat,text_messaging	https://slang.net/meaning/asayc
@TEOTD	? teotd	deferred_token_shape	online_chat,text_messaging	https://slang.net/meaning/@teotd
IHM	ihm	deferred_scope_or_ambiguity	online_chat,text_messaging	https://slang.net/meaning/ihm
Yesh	yesh	deferred_scope_or_ambiguity	online_chat,text_messaging	https://slang.net/meaning/yesh
YGTI	ygti	added	online_chat,text_messaging	https://slang.net/meaning/ygti
every1	every1	deferred_scope_or_ambiguity	online_chat,text_messaging	https://slang.net/meaning/every1
STP	stp	deferred_scope_or_ambiguity	online_chat	https://slang.net/meaning/stp
FTC	ftc	deferred_scope_or_ambiguity	online_chat,text_messaging,email	https://slang.net/meaning/ftc
AOAS	aoas	added	online_chat,text_messaging	https://slang.net/meaning/aoas
mo	mo	deferred_scope_or_ambiguity	online_chat,text_messaging	https://slang.net/meaning/mo
AIME	aime	added	online_chat,text_messaging,email	https://slang.net/meaning/aime
E2EG	e2eg	deferred_scope_or_ambiguity	online_chat,text_messaging	https://slang.net/meaning/e2eg
Attagirl	attagirl	added	online_chat,text_messaging	https://slang.net/meaning/attagirl
H2CUS	h2cus	added	online_chat,text_messaging	https://slang.net/meaning/h2cus
B@U	be ? you	deferred_token_shape	online_chat,text_messaging	https://slang.net/meaning/b@u
PLOS	plos	deferred_scope_or_ambiguity	online_chat,text_messaging	https://slang.net/meaning/plos
ROTFFL	rotffl	added	online_chat,text_messaging	https://slang.net/meaning/rotffl
NMP	nmp	added	online_chat,text_messaging	https://slang.net/meaning/nmp
1NAM	1nam	deferred_scope_or_ambiguity	online_chat,text_messaging	https://slang.net/meaning/1nam
2nte	2nte	deferred_scope_or_ambiguity	online_chat,text_messaging	https://slang.net/meaning/2nte
ABD	abd	added	online_chat,text_messaging	https://slang.net/meaning/abd
AYDY	aydy	added	online_chat,text_messaging	https://slang.net/meaning/aydy
AYEC	ayec	added	online_chat,text_messaging,email	https://slang.net/meaning/ayec
BAM	bam	deferred_scope_or_ambiguity	online_chat,text_messaging	https://slang.net/meaning/bam
BBIAF	bbiaf	existing	online_chat	https://slang.net/meaning/bbiaf
BITD	bitd	added	online_chat,text_messaging	https://slang.net/meaning/bitd
BTFO	btfo	added	online_chat,text_messaging	https://slang.net/meaning/btfo
BTHOOM	bthoom	added	online_chat,text_messaging	https://slang.net/meaning/bthoom
BWI	bwi	added	online_chat,text_messaging	https://slang.net/meaning/bwi
CRAT	crat	added	online_chat,text_messaging	https://slang.net/meaning/crat
CRAWS	craws	deferred_scope_or_ambiguity	online_chat,text_messaging	https://slang.net/meaning/craws
CUIMD	cuimd	deferred_scope_or_ambiguity	online_chat,text_messaging	https://slang.net/meaning/cuimd
DGYF	dgyf	deferred_scope_or_ambiguity	online_chat,text_messaging,social_media	https://slang.net/meaning/dgyf
DURS	durs	deferred_scope_or_ambiguity	online_chat,text_messaging	https://slang.net/meaning/durs
DWWWI	dwwwi	deferred_scope_or_ambiguity	online_chat	https://slang.net/meaning/dwwwi
EL	el	deferred_scope_or_ambiguity	online_chat,text_messaging	https://slang.net/meaning/el
ELOL	elol	added	online_chat,text_messaging	https://slang.net/meaning/elol
ILI	ili	added	online_chat,text_messaging	https://slang.net/meaning/ili
GMILY	gmily	deferred_scope_or_ambiguity	online_chat,text_messaging	https://slang.net/meaning/gmily
GWI	gwi	added	online_chat,text_messaging	https://slang.net/meaning/gwi
HITAKS	hitaks	added	online_chat,text_messaging	https://slang.net/meaning/hitaks
IANAE	ianae	deferred_scope_or_ambiguity	online_chat,text_messaging	https://slang.net/meaning/ianae
ICFILWY	icfilwy	deferred_scope_or_ambiguity	online_chat,text_messaging	https://slang.net/meaning/icfilwy
IFYP	ifyp	added	online_chat,text_messaging	https://slang.net/meaning/ifyp
ITYK	ityk	added	online_chat,text_messaging	https://slang.net/meaning/ityk
BMFL	bmfl	deferred_scope_or_ambiguity	online_chat,text_messaging	https://slang.net/meaning/bmfl
241	?	deferred_token_shape	online_chat,text_messaging,online_auctions	https://slang.net/meaning/241
7DAW	7daw	deferred_scope_or_ambiguity	online_chat,text_messaging	https://slang.net/meaning/7daw
ABP	abp	added	online_chat,web_forums	https://slang.net/meaning/abp
GAC	gac	added	online_chat,text_messaging	https://slang.net/meaning/gac
ting	ting	deferred_scope_or_ambiguity	online_chat,text_messaging	https://slang.net/meaning/ting
BFFLTDDUP	bffltddup	deferred_scope_or_ambiguity	online_chat,text_messaging	https://slang.net/meaning/bffltddup
BTDTGTTSAWIO	btdtgttsawio	deferred_scope_or_ambiguity	online_chat,text_messaging	https://slang.net/meaning/btdtgttsawio
IAWTCSM	iawtcsm	added	online_chat,web_forums,social_media	https://slang.net/meaning/iawtcsm
BAGL	bagl	added	online_chat,text_messaging	https://slang.net/meaning/bagl
BU2M	bu2m	deferred_scope_or_ambiguity	online_chat,text_messaging	https://slang.net/meaning/bu2m
MTTN	mttn	deferred_scope_or_ambiguity	online_chat,text_messaging	https://slang.net/meaning/mttn
nething	nething	deferred_scope_or_ambiguity	online_chat,text_messaging	https://slang.net/meaning/nething
TINWIS	tinwis	added	online_chat,text_messaging	https://slang.net/meaning/tinwis
TCOY	tcoy	added	online_chat,text_messaging,email	https://slang.net/meaning/tcoy
WAYF	wayf	added	online_chat	https://slang.net/meaning/wayf
TILII	tilii	added	online_chat,text_messaging	https://slang.net/meaning/tilii
SICL	sicl	added	online_chat,text_messaging	https://slang.net/meaning/sicl
DWB	dwb	deferred_scope_or_ambiguity	online_chat,text_messaging,email	https://slang.net/meaning/dwb
LNOL	lnol	added	online_chat,social_media	https://slang.net/meaning/lnol
TYLJ	tylj	deferred_scope_or_ambiguity	online_chat,text_messaging,social_media,email	https://slang.net/meaning/tylj
SFW	sfw	deferred_scope_or_ambiguity	online_chat,text_messaging,email	https://slang.net/meaning/sfw
AYPL	aypl	deferred_scope_or_ambiguity	online_chat,text_messaging	https://slang.net/meaning/aypl
LIDHE	lidhe	deferred_scope_or_ambiguity	online_chat,text_messaging	https://slang.net/meaning/lidhe
MRW	mrw	deferred_scope_or_ambiguity	online_chat,social_media	https://slang.net/meaning/mrw
PAP	pap	deferred_scope_or_ambiguity	online_chat,social_media	https://slang.net/meaning/pap
LCTS	lcts	added	online_chat,text_messaging	https://slang.net/meaning/lcts
LHH	lhh	added	online_chat,text_messaging	https://slang.net/meaning/lhh
IAFWU	iafwu	deferred_scope_or_ambiguity	online_chat,text_messaging	https://slang.net/meaning/iafwu
WI	wi	deferred_scope_or_ambiguity	online_chat,text_messaging	https://slang.net/meaning/wi
GDIT	gdit	added	online_chat,text_messaging	https://slang.net/meaning/gdit
TTR	ttr	added	online_chat,text_messaging	https://slang.net/meaning/ttr
MDA	mda	deferred_scope_or_ambiguity	online_chat,text_messaging	https://slang.net/meaning/mda
WASP	wasp	deferred_scope_or_ambiguity	online_chat,text_messaging	https://slang.net/meaning/wasp
FOD	fod	deferred_scope_or_ambiguity	online_chat,text_messaging	https://slang.net/meaning/fod
a&f	a ? f	deferred_token_shape	online_chat,text_messaging,email	https://slang.net/meaning/a&f
tek	tek	deferred_scope_or_ambiguity	online_chat,text_messaging,social_media	https://slang.net/meaning/tek
NBLNB	nblnb	deferred_scope_or_ambiguity	online_chat,web_forums,social_media	https://slang.net/meaning/nblnb
Embiggen	embiggen	deferred_scope_or_ambiguity	online_chat,text_messaging,social_media	https://slang.net/meaning/embiggen
CMM	cmm	added	online_chat,text_messaging	https://slang.net/meaning/cmm
Catch these hands	catch these hands	deferred_scope_or_ambiguity	online_chat,text_messaging,social_media	https://slang.net/meaning/catch_these_hands
S2G	s2g	added	online_chat,text_messaging,social_media	https://slang.net/meaning/s2g
CMN	cmn	deferred_scope_or_ambiguity	online_chat,text_messaging	https://slang.net/meaning/cmn
NFDL	nfdl	added	online_chat,text_messaging	https://slang.net/meaning/nfdl
ASLNP	aslnp	deferred_scope_or_ambiguity	online_chat,social_media	https://slang.net/meaning/aslnp
ASLRP	aslrp	deferred_scope_or_ambiguity	online_chat,social_media	https://slang.net/meaning/aslrp
ASLMH	aslmh	deferred_scope_or_ambiguity	online_chat	https://slang.net/meaning/aslmh
NASLP	naslp	deferred_scope_or_ambiguity	online_chat,social_media	https://slang.net/meaning/naslp
GSM	gsm	deferred_scope_or_ambiguity	online_chat,web_forums,social_media	https://slang.net/meaning/gsm
QPOC	qpoc	deferred_scope_or_ambiguity	online_chat,web_forums,social_media	https://slang.net/meaning/qpoc
QTPOC	qtpoc	deferred_scope_or_ambiguity	online_chat,web_forums,social_media	https://slang.net/meaning/qtpoc
Blag	blag	deferred_scope_or_ambiguity	online_chat,web_forums,social_media	https://slang.net/meaning/blag
DTN4L	dtn4l	deferred_scope_or_ambiguity	online_chat,text_messaging,social_media	https://slang.net/meaning/dtn4l
WYLL	wyll	deferred_scope_or_ambiguity	online_chat,social_media	https://slang.net/meaning/wyll
FOBI	fobi	deferred_scope_or_ambiguity	online_chat,text_messaging,social_media	https://slang.net/meaning/fobi
Smth	smth	deferred_scope_or_ambiguity	online_chat,text_messaging,web_forums,social_media	https://slang.net/meaning/smth
Shool	shool	deferred_scope_or_ambiguity	online_chat,text_messaging,web_forums,social_media	https://slang.net/meaning/shool
LMKWYC	lmkwyc	added	online_chat,text_messaging,social_media,email	https://slang.net/meaning/lmkwyc
NRE	nre	deferred_scope_or_ambiguity	online_chat,web_forums	https://slang.net/meaning/nre
ERE	ere	existing	online_chat,web_forums	https://slang.net/meaning/ere
ORE	ore	deferred_scope_or_ambiguity	online_chat,web_forums	https://slang.net/meaning/ore
Odee	odee	deferred_scope_or_ambiguity	online_chat,text_messaging,web_forums,social_media	https://slang.net/meaning/odee
WBK	wbk	added	online_chat,text_messaging,social_media	https://slang.net/meaning/wbk
Purr	purr	added	online_chat,text_messaging,social_media	https://slang.net/meaning/purr
Tribe	tribe	existing	online_chat,web_forums,social_media	https://slang.net/meaning/tribe
STTA	stta	added	online_chat,text_messaging,web_forums	https://slang.net/meaning/stta
collab	collab	added	online_chat,text_messaging	https://slang.net/meaning/collab
Tmr	tomorrow	existing	online_chat,text_messaging	https://slang.net/meaning/tmr
IDGAS	idgas	added	online_chat,text_messaging,social_media	https://slang.net/meaning/idgas
ML	ml	deferred_scope_or_ambiguity	online_chat,text_messaging,social_media	https://slang.net/meaning/ml
whatcha	whatcha	deferred_scope_or_ambiguity	online_chat,text_messaging	https://slang.net/meaning/whatcha
NOYFB	noyfb	added	online_chat,text_messaging	https://slang.net/meaning/noyfb
BBD	bbd	deferred_scope_or_ambiguity	online_chat,text_messaging	https://slang.net/meaning/bbd
hg	hg	deferred_scope_or_ambiguity	online_chat,text_messaging,social_media	https://slang.net/meaning/hg
WOC	woc	deferred_scope_or_ambiguity	online_chat,text_messaging,web_forums	https://slang.net/meaning/woc
Gassing up	gassing up	deferred_scope_or_ambiguity	online_chat,social_media	https://slang.net/meaning/gassing_up
DYD	dyd	deferred_scope_or_ambiguity	online_chat,text_messaging,social_media	https://slang.net/meaning/dyd
RD	rd	deferred_scope_or_ambiguity	online_chat,web_forums	https://slang.net/meaning/rd
RUSM	rusm	deferred_scope_or_ambiguity	online_chat,text_messaging	https://slang.net/meaning/rusm
RUKM	rukm	added	online_chat,text_messaging	https://slang.net/meaning/rukm
BRBRB	brbrb	added	online_chat	https://slang.net/meaning/brbrb
CULA	cula	added	online_chat	https://slang.net/meaning/cula
dlo	dlo	deferred_scope_or_ambiguity	online_chat,text_messaging	https://slang.net/meaning/dlo
DMY	dmy	deferred_scope_or_ambiguity	online_chat,text_messaging,social_media	https://slang.net/meaning/dmy
DS	ds	deferred_scope_or_ambiguity	online_chat,text_messaging,web_forums,social_media	https://slang.net/meaning/ds
GI	gi	deferred_scope_or_ambiguity	online_chat,text_messaging,web_forums	https://slang.net/meaning/gi
GICBTS	gicbts	added	online_chat	https://slang.net/meaning/gicbts
GOWI	gowi	added	online_chat,text_messaging	https://slang.net/meaning/gowi
LYLAS	lylas	deferred_scope_or_ambiguity	online_chat,text_messaging,social_media	https://slang.net/meaning/lylas
LOFL	lofl	added	online_chat,text_messaging	https://slang.net/meaning/lofl
LYMI	lymi	deferred_scope_or_ambiguity	online_chat,text_messaging,social_media	https://slang.net/meaning/lymi
MOO	moo	added	online_chat,text_messaging,web_forums,social_media	https://slang.net/meaning/moo
ROTFLMBO	rotflmbo	added	online_chat	https://slang.net/meaning/rotflmbo
SOSO	soso	added	online_chat,text_messaging	https://slang.net/meaning/soso
SUAFU	suafu	deferred_scope_or_ambiguity	online_chat	https://slang.net/meaning/suafu
SWMBO	swmbo	deferred_scope_or_ambiguity	online_chat,text_messaging	https://slang.net/meaning/swmbo
VBG	vbg	deferred_scope_or_ambiguity	online_chat,text_messaging,social_media	https://slang.net/meaning/vbg
WDMB	wdmb	added	online_chat,text_messaging	https://slang.net/meaning/wdmb
GR&D	gr ? d	deferred_token_shape	online_chat,text_messaging,social_media	https://slang.net/meaning/gr&d
M02	m02	deferred_scope_or_ambiguity	online_chat,web_forums,social_media	https://slang.net/meaning/m02
SOOI	sooi	added	online_chat,text_messaging	https://slang.net/meaning/sooi
K	ok	existing	online_chat,text_messaging,common	https://slang.net/meaning/k
GD&R	gd ? are	deferred_token_shape	online_chat,text_messaging	https://slang.net/meaning/gd&r
WHYBAD	whybad	added	online_chat,text_messaging	https://slang.net/meaning/whybad
N/M/H	and ? m ? h	deferred_token_shape	online_chat	https://slang.net/meaning/n/m/h
UKWIS	ukwis	added	online_chat,text_messaging	https://slang.net/meaning/ukwis
lyn	lyn	deferred_scope_or_ambiguity	online_chat,text_messaging	https://slang.net/meaning/lyn
ne	ne	deferred_scope_or_ambiguity	online_chat,text_messaging	https://slang.net/meaning/ne
rucmng	rucmng	added	online_chat,text_messaging	https://slang.net/meaning/rucmng
soz	sorry	existing	online_chat,text_messaging	https://slang.net/meaning/soz
LBF	lbf	added	online_chat,text_messaging	https://slang.net/meaning/lbf
FOTFLMAO	fotflmao	added	online_chat,text_messaging	https://slang.net/meaning/fotflmao
LST	lst	deferred_scope_or_ambiguity	online_chat,text_messaging	https://slang.net/meaning/lst
dnt	dnt	deferred_scope_or_ambiguity	online_chat,text_messaging	https://slang.net/meaning/dnt
C&G	c ? g	deferred_token_shape	online_chat,social_media	https://slang.net/meaning/c&g
kl	kl	added	online_chat,text_messaging	https://slang.net/meaning/kl
ILYWAMH	ilywamh	deferred_scope_or_ambiguity	online_chat,email	https://slang.net/meaning/ilywamh
RDF	rdf	deferred_scope_or_ambiguity	online_chat,text_messaging	https://slang.net/meaning/rdf
BYH	byh	deferred_scope_or_ambiguity	online_chat,text_messaging,email	https://slang.net/meaning/byh
RBAY	rbay	added	online_chat,text_messaging	https://slang.net/meaning/rbay
PMPL	pmpl	added	online_chat,text_messaging	https://slang.net/meaning/pmpl
chx	chx	deferred_scope_or_ambiguity	online_chat	https://slang.net/meaning/chx
ROFLMBWAO	roflmbwao	deferred_scope_or_ambiguity	online_chat	https://slang.net/meaning/roflmbwao
TMSF	tmsf	deferred_scope_or_ambiguity	online_chat,web_forums	https://slang.net/meaning/tmsf
GYFO	gyfo	deferred_scope_or_ambiguity	online_chat,text_messaging	https://slang.net/meaning/gyfo
LIG	lig	added	online_chat,social_media	https://slang.net/meaning/lig
YG2BJ	yg2bj	added	online_chat,text_messaging	https://slang.net/meaning/yg2bj
ABCP	abcp	deferred_scope_or_ambiguity	online_chat	https://slang.net/meaning/abcp
NMJCY	nmjcy	added	online_chat	https://slang.net/meaning/nmjcy
KM	km	deferred_scope_or_ambiguity	online_chat,text_messaging	https://slang.net/meaning/km
INU	inu	added	online_chat,text_messaging,email	https://slang.net/meaning/inu
AYKM	aykm	added	online_chat,text_messaging	https://slang.net/meaning/aykm
CB	cb	deferred_scope_or_ambiguity	online_chat,social_media	https://slang.net/meaning/cb
IMS	ims	deferred_scope_or_ambiguity	online_chat,text_messaging	https://slang.net/meaning/ims
UW	uw	added	online_chat,text_messaging,social_media	https://slang.net/meaning/uw
LOQ	loq	added	online_chat,text_messaging	https://slang.net/meaning/loq
TTYW	ttyw	added	online_chat,text_messaging,email	https://slang.net/meaning/ttyw
GAG	gag	deferred_scope_or_ambiguity	online_chat,text_messaging	https://slang.net/meaning/gag
LFD	lfd	added	online_chat,email	https://slang.net/meaning/lfd
SUF	suf	added	online_chat,text_messaging	https://slang.net/meaning/suf
samzd	samzd	added	online_chat,text_messaging	https://slang.net/meaning/samzd
NN2R	nn2r	added	online_chat,text_messaging,email	https://slang.net/meaning/nn2r
SMDH	smdh	existing	online_chat,text_messaging,social_media	https://slang.net/meaning/smdh
BTWITIAILWY	btwitiailwy	deferred_scope_or_ambiguity	online_chat,text_messaging	https://slang.net/meaning/btwitiailwy
IFOCN	ifocn	deferred_scope_or_ambiguity	online_chat	https://slang.net/meaning/ifocn
LOLROFLMAO	lolroflmao	added	online_chat,text_messaging,social_media	https://slang.net/meaning/lolroflmao
POMS	poms	deferred_scope_or_ambiguity	online_chat,text_messaging	https://slang.net/meaning/poms
WUA	wua	deferred_scope_or_ambiguity	online_chat,text_messaging	https://slang.net/meaning/wua
ohemgee	ohemgee	added	online_chat,text_messaging	https://slang.net/meaning/ohemgee
LOC	loc	deferred_scope_or_ambiguity	online_chat,social_media	https://slang.net/meaning/loc
FOB	fob	deferred_scope_or_ambiguity	online_chat	https://slang.net/meaning/fob
CD9	cd9	deferred_scope_or_ambiguity	online_chat	https://slang.net/meaning/cd9
wv	wv	deferred_scope_or_ambiguity	online_chat,text_messaging,social_media	https://slang.net/meaning/wv
AMBL	ambl	deferred_scope_or_ambiguity	online_chat,text_messaging,email	https://slang.net/meaning/ambl
CTFU	ctfu	added	online_chat,text_messaging	https://slang.net/meaning/ctfu
CRTLA	crtla	deferred_scope_or_ambiguity	online_chat,social_media,email	https://slang.net/meaning/crtla
2mr	2mr	deferred_scope_or_ambiguity	online_chat	https://slang.net/meaning/2mr
WLOL	wlol	deferred_scope_or_ambiguity	online_chat,text_messaging	https://slang.net/meaning/wlol
WUGF	wugf	deferred_scope_or_ambiguity	online_chat,text_messaging	https://slang.net/meaning/wugf
pl8	pl8	deferred_scope_or_ambiguity	online_chat,text_messaging	https://slang.net/meaning/pl8
SWA	swa	deferred_scope_or_ambiguity	online_chat,text_messaging,web_forums	https://slang.net/meaning/swa
SWAS	swas	added	online_chat,text_messaging,email	https://slang.net/meaning/swas
BTWITIILWY	btwitiilwy	deferred_scope_or_ambiguity	online_chat,text_messaging,email	https://slang.net/meaning/btwitiilwy
BEG	beg	existing	online_chat,text_messaging,email	https://slang.net/meaning/beg
GBHK	gbhk	deferred_scope_or_ambiguity	online_chat,text_messaging,email	https://slang.net/meaning/gbhk
J4G	j4g	added	online_chat,text_messaging	https://slang.net/meaning/j4g
STLSDR	stlsdr	added	online_chat,web_forums,social_media,email	https://slang.net/meaning/stlsdr
LTS	lts	added	online_chat,email	https://slang.net/meaning/lts
HYL	hyl	added	online_chat,text_messaging,web_forums	https://slang.net/meaning/hyl
BWQ	bwq	deferred_scope_or_ambiguity	online_chat,web_forums	https://slang.net/meaning/bwq
CFS	cfs	deferred_scope_or_ambiguity	online_chat,text_messaging	https://slang.net/meaning/cfs
CWYL	cwyl	added	online_chat	https://slang.net/meaning/cwyl
FOTCL	fotcl	added	online_chat	https://slang.net/meaning/fotcl
hmwk	hmwk	added	online_chat	https://slang.net/meaning/hmwk
IFVB	ifvb	added	online_chat,social_media	https://slang.net/meaning/ifvb
II	ii	added	online_chat	https://slang.net/meaning/ii
LHM	lhm	added	online_chat,text_messaging	https://slang.net/meaning/lhm
IG2P	ig2p	added	online_chat	https://slang.net/meaning/ig2p
LOMLILY	lomlily	deferred_scope_or_ambiguity	online_chat	https://slang.net/meaning/lomlily
NOM	nom	added	online_chat,text_messaging,social_media	https://slang.net/meaning/nom
SOMY	somy	added	online_chat,email	https://slang.net/meaning/somy
4COL	4col	added	online_chat,text_messaging	https://slang.net/meaning/4col
OMH	omh	added	online_chat,text_messaging	https://slang.net/meaning/omh
ema	ema	deferred_scope_or_ambiguity	online_chat,text_messaging	https://slang.net/meaning/ema
C9	c9	deferred_scope_or_ambiguity	online_chat	https://slang.net/meaning/c9
HWGA	hwga	added	online_chat,text_messaging	https://slang.net/meaning/hwga
KMSL	kmsl	added	online_chat,social_media	https://slang.net/meaning/kmsl
02	?	deferred_token_shape	online_chat	https://slang.net/meaning/02
2moro	2moro	deferred_scope_or_ambiguity	online_chat,text_messaging,social_media	https://slang.net/meaning/2moro
bibi	bibi	added	online_chat,text_messaging	https://slang.net/meaning/bibi
C/S	c ? s	deferred_token_shape	online_chat,web_forums,social_media	https://slang.net/meaning/c/s
c-p	c p	deferred_scope_or_ambiguity	online_chat,text_messaging	https://slang.net/meaning/c-p
grrlz	grrlz	deferred_scope_or_ambiguity	online_chat	https://slang.net/meaning/grrlz
H4U	h4u	deferred_scope_or_ambiguity	online_chat,text_messaging	https://slang.net/meaning/h4u
KFY	kfy	deferred_scope_or_ambiguity	online_chat,text_messaging	https://slang.net/meaning/kfy
TAU	tau	deferred_scope_or_ambiguity	online_chat,text_messaging,social_media,email	https://slang.net/meaning/tau
AFAIR	afair	existing	online_chat,text_messaging	https://slang.net/meaning/afair
Terribad	terribad	added	online_chat,text_messaging,web_forums	https://slang.net/meaning/terribad
tlking	tlking	deferred_scope_or_ambiguity	online_chat,text_messaging	https://slang.net/meaning/tlking
ight	ight	added	online_chat,text_messaging	https://slang.net/meaning/ight
oomf	oomf	deferred_scope_or_ambiguity	online_chat,text_messaging,social_media,email	https://slang.net/meaning/oomf
RBTL	rbtl	added	online_chat	https://slang.net/meaning/rbtl
W4U	w4u	added	online_chat,text_messaging	https://slang.net/meaning/w4u
holla	holla	deferred_scope_or_ambiguity	online_chat	https://slang.net/meaning/holla
Attaboy	attaboy	added	online_chat,text_messaging	https://slang.net/meaning/attaboy
tho	though	deferred_scope_or_ambiguity	online_chat,text_messaging,social_media	https://slang.net/meaning/tho
CRN	crn	added	online_chat,text_messaging,social_media	https://slang.net/meaning/crn
Smexy	smexy	deferred_scope_or_ambiguity	online_chat	https://slang.net/meaning/smexy
DDG	ddg	deferred_scope_or_ambiguity	online_chat,text_messaging	https://slang.net/meaning/ddg
LTHTT	lthtt	added	online_chat,text_messaging	https://slang.net/meaning/lthtt
NITM	nitm	added	online_chat,text_messaging	https://slang.net/meaning/nitm
vry	vry	deferred_scope_or_ambiguity	online_chat,text_messaging	https://slang.net/meaning/vry
PTOYED	ptoyed	deferred_scope_or_ambiguity	online_chat,text_messaging	https://slang.net/meaning/ptoyed
UG2BK	ug2bk	added	online_chat,text_messaging	https://slang.net/meaning/ug2bk
AATK	aatk	deferred_scope_or_ambiguity	online_chat	https://slang.net/meaning/aatk
NEWO	newo	deferred_scope_or_ambiguity	online_chat,text_messaging	https://slang.net/meaning/newo
btr	btr	deferred_scope_or_ambiguity	online_chat,text_messaging	https://slang.net/meaning/btr
DBMIB	dbmib	added	online_chat,text_messaging	https://slang.net/meaning/dbmib
EWI	ewi	deferred_scope_or_ambiguity	online_chat,text_messaging,email	https://slang.net/meaning/ewi
UTFL	utfl	deferred_scope_or_ambiguity	online_chat,text_messaging	https://slang.net/meaning/utfl
DGT	dgt	added	online_chat,text_messaging	https://slang.net/meaning/dgt
LSHMBH	lshmbh	deferred_scope_or_ambiguity	online_chat,text_messaging	https://slang.net/meaning/lshmbh
URTM	urtm	deferred_scope_or_ambiguity	online_chat,text_messaging	https://slang.net/meaning/urtm
YGTBKM	ygtbkm	added	online_chat,text_messaging	https://slang.net/meaning/ygtbkm
LSHIH	lshih	deferred_scope_or_ambiguity	online_chat,text_messaging	https://slang.net/meaning/lshih
SMAIM	smaim	deferred_scope_or_ambiguity	online_chat,text_messaging	https://slang.net/meaning/smaim
OWTTE	owtte	added	online_chat,text_messaging	https://slang.net/meaning/owtte
Snoozle	snoozle	deferred_scope_or_ambiguity	online_chat,text_messaging,social_media	https://slang.net/meaning/snoozle
BBQ	bbq	deferred_scope_or_ambiguity	online_chat,text_messaging,social_media	https://slang.net/meaning/bbq
SFTME	sftme	deferred_scope_or_ambiguity	online_chat,email	https://slang.net/meaning/sftme
ELI5	eli5	added	online_chat,text_messaging	https://slang.net/meaning/eli5
IDFKA	idfka	added	online_chat,text_messaging	https://slang.net/meaning/idfka
STS	sts	deferred_scope_or_ambiguity	online_chat,text_messaging,web_forums	https://slang.net/meaning/sts
perf	perf	added	online_chat,text_messaging	https://slang.net/meaning/perf
IMMD	immd	added	online_chat,text_messaging	https://slang.net/meaning/immd
ICYWTBE	icywtbe	deferred_scope_or_ambiguity	online_chat,text_messaging,social_media	https://slang.net/meaning/icywtbe
Shiz	shiz	deferred_scope_or_ambiguity	online_chat,text_messaging	https://slang.net/meaning/shiz
sntnc	sntnc	deferred_scope_or_ambiguity	online_chat,text_messaging	https://slang.net/meaning/sntnc
IMP	imp	added	online_chat,text_messaging	https://slang.net/meaning/imp
TMTT	tmtt	added	online_chat,text_messaging	https://slang.net/meaning/tmtt
BYAM	byam	added	online_chat,text_messaging,email	https://slang.net/meaning/byam
ibfs	ibfs	deferred_scope_or_ambiguity	online_chat,text_messaging,social_media	https://slang.net/meaning/ibfs
IANAD	ianad	deferred_scope_or_ambiguity	online_chat,text_messaging	https://slang.net/meaning/ianad
BTS	bts	deferred_scope_or_ambiguity	online_chat,text_messaging,common,web_forums,social_media	https://slang.net/meaning/bts
MTF	mtf	deferred_scope_or_ambiguity	online_chat,text_messaging,web_forums,social_media,email	https://slang.net/meaning/mtf
Hella	hella	deferred_scope_or_ambiguity	online_chat,text_messaging,web_forums,social_media	https://slang.net/meaning/hella
IKTR	iktr	added	online_chat,social_media	https://slang.net/meaning/iktr
ABOC	aboc	deferred_scope_or_ambiguity	online_chat,text_messaging	https://slang.net/meaning/aboc
Yeen	yeen	deferred_scope_or_ambiguity	online_chat,social_media	https://slang.net/meaning/yeen
OINK	oink	deferred_scope_or_ambiguity	online_chat,web_forums,social_media	https://slang.net/meaning/oink
H&W	h ? with	deferred_token_shape	online_chat,text_messaging,web_forums	https://slang.net/meaning/h&w
perm	perm	deferred_scope_or_ambiguity	online_chat,web_forums	https://slang.net/meaning/perm
S/O	s ? o	deferred_token_shape	online_chat,text_messaging,online_auctions,social_media	https://slang.net/meaning/s/o
yn	yn	deferred_scope_or_ambiguity	online_chat,text_messaging,web_forums,email	https://slang.net/meaning/yn
AAMOF	aamof	added	online_chat,text_messaging,social_media	https://slang.net/meaning/aamof
blvmot	blvmot	added	online_chat,text_messaging	https://slang.net/meaning/blvmot
HTN	htn	deferred_scope_or_ambiguity	online_chat,text_messaging	https://slang.net/meaning/htn
HH	hh	deferred_scope_or_ambiguity	online_chat,text_messaging	https://slang.net/meaning/hh
IRSTBO	irstbo	deferred_scope_or_ambiguity	online_chat,text_messaging,social_media	https://slang.net/meaning/irstbo
JLMK	jlmk	added	online_chat,text_messaging,social_media	https://slang.net/meaning/jlmk
NMJC	nmjc	added	online_chat,text_messaging	https://slang.net/meaning/nmjc
YOOW	yoow	deferred_scope_or_ambiguity	online_chat,text_messaging	https://slang.net/meaning/yoow
Z	z	deferred_scope_or_ambiguity	online_chat	https://slang.net/meaning/z
GBH&K	gbh ? ok	deferred_token_shape	online_chat,text_messaging,social_media	https://slang.net/meaning/gbh&k
LMAOROF	lmaorof	added	online_chat,text_messaging	https://slang.net/meaning/lmaorof
PMWOF	pmwof	deferred_scope_or_ambiguity	online_chat	https://slang.net/meaning/pmwof
PTB	ptb	deferred_scope_or_ambiguity	online_chat,web_forums	https://slang.net/meaning/ptb
FFWE	ffwe	deferred_scope_or_ambiguity	online_chat,text_messaging	https://slang.net/meaning/ffwe
LULAS	lulas	deferred_scope_or_ambiguity	online_chat	https://slang.net/meaning/lulas
MOTAS	motas	deferred_scope_or_ambiguity	online_chat,text_messaging,web_forums	https://slang.net/meaning/motas
WOA	woa	deferred_scope_or_ambiguity	online_chat,text_messaging	https://slang.net/meaning/woa
GSHIWMP	gshiwmp	deferred_scope_or_ambiguity	online_chat	https://slang.net/meaning/gshiwmp
1ce	1ce	deferred_scope_or_ambiguity	online_chat,text_messaging	https://slang.net/meaning/1ce
puks	puks	deferred_scope_or_ambiguity	online_chat,text_messaging	https://slang.net/meaning/puks
LLC	llc	added	online_chat,text_messaging	https://slang.net/meaning/llc
WRUD	wrud	added	online_chat,text_messaging	https://slang.net/meaning/wrud
BOOMS	booms	inflected	online_chat,text_messaging	https://slang.net/meaning/booms
wkd	wkd	deferred_scope_or_ambiguity	online_chat,text_messaging	https://slang.net/meaning/wkd
sk8r	sk8r	deferred_scope_or_ambiguity	online_chat,text_messaging	https://slang.net/meaning/sk8r
gpw	gpw	deferred_scope_or_ambiguity	online_chat,web_forums,email	https://slang.net/meaning/gpw
OO	oo	deferred_scope_or_ambiguity	online_chat,text_messaging,email	https://slang.net/meaning/oo
j	j	deferred_scope_or_ambiguity	online_chat,text_messaging,email	https://slang.net/meaning/j
G2PB	g2pb	added	online_chat,text_messaging	https://slang.net/meaning/g2pb
SYS	sys	added	online_chat,text_messaging,email	https://slang.net/meaning/sys
DYM	dym	added	online_chat,text_messaging	https://slang.net/meaning/dym
no	no	existing	online_chat,text_messaging	https://slang.net/meaning/no
BIC	bic	deferred_scope_or_ambiguity	online_chat	https://slang.net/meaning/bic
YPML	ypml	added	online_chat,text_messaging	https://slang.net/meaning/ypml
AAWC	aawc	deferred_scope_or_ambiguity	online_chat,text_messaging,email	https://slang.net/meaning/aawc
IAWMP	iawmp	deferred_scope_or_ambiguity	online_chat,text_messaging	https://slang.net/meaning/iawmp
OMGROFLMAO	omgroflmao	added	online_chat,text_messaging	https://slang.net/meaning/omgroflmao
LTMQ	ltmq	added	online_chat	https://slang.net/meaning/ltmq
LMFHO	lmfho	added	online_chat,text_messaging	https://slang.net/meaning/lmfho
GBTTD	gbttd	added	online_chat	https://slang.net/meaning/gbttd
LWT	lwt	added	online_chat,text_messaging	https://slang.net/meaning/lwt
tlk	tlk	deferred_scope_or_ambiguity	online_chat,text_messaging	https://slang.net/meaning/tlk
LOTI	loti	added	online_chat,text_messaging	https://slang.net/meaning/loti
omgf	omgf	deferred_scope_or_ambiguity	online_chat,text_messaging	https://slang.net/meaning/omgf
YSJ	ysj	deferred_scope_or_ambiguity	online_chat,text_messaging,social_media	https://slang.net/meaning/ysj
PDH	pdh	deferred_scope_or_ambiguity	online_chat,text_messaging,social_media	https://slang.net/meaning/pdh
cu2mr	cu2mr	added	online_chat	https://slang.net/meaning/cu2mr
BTHO	btho	added	online_chat,text_messaging	https://slang.net/meaning/btho
URAL	ural	deferred_scope_or_ambiguity	online_chat,text_messaging,email	https://slang.net/meaning/ural
BST	bst	added	online_chat,text_messaging	https://slang.net/meaning/bst
GBR	gbr	deferred_scope_or_ambiguity	online_chat,web_forums	https://slang.net/meaning/gbr
SHID	shid	added	online_chat	https://slang.net/meaning/shid
TU	tu	added	online_chat,text_messaging	https://slang.net/meaning/tu
YOYO	yoyo	added	online_chat	https://slang.net/meaning/yoyo
AAS	aas	inflected	online_chat	https://slang.net/meaning/aas
Ppp	ppp	deferred_scope_or_ambiguity	online_chat,email	https://slang.net/meaning/ppp
mum	mum	deferred_scope_or_ambiguity	online_chat,social_media	https://slang.net/meaning/mum
YST	yst	added	online_chat,text_messaging	https://slang.net/meaning/yst
ceebs	ceebs	added	online_chat,text_messaging,social_media	https://slang.net/meaning/ceebs
spim	spim	added	online_chat	https://slang.net/meaning/spim
ADIH	adih	deferred_scope_or_ambiguity	online_chat,text_messaging	https://slang.net/meaning/adih
BRO	bro	existing	online_chat,text_messaging,common	https://slang.net/meaning/bro
KMUF	kmuf	deferred_scope_or_ambiguity	online_chat,text_messaging	https://slang.net/meaning/kmuf
Paper	paper	existing	online_chat	https://slang.net/meaning/paper
CICYH	cicyh	deferred_scope_or_ambiguity	online_chat,text_messaging	https://slang.net/meaning/cicyh
L8rg8r	l8rg8r	added	online_chat,text_messaging	https://slang.net/meaning/l8rg8r
ADAD	adad	deferred_scope_or_ambiguity	online_chat,text_messaging	https://slang.net/meaning/adad
FSE	fse	added	online_chat,text_messaging	https://slang.net/meaning/fse
chk	chk	deferred_scope_or_ambiguity	online_chat,text_messaging,social_media	https://slang.net/meaning/chk
clk	clk	deferred_scope_or_ambiguity	online_chat,text_messaging,social_media	https://slang.net/meaning/clk
cre8	cre8	deferred_scope_or_ambiguity	online_chat,text_messaging,social_media	https://slang.net/meaning/cre8
AFDA	afda	deferred_scope_or_ambiguity	online_chat,text_messaging,social_media	https://slang.net/meaning/afda
CLM	clm	deferred_scope_or_ambiguity	online_chat	https://slang.net/meaning/clm
4AO	4ao	deferred_scope_or_ambiguity	online_chat,text_messaging	https://slang.net/meaning/4ao
AFAIAA	afaiaa	added	online_chat,text_messaging	https://slang.net/meaning/afaiaa
BHG	bhg	deferred_scope_or_ambiguity	online_chat,text_messaging	https://slang.net/meaning/bhg
BTWBO	btwbo	deferred_scope_or_ambiguity	online_chat,text_messaging	https://slang.net/meaning/btwbo
BFUT	bfut	deferred_scope_or_ambiguity	online_chat,text_messaging	https://slang.net/meaning/bfut
1aat	1aat	added	online_chat,text_messaging	https://slang.net/meaning/1aat
fln	fln	deferred_scope_or_ambiguity	online_chat,text_messaging	https://slang.net/meaning/fln
uncrtn	uncrtn	added	online_chat,text_messaging	https://slang.net/meaning/uncrtn
HBH	hbh	deferred_scope_or_ambiguity	online_chat,text_messaging	https://slang.net/meaning/hbh
PWOMS	pwoms	deferred_scope_or_ambiguity	online_chat,text_messaging	https://slang.net/meaning/pwoms
IDW	idw	deferred_scope_or_ambiguity	online_chat,text_messaging,social_media	https://slang.net/meaning/idw
BFF&E	bff ? e	deferred_token_shape	online_chat,text_messaging,social_media	https://slang.net/meaning/bff&e
LMKWYT	lmkwyt	added	online_chat,text_messaging,email	https://slang.net/meaning/lmkwyt
CBFW	cbfw	deferred_scope_or_ambiguity	online_chat,text_messaging,social_media	https://slang.net/meaning/cbfw
Crine	crine	added	online_chat,text_messaging,social_media	https://slang.net/meaning/crine
2DFM	2dfm	deferred_scope_or_ambiguity	online_chat,social_media	https://slang.net/meaning/2dfm
GFN	gfn	added	online_chat,social_media	https://slang.net/meaning/gfn
JOOC	jooc	added	online_chat	https://slang.net/meaning/jooc
w8am	w8am	added	online_chat,text_messaging	https://slang.net/meaning/w8am
WADITWB	waditwb	added	online_chat,text_messaging	https://slang.net/meaning/waditwb
Rm	rm	deferred_scope_or_ambiguity	online_chat,text_messaging	https://slang.net/meaning/rm
BLTN	bltn	added	online_chat	https://slang.net/meaning/bltn
PPDA	ppda	deferred_scope_or_ambiguity	online_chat	https://slang.net/meaning/ppda
DYTTH	dytth	deferred_scope_or_ambiguity	online_chat,text_messaging	https://slang.net/meaning/dytth
Bubi	bubi	added	online_chat,text_messaging	https://slang.net/meaning/bubi
MW	mw	added	online_chat,text_messaging	https://slang.net/meaning/mw
T2UL	t2ul	added	online_chat,text_messaging	https://slang.net/meaning/t2ul
t2ul8er	t2ul8er	added	online_chat,text_messaging	https://slang.net/meaning/t2ul8er
xep	xep	deferred_scope_or_ambiguity	online_chat,text_messaging	https://slang.net/meaning/xep
Rgd	rgd	deferred_scope_or_ambiguity	online_chat,text_messaging,social_media,email	https://slang.net/meaning/rgd
IDS	ids	added	online_chat,text_messaging	https://slang.net/meaning/ids
LAFS	lafs	deferred_scope_or_ambiguity	online_chat,text_messaging	https://slang.net/meaning/lafs
mmk	mmk	added	online_chat,text_messaging	https://slang.net/meaning/mmk
CYT	cyt	added	online_chat,text_messaging,email	https://slang.net/meaning/cyt
NPS	nps	existing	online_chat,text_messaging	https://slang.net/meaning/nps
SETE	sete	deferred_scope_or_ambiguity	online_chat,text_messaging	https://slang.net/meaning/sete
aar8	aar8	added	online_chat,text_messaging	https://slang.net/meaning/aar8
H/P	h ? p	deferred_token_shape	online_chat	https://slang.net/meaning/h/p
O4U	o4u	deferred_scope_or_ambiguity	online_chat	https://slang.net/meaning/o4u
sesh	sesh	added	online_chat,text_messaging	https://slang.net/meaning/sesh
Swot	swot	deferred_scope_or_ambiguity	online_chat	https://slang.net/meaning/swot
GAD	gad	added	online_chat,text_messaging	https://slang.net/meaning/gad
GTPB	gtpb	added	online_chat,text_messaging	https://slang.net/meaning/gtpb
ALW	alw	deferred_scope_or_ambiguity	online_chat,text_messaging	https://slang.net/meaning/alw
BTOIYA	btoiya	deferred_scope_or_ambiguity	online_chat,text_messaging	https://slang.net/meaning/btoiya
CY	cy	added	online_chat,text_messaging	https://slang.net/meaning/cy
LOLH	lolh	deferred_scope_or_ambiguity	online_chat,text_messaging	https://slang.net/meaning/lolh
GNA	gna	added	online_chat	https://slang.net/meaning/gna
BFTP	bftp	deferred_scope_or_ambiguity	online_chat,text_messaging,social_media	https://slang.net/meaning/bftp
WIU	wiu	added	online_chat,text_messaging	https://slang.net/meaning/wiu
xme	xme	added	online_chat,text_messaging	https://slang.net/meaning/xme
TRWTF	trwtf	deferred_scope_or_ambiguity	online_chat,web_forums	https://slang.net/meaning/trwtf
p	p	deferred_scope_or_ambiguity	online_chat,text_messaging	https://slang.net/meaning/p
BBF	bbf	deferred_scope_or_ambiguity	online_chat,text_messaging,social_media	https://slang.net/meaning/bbf
WFP	wfp	deferred_scope_or_ambiguity	online_chat,text_messaging	https://slang.net/meaning/wfp
BTA	bta	added	online_chat,text_messaging	https://slang.net/meaning/bta
GIWISI	giwisi	deferred_scope_or_ambiguity	online_chat	https://slang.net/meaning/giwisi
IDNDT	idndt	added	online_chat,text_messaging	https://slang.net/meaning/idndt
ONNA	onna	added	online_chat,text_messaging	https://slang.net/meaning/onna
SSDD	ssdd	added	online_chat,text_messaging	https://slang.net/meaning/ssdd
SMEM	smem	deferred_scope_or_ambiguity	online_chat,text_messaging	https://slang.net/meaning/smem
IWTY	iwty	deferred_scope_or_ambiguity	online_chat,text_messaging	https://slang.net/meaning/iwty
IDGRA	idgra	added	online_chat,text_messaging,email	https://slang.net/meaning/idgra
sum1	sum1	deferred_scope_or_ambiguity	online_chat,text_messaging	https://slang.net/meaning/sum1
ISH	ish	deferred_scope_or_ambiguity	online_chat,text_messaging	https://slang.net/meaning/ish
lv1	lv1	deferred_scope_or_ambiguity	online_chat,text_messaging	https://slang.net/meaning/lv1
IDHI	idhi	added	online_chat,text_messaging	https://slang.net/meaning/idhi
L8er	l8er	added	online_chat,text_messaging	https://slang.net/meaning/l8er
SALAB	salab	added	online_chat,text_messaging,social_media	https://slang.net/meaning/salab
SLAP	slap	existing	online_chat,text_messaging,email	https://slang.net/meaning/slap
TTG	ttg	added	online_chat,text_messaging	https://slang.net/meaning/ttg
LD	ld	added	online_chat,text_messaging	https://slang.net/meaning/ld
CSG	csg	deferred_scope_or_ambiguity	online_chat	https://slang.net/meaning/csg
KKWT	kkwt	deferred_scope_or_ambiguity	online_chat	https://slang.net/meaning/kkwt
DYHAG	dyhag	deferred_scope_or_ambiguity	online_chat	https://slang.net/meaning/dyhag
511	?	deferred_token_shape	online_chat,text_messaging	https://slang.net/meaning/511
Permabanned	permabanned	added	online_chat	https://slang.net/meaning/permabanned
AFPOE	afpoe	deferred_scope_or_ambiguity	online_chat,text_messaging	https://slang.net/meaning/afpoe
AFDB	afdb	deferred_scope_or_ambiguity	online_chat,text_messaging,social_media	https://slang.net/meaning/afdb
chln	chln	added	online_chat,text_messaging	https://slang.net/meaning/chln
DBABAI	dbabai	added	online_chat,text_messaging	https://slang.net/meaning/dbabai
GT	gt	added	online_chat,text_messaging	https://slang.net/meaning/gt
EG	eg	deferred_scope_or_ambiguity	online_chat,email	https://slang.net/meaning/eg
PIMP	pimp	deferred_scope_or_ambiguity	online_chat,text_messaging,social_media	https://slang.net/meaning/pimp
rdnk	rdnk	deferred_scope_or_ambiguity	online_chat	https://slang.net/meaning/rdnk
WBWYC	wbwyc	added	online_chat,text_messaging,email	https://slang.net/meaning/wbwyc
MOTOS	motos	deferred_scope_or_ambiguity	online_chat,text_messaging	https://slang.net/meaning/motos
Hot-tea	hot tea	deferred_scope_or_ambiguity	online_chat,text_messaging	https://slang.net/meaning/hot-tea
VN	vn	added	online_chat,text_messaging	https://slang.net/meaning/vn
hry	hry	deferred_scope_or_ambiguity	online_chat,text_messaging	https://slang.net/meaning/hry
PTSB	ptsb	deferred_scope_or_ambiguity	online_chat,text_messaging	https://slang.net/meaning/ptsb
TTYLMF	ttylmf	added	online_chat	https://slang.net/meaning/ttylmf
BIOYE	bioye	deferred_scope_or_ambiguity	online_chat,text_messaging	https://slang.net/meaning/bioye
DR	dr	deferred_scope_or_ambiguity	online_chat,text_messaging	https://slang.net/meaning/dr
SO8	so8	deferred_scope_or_ambiguity	online_chat,text_messaging	https://slang.net/meaning/so8
SFS	sfs	added	online_chat	https://slang.net/meaning/sfs
GOLF	golf	existing	online_chat,text_messaging	https://slang.net/meaning/golf
cia	cia	added	online_chat,text_messaging	https://slang.net/meaning/cia
YRAG	yrag	deferred_scope_or_ambiguity	online_chat,text_messaging,social_media	https://slang.net/meaning/yrag
Der	der	added	online_chat,text_messaging	https://slang.net/meaning/der
CTMQ	ctmq	added	online_chat,text_messaging	https://slang.net/meaning/ctmq
LC	lc	existing	online_chat,text_messaging	https://slang.net/meaning/lc
TH	th	deferred_scope_or_ambiguity	online_chat,text_messaging,email	https://slang.net/meaning/th
agl	agl	deferred_scope_or_ambiguity	online_chat,text_messaging	https://slang.net/meaning/agl
ICL	icl	deferred_scope_or_ambiguity	online_chat,social_media,email	https://slang.net/meaning/icl
FITB	fitb	deferred_scope_or_ambiguity	online_chat,text_messaging	https://slang.net/meaning/fitb
icurnvs	icurnvs	deferred_scope_or_ambiguity	online_chat,text_messaging	https://slang.net/meaning/icurnvs
NOTTOMH	nottomh	added	online_chat,text_messaging	https://slang.net/meaning/nottomh
TCO	tco	added	online_chat,text_messaging	https://slang.net/meaning/tco
URC	urc	deferred_scope_or_ambiguity	online_chat,text_messaging	https://slang.net/meaning/urc
GD&H	gd ? h	deferred_token_shape	online_chat,text_messaging	https://slang.net/meaning/gd&h
G2GIAM	g2giam	added	online_chat,text_messaging	https://slang.net/meaning/g2giam
IHI	ihi	added	online_chat,text_messaging	https://slang.net/meaning/ihi
tomoz	tomoz	deferred_scope_or_ambiguity	online_chat	https://slang.net/meaning/tomoz
newaze	newaze	deferred_scope_or_ambiguity	online_chat	https://slang.net/meaning/newaze
MIBG	mibg	deferred_scope_or_ambiguity	online_chat,text_messaging	https://slang.net/meaning/mibg
ROTFLH	rotflh	added	online_chat	https://slang.net/meaning/rotflh
DBMN	dbmn	added	online_chat,text_messaging	https://slang.net/meaning/dbmn
FOOMCL	foomcl	added	online_chat	https://slang.net/meaning/foomcl
ICHI	ichi	added	online_chat,text_messaging	https://slang.net/meaning/ichi
ROFLUSA	roflusa	added	online_chat,text_messaging	https://slang.net/meaning/roflusa
TWTI	twti	added	online_chat,text_messaging,social_media	https://slang.net/meaning/twti
ROLMBO	rolmbo	added	online_chat,text_messaging,social_media	https://slang.net/meaning/rolmbo
OC	oc	deferred_scope_or_ambiguity	online_chat,text_messaging,web_forums,social_media	https://slang.net/meaning/oc
AOTA	aota	added	online_chat,text_messaging	https://slang.net/meaning/aota
DUCT	duct	added	online_chat,social_media	https://slang.net/meaning/duct
FBTW	fbtw	added	online_chat,text_messaging	https://slang.net/meaning/fbtw
DUST	dust	existing	online_chat	https://slang.net/meaning/dust
J2LYK	j2lyk	added	online_chat,text_messaging	https://slang.net/meaning/j2lyk
Brillz	brillz	added	online_chat,text_messaging	https://slang.net/meaning/brillz
essench	essench	deferred_scope_or_ambiguity	online_chat,text_messaging	https://slang.net/meaning/essench
obs	obs	deferred_scope_or_ambiguity	online_chat,text_messaging	https://slang.net/meaning/obs
onoz	onoz	added	online_chat	https://slang.net/meaning/onoz
DBTS	dbts	deferred_scope_or_ambiguity	online_chat,text_messaging,web_forums,social_media,email	https://slang.net/meaning/dbts
Rehi	rehi	added	online_chat	https://slang.net/meaning/rehi
OSLT	oslt	added	online_chat,text_messaging	https://slang.net/meaning/oslt
NTIM	ntim	added	online_chat,text_messaging	https://slang.net/meaning/ntim
Eva	eva	deferred_scope_or_ambiguity	online_chat,text_messaging	https://slang.net/meaning/eva
Lawls	lawls	inflected	online_chat,text_messaging	https://slang.net/meaning/lawls
RML	rml	added	online_chat,text_messaging	https://slang.net/meaning/rml
Gawd	gawd	deferred_scope_or_ambiguity	online_chat,social_media	https://slang.net/meaning/gawd
BYKI	byki	added	online_chat,text_messaging	https://slang.net/meaning/byki
G2K	g2k	added	online_chat,text_messaging	https://slang.net/meaning/g2k
b4u	b4u	deferred_scope_or_ambiguity	online_chat,text_messaging	https://slang.net/meaning/b4u
BAO	bao	added	online_chat,text_messaging,email	https://slang.net/meaning/bao
BBIAS	bbias	added	online_chat,text_messaging	https://slang.net/meaning/bbias
BIOYN	bioyn	deferred_scope_or_ambiguity	online_chat,text_messaging	https://slang.net/meaning/bioyn
bytme	bytme	added	online_chat	https://slang.net/meaning/bytme
ICEDI	icedi	deferred_scope_or_ambiguity	online_chat,text_messaging	https://slang.net/meaning/icedi
bblr	bblr	added	online_chat,text_messaging	https://slang.net/meaning/bblr
GTRM	gtrm	deferred_scope_or_ambiguity	online_chat,text_messaging	https://slang.net/meaning/gtrm
SOMSW	somsw	deferred_scope_or_ambiguity	online_chat,text_messaging	https://slang.net/meaning/somsw
WAJ	waj	deferred_scope_or_ambiguity	online_chat,text_messaging	https://slang.net/meaning/waj
YCMU	ycmu	added	online_chat,text_messaging	https://slang.net/meaning/ycmu
PMF	pmf	added	online_chat,text_messaging	https://slang.net/meaning/pmf
Pthththt	pthththt	added	online_chat,text_messaging	https://slang.net/meaning/pthththt
DTN	dtn	deferred_scope_or_ambiguity	online_chat,text_messaging,social_media	https://slang.net/meaning/dtn
DTM	dtm	deferred_scope_or_ambiguity	online_chat,text_messaging,social_media	https://slang.net/meaning/dtm
WYF	wyf	added	online_chat,text_messaging	https://slang.net/meaning/wyf
gf	gf	existing	text_messaging,common,social_media	https://slang.net/meaning/gf
perv	perv	deferred_scope_or_ambiguity	text_messaging,common	https://slang.net/meaning/perv
qt	qt	deferred_scope_or_ambiguity	text_messaging,common	https://slang.net/meaning/qt
hun	hun	deferred_scope_or_ambiguity	text_messaging,social_media	https://slang.net/meaning/hun
fit	fit	existing	text_messaging,social_media	https://slang.net/meaning/fit
lil	lil	deferred_scope_or_ambiguity	text_messaging,social_media,email	https://slang.net/meaning/lil
Code 9	code ?	deferred_token_shape	text_messaging	https://slang.net/meaning/code_9
NSFW	nsfw	deferred_scope_or_ambiguity	text_messaging,web_forums,social_media,email	https://slang.net/meaning/nsfw
HMU	hmu	added	text_messaging,social_media	https://slang.net/meaning/hmu
ILYSM	ilysm	deferred_scope_or_ambiguity	text_messaging,email	https://slang.net/meaning/ilysm
FRFR	frfr	existing	text_messaging,social_media	https://slang.net/meaning/frfr
obv	obv	deferred_scope_or_ambiguity	text_messaging,social_media	https://slang.net/meaning/obv
gimme	gimme	deferred_scope_or_ambiguity	text_messaging	https://slang.net/meaning/gimme
Cringe	cringe	existing	text_messaging,social_media	https://slang.net/meaning/cringe
FYKI	fyki	added	text_messaging,email	https://slang.net/meaning/fyki
JSYK	jsyk	existing	text_messaging,social_media	https://slang.net/meaning/jsyk
h8r	h8r	deferred_scope_or_ambiguity	text_messaging	https://slang.net/meaning/h8r
HML	hml	deferred_scope_or_ambiguity	text_messaging,social_media	https://slang.net/meaning/hml
HNY	hny	added	text_messaging,social_media	https://slang.net/meaning/hny
Sexting	sexting	deferred_scope_or_ambiguity	text_messaging	https://slang.net/meaning/sexting
Rizzler	rizzler	deferred_scope_or_ambiguity	text_messaging,web_forums,social_media	https://slang.net/meaning/rizzler
NLT	nlt	deferred_scope_or_ambiguity	text_messaging,online_auctions,social_media,email	https://slang.net/meaning/nlt
deets	deets	added	text_messaging,social_media,email	https://slang.net/meaning/deets
Textastrophe	textastrophe	deferred_scope_or_ambiguity	text_messaging	https://slang.net/meaning/textastrophe
HMB	hmb	added	text_messaging,social_media	https://slang.net/meaning/hmb
2k	2k	deferred_scope_or_ambiguity	text_messaging	https://slang.net/meaning/2k
delish	delish	added	text_messaging,social_media	https://slang.net/meaning/delish
Textmergency	textmergency	deferred_scope_or_ambiguity	text_messaging	https://slang.net/meaning/textmergency
Fire	fire	existing	text_messaging,social_media	https://slang.net/meaning/fire
OMW	omw	existing	text_messaging,common	https://slang.net/meaning/omw
CMB	cmb	added	text_messaging	https://slang.net/meaning/cmb
2B@	2b ?	deferred_token_shape	text_messaging	https://slang.net/meaning/2b@
sk8	sk8	deferred_scope_or_ambiguity	text_messaging	https://slang.net/meaning/sk8
YK	yk	deferred_scope_or_ambiguity	text_messaging	https://slang.net/meaning/yk
sbux	sbux	deferred_scope_or_ambiguity	text_messaging,web_forums,social_media	https://slang.net/meaning/sbux
HIMYM	himym	deferred_scope_or_ambiguity	text_messaging	https://slang.net/meaning/himym
AOTY	aoty	deferred_scope_or_ambiguity	text_messaging,social_media	https://slang.net/meaning/aoty
PSL	psl	deferred_scope_or_ambiguity	text_messaging	https://slang.net/meaning/psl
VM	vm	deferred_scope_or_ambiguity	text_messaging,common,email	https://slang.net/meaning/vm
EOM	eom	added	text_messaging,email	https://slang.net/meaning/eom
HAGS	hags	deferred_scope_or_ambiguity	text_messaging	https://slang.net/meaning/hags
U2U	u2u	added	text_messaging,social_media,email	https://slang.net/meaning/u2u
FOMOF	fomof	deferred_scope_or_ambiguity	text_messaging,social_media	https://slang.net/meaning/fomof
ISTM	istm	added	text_messaging,web_forums	https://slang.net/meaning/istm
trbl	trbl	added	text_messaging	https://slang.net/meaning/trbl
CYF	cyf	deferred_scope_or_ambiguity	text_messaging,social_media	https://slang.net/meaning/cyf
JFI	jfi	added	text_messaging,web_forums,email	https://slang.net/meaning/jfi
T4LMK	t4lmk	added	text_messaging,email	https://slang.net/meaning/t4lmk
TWD	twd	deferred_scope_or_ambiguity	text_messaging	https://slang.net/meaning/twd
Wig	wig	added	text_messaging,social_media	https://slang.net/meaning/wig
CUB	cub	deferred_scope_or_ambiguity	text_messaging	https://slang.net/meaning/cub
w8ing	w8ing	deferred_scope_or_ambiguity	text_messaging	https://slang.net/meaning/w8ing
SRO	sro	deferred_scope_or_ambiguity	text_messaging,web_forums,email	https://slang.net/meaning/sro
IMYA	imya	deferred_scope_or_ambiguity	text_messaging	https://slang.net/meaning/imya
HFC	hfc	added	text_messaging	https://slang.net/meaning/hfc
urgr8	urgr8	added	text_messaging,email	https://slang.net/meaning/urgr8
WMB	wmb	added	text_messaging,email	https://slang.net/meaning/wmb
WCW	wcw	deferred_scope_or_ambiguity	text_messaging,social_media	https://slang.net/meaning/wcw
AWLTP	awltp	deferred_scope_or_ambiguity	text_messaging,email	https://slang.net/meaning/awltp
T4TU	t4tu	added	text_messaging,web_forums,email	https://slang.net/meaning/t4tu
ISWYM	iswym	added	text_messaging,web_forums	https://slang.net/meaning/iswym
SWALK	swalk	deferred_scope_or_ambiguity	text_messaging,email	https://slang.net/meaning/swalk
TCCIC	tccic	added	text_messaging	https://slang.net/meaning/tccic
WOTD	wotd	deferred_scope_or_ambiguity	text_messaging,web_forums	https://slang.net/meaning/wotd
UOME	uome	deferred_scope_or_ambiguity	text_messaging,social_media,email	https://slang.net/meaning/uome
OTG	otg	deferred_scope_or_ambiguity	text_messaging	https://slang.net/meaning/otg
SBTM	sbtm	added	text_messaging	https://slang.net/meaning/sbtm
OTS	ots	inflected	text_messaging,web_forums,social_media,email	https://slang.net/meaning/ots
MU@	mu ?	deferred_token_shape	text_messaging	https://slang.net/meaning/mu@
4EAE	4eae	deferred_scope_or_ambiguity	text_messaging	https://slang.net/meaning/4eae
Pad	pad	deferred_scope_or_ambiguity	text_messaging,social_media	https://slang.net/meaning/pad
HSMP	hsmp	deferred_scope_or_ambiguity	text_messaging	https://slang.net/meaning/hsmp
MMS	mms	deferred_scope_or_ambiguity	text_messaging	https://slang.net/meaning/mms
BFFTTE	bfftte	deferred_scope_or_ambiguity	text_messaging	https://slang.net/meaning/bfftte
JOMO	jomo	deferred_scope_or_ambiguity	text_messaging	https://slang.net/meaning/jomo
Quarantini	quarantini	deferred_scope_or_ambiguity	text_messaging,web_forums,social_media	https://slang.net/meaning/quarantini
notif	notif	added	text_messaging,social_media	https://slang.net/meaning/notif
HQ	hq	added	text_messaging,web_forums,social_media	https://slang.net/meaning/hq
Dry texting	dry texting	deferred_scope_or_ambiguity	text_messaging	https://slang.net/meaning/dry_texting
COB	cob	deferred_scope_or_ambiguity	text_messaging,email	https://slang.net/meaning/cob
SWAK	swak	deferred_scope_or_ambiguity	text_messaging,email	https://slang.net/meaning/swak
WAEFRD	waefrd	added	text_messaging,web_forums	https://slang.net/meaning/waefrd
AYOR	ayor	added	text_messaging,web_forums	https://slang.net/meaning/ayor
4eva	4eva	deferred_scope_or_ambiguity	text_messaging	https://slang.net/meaning/4eva
mwahugz	mwahugz	deferred_scope_or_ambiguity	text_messaging,social_media	https://slang.net/meaning/mwahugz
DSI	dsi	deferred_scope_or_ambiguity	text_messaging,email	https://slang.net/meaning/dsi
EML	eml	added	text_messaging,email	https://slang.net/meaning/eml
BFK	bfk	deferred_scope_or_ambiguity	text_messaging,social_media	https://slang.net/meaning/bfk
Smishing	smishing	deferred_scope_or_ambiguity	text_messaging	https://slang.net/meaning/smishing
SAL	sal	deferred_scope_or_ambiguity	text_messaging,web_forums	https://slang.net/meaning/sal
WDYMBT	wdymbt	added	text_messaging	https://slang.net/meaning/wdymbt
PJ	pj	existing	text_messaging	https://slang.net/meaning/pj
PTH	pth	deferred_scope_or_ambiguity	text_messaging	https://slang.net/meaning/pth
JTO	jto	added	text_messaging	https://slang.net/meaning/jto
LBS	lbs	added	text_messaging	https://slang.net/meaning/lbs
On it	on it	existing	text_messaging,email	https://slang.net/meaning/on_it
Fexting	fexting	deferred_scope_or_ambiguity	text_messaging	https://slang.net/meaning/fexting
CYE	cye	added	text_messaging,common	https://slang.net/meaning/cye
G2TU	g2tu	added	text_messaging,social_media	https://slang.net/meaning/g2tu
LYLAB	lylab	deferred_scope_or_ambiguity	text_messaging,social_media	https://slang.net/meaning/lylab
BH@	bh ?	deferred_token_shape	text_messaging	https://slang.net/meaning/bh@
imtg	imtg	deferred_scope_or_ambiguity	text_messaging	https://slang.net/meaning/imtg
PCM	pcm	deferred_scope_or_ambiguity	text_messaging	https://slang.net/meaning/pcm
u/l	you ? l	deferred_token_shape	text_messaging,web_forums	https://slang.net/meaning/u/l
OLTL	oltl	deferred_scope_or_ambiguity	text_messaging,web_forums,social_media	https://slang.net/meaning/oltl
btwn	btwn	deferred_scope_or_ambiguity	text_messaging	https://slang.net/meaning/btwn
WTFAY	wtfay	added	text_messaging	https://slang.net/meaning/wtfay
TTYAW	ttyaw	added	text_messaging,email	https://slang.net/meaning/ttyaw
A2T	a2t	deferred_scope_or_ambiguity	text_messaging	https://slang.net/meaning/a2t
ULKGR8	ulkgr8	added	text_messaging,social_media	https://slang.net/meaning/ulkgr8
H^	h ?	deferred_token_shape	text_messaging	https://slang.net/meaning/h%5E
WRU@	wru ?	deferred_token_shape	text_messaging	https://slang.net/meaning/wru@
BFF4L	bff4l	deferred_scope_or_ambiguity	text_messaging,social_media	https://slang.net/meaning/bff4l
3q	3q	deferred_scope_or_ambiguity	text_messaging	https://slang.net/meaning/3q
DWT	dwt	deferred_scope_or_ambiguity	text_messaging	https://slang.net/meaning/dwt
BISLY	bisly	deferred_scope_or_ambiguity	text_messaging	https://slang.net/meaning/bisly
KOL	kol	deferred_scope_or_ambiguity	text_messaging	https://slang.net/meaning/kol
KYFM	kyfm	deferred_scope_or_ambiguity	text_messaging	https://slang.net/meaning/kyfm
WAPCE	wapce	deferred_scope_or_ambiguity	text_messaging	https://slang.net/meaning/wapce
JTM	jtm	deferred_scope_or_ambiguity	text_messaging	https://slang.net/meaning/jtm
PSF	psf	deferred_scope_or_ambiguity	text_messaging	https://slang.net/meaning/psf
Tweakin	tweakin	deferred_scope_or_ambiguity	text_messaging,social_media	https://slang.net/meaning/tweakin
Rashing	rashing	deferred_scope_or_ambiguity	text_messaging,social_media	https://slang.net/meaning/rashing
Finessing	finessing	added	text_messaging,social_media	https://slang.net/meaning/finessing
KYSOTI	kysoti	deferred_scope_or_ambiguity	text_messaging,social_media,email	https://slang.net/meaning/kysoti
stpd	stpd	added	text_messaging	https://slang.net/meaning/stpd
ILYLC	ilylc	deferred_scope_or_ambiguity	text_messaging,social_media,email	https://slang.net/meaning/ilylc
mab	mab	deferred_scope_or_ambiguity	text_messaging	https://slang.net/meaning/mab
OK	ok	existing	text_messaging,common	https://slang.net/meaning/ok
ICE	ice	existing	text_messaging,email	https://slang.net/meaning/ice
TTYN	ttyn	deferred_scope_or_ambiguity	text_messaging,social_media,email	https://slang.net/meaning/ttyn
GIC	gic	deferred_scope_or_ambiguity	text_messaging,social_media	https://slang.net/meaning/gic
TFLMK	tflmk	added	text_messaging,email	https://slang.net/meaning/tflmk
dnbl8	dnbl8	deferred_scope_or_ambiguity	text_messaging	https://slang.net/meaning/dnbl8
WLYK	wlyk	added	text_messaging	https://slang.net/meaning/wlyk
JCI	jci	added	text_messaging,email	https://slang.net/meaning/jci
dno	dno	added	text_messaging	https://slang.net/meaning/dno
MEGO	mego	added	text_messaging	https://slang.net/meaning/mego
Mistext	mistext	added	text_messaging	https://slang.net/meaning/mistext
Text door neighbor	text door neighbor	deferred_scope_or_ambiguity	text_messaging	https://slang.net/meaning/text_door_neighbor
T-giving	t giving	deferred_scope_or_ambiguity	text_messaging,social_media	https://slang.net/meaning/t-giving
ITYM	itym	added	text_messaging,web_forums	https://slang.net/meaning/itym
posbl	posbl	deferred_scope_or_ambiguity	text_messaging	https://slang.net/meaning/posbl
JUIL	juil	deferred_scope_or_ambiguity	text_messaging,social_media	https://slang.net/meaning/juil
ITBOOTP	itbootp	deferred_scope_or_ambiguity	text_messaging	https://slang.net/meaning/itbootp
LLS	lls	deferred_scope_or_ambiguity	text_messaging,social_media	https://slang.net/meaning/lls
ASAYGT	asaygt	deferred_scope_or_ambiguity	text_messaging,email	https://slang.net/meaning/asaygt
HLBD	hlbd	added	text_messaging,social_media	https://slang.net/meaning/hlbd
5150	?	deferred_token_shape	text_messaging	https://slang.net/meaning/5150
DHTC	dhtc	deferred_scope_or_ambiguity	text_messaging	https://slang.net/meaning/dhtc
ADBB	adbb	added	text_messaging	https://slang.net/meaning/adbb
FOMOH	fomoh	deferred_scope_or_ambiguity	text_messaging,social_media	https://slang.net/meaning/fomoh
DX	dx	deferred_scope_or_ambiguity	text_messaging	https://slang.net/meaning/dx
dewd	dewd	deferred_scope_or_ambiguity	text_messaging,social_media	https://slang.net/meaning/dewd
btfldy	btfldy	deferred_scope_or_ambiguity	text_messaging	https://slang.net/meaning/btfldy
Textplanation	textplanation	deferred_scope_or_ambiguity	text_messaging	https://slang.net/meaning/textplanation
Afro	afro	deferred_scope_or_ambiguity	common	https://slang.net/meaning/afro
AIDS	aids	inflected	common	https://slang.net/meaning/aids
Anti-vaxxer	anti vaxxer	deferred_scope_or_ambiguity	common	https://slang.net/meaning/anti-vaxxer
APR	apr	deferred_scope_or_ambiguity	common	https://slang.net/meaning/apr
ASAP	asap	existing	common	https://slang.net/meaning/asap
b/w	be ? with	deferred_token_shape	common	https://slang.net/meaning/b/w
Bada**	bada	deferred_scope_or_ambiguity	common	https://slang.net/meaning/bada**
BCC	bcc	deferred_scope_or_ambiguity	common,email	https://slang.net/meaning/bcc
BFF	bff	added	common	https://slang.net/meaning/bff
Blockbuster	blockbuster	deferred_scope_or_ambiguity	common	https://slang.net/meaning/blockbuster
blog	blog	deferred_scope_or_ambiguity	common	https://slang.net/meaning/blog
Buck	buck	deferred_scope_or_ambiguity	common	https://slang.net/meaning/buck
Buzzkill	buzzkill	deferred_scope_or_ambiguity	common	https://slang.net/meaning/buzzkill
Cab	cab	deferred_scope_or_ambiguity	common	https://slang.net/meaning/cab
Carpe diem	carpe diem	deferred_scope_or_ambiguity	common	https://slang.net/meaning/carpe_diem
CDC	cdc	deferred_scope_or_ambiguity	common	https://slang.net/meaning/cdc
Comb-over	comb over	deferred_scope_or_ambiguity	common	https://slang.net/meaning/comb-over
Cop	cop	deferred_scope_or_ambiguity	common,email	https://slang.net/meaning/cop
Cornrows	cornrows	deferred_scope_or_ambiguity	common	https://slang.net/meaning/cornrows
CPR	cpr	deferred_scope_or_ambiguity	common	https://slang.net/meaning/cpr
Crew cut	crew cut	deferred_scope_or_ambiguity	common	https://slang.net/meaning/crew_cut
Crud	crud	deferred_scope_or_ambiguity	common	https://slang.net/meaning/crud
Crush	crush	existing	common	https://slang.net/meaning/crush
Cyberbully	cyberbully	deferred_scope_or_ambiguity	common	https://slang.net/meaning/cyberbully
Dafuq	dafuq	added	common	https://slang.net/meaning/dafuq
Diva	diva	deferred_scope_or_ambiguity	common	https://slang.net/meaning/diva
DIY	diy	deferred_scope_or_ambiguity	common	https://slang.net/meaning/diy
DNC	dnc	deferred_scope_or_ambiguity	common	https://slang.net/meaning/dnc
Don't @ me	do not ? me	deferred_token_shape	common,social_media	https://slang.net/meaning/don't_@_me
Dope	dope	deferred_scope_or_ambiguity	common	https://slang.net/meaning/dope
Droid	droid	deferred_scope_or_ambiguity	common	https://slang.net/meaning/droid
ER	er	deferred_scope_or_ambiguity	common	https://slang.net/meaning/er
ETA	eta	deferred_scope_or_ambiguity	common,web_forums	https://slang.net/meaning/eta
Evangelical	evangelical	deferred_scope_or_ambiguity	common	https://slang.net/meaning/evangelical
Fake news	fake news	deferred_scope_or_ambiguity	common,social_media	https://slang.net/meaning/fake_news
FAQ	faq	deferred_scope_or_ambiguity	common	https://slang.net/meaning/faq
FB	fb	existing	common,online_auctions,social_media	https://slang.net/meaning/fb
feat	feat	deferred_scope_or_ambiguity	common	https://slang.net/meaning/feat
fwd	fwd	deferred_scope_or_ambiguity	common,email	https://slang.net/meaning/fwd
FYI	fyi	existing	common,email	https://slang.net/meaning/fyi
Gaslighting	gaslighting	added	common	https://slang.net/meaning/gaslighting
Gold digger	gold digger	deferred_scope_or_ambiguity	common	https://slang.net/meaning/gold_digger
Google	google	existing	common	https://slang.net/meaning/google
gr8	great	existing	common	https://slang.net/meaning/gr8
HBO	hbo	deferred_scope_or_ambiguity	common	https://slang.net/meaning/hbo
High maintenance	high maintenance	deferred_scope_or_ambiguity	common	https://slang.net/meaning/high_maintenance
HIV	hiv	deferred_scope_or_ambiguity	common	https://slang.net/meaning/hiv
Homie	homie	deferred_scope_or_ambiguity	common	https://slang.net/meaning/homie
Hook up	hook up	deferred_scope_or_ambiguity	common	https://slang.net/meaning/hook_up
HTML	html	deferred_scope_or_ambiguity	common	https://slang.net/meaning/html
HTTP	http	deferred_scope_or_ambiguity	common	https://slang.net/meaning/http
Ick	ick	deferred_scope_or_ambiguity	common	https://slang.net/meaning/ick
ICYMI	icymi	existing	common,web_forums,social_media	https://slang.net/meaning/icymi
info	info	existing	common	https://slang.net/meaning/info
IQ	iq	deferred_scope_or_ambiguity	common	https://slang.net/meaning/iq
IRS	irs	inflected	common	https://slang.net/meaning/irs
Jacked	jacked	deferred_scope_or_ambiguity	common	https://slang.net/meaning/jacked
Jock	jock	deferred_scope_or_ambiguity	common	https://slang.net/meaning/jock
John Doe	john doe	deferred_scope_or_ambiguity	common	https://slang.net/meaning/john_doe
Jumper	jumper	deferred_scope_or_ambiguity	common	https://slang.net/meaning/jumper
Leftist	leftist	deferred_scope_or_ambiguity	common	https://slang.net/meaning/leftist
LGBTQ	lgbtq	deferred_scope_or_ambiguity	common	https://slang.net/meaning/lgbtq
m	m	deferred_scope_or_ambiguity	common,web_forums	https://slang.net/meaning/m
March Madness	march madness	deferred_scope_or_ambiguity	common	https://slang.net/meaning/march_madness
Mate	mate	existing	common	https://slang.net/meaning/mate
meds	meds	deferred_scope_or_ambiguity	common	https://slang.net/meaning/meds
Meme	meme	deferred_scope_or_ambiguity	common,social_media	https://slang.net/meaning/meme
MLB	mlb	deferred_scope_or_ambiguity	common	https://slang.net/meaning/mlb
MNF	mnf	deferred_scope_or_ambiguity	common	https://slang.net/meaning/mnf
Mr	mr	deferred_scope_or_ambiguity	common	https://slang.net/meaning/mr
Mrs	mrs	deferred_scope_or_ambiguity	common	https://slang.net/meaning/mrs
Mullet	mullet	deferred_scope_or_ambiguity	common	https://slang.net/meaning/mullet
MVP	mvp	existing	common	https://slang.net/meaning/mvp
N/A	and ? a	deferred_token_shape	common,web_forums,email	https://slang.net/meaning/n/a
NBA	nba	deferred_scope_or_ambiguity	common	https://slang.net/meaning/nba
NHL	nhl	deferred_scope_or_ambiguity	common	https://slang.net/meaning/nhl
NTN	ntn	added	common,email	https://slang.net/meaning/ntn
od	od	deferred_scope_or_ambiguity	common	https://slang.net/meaning/od
On fire	on fire	deferred_scope_or_ambiguity	common	https://slang.net/meaning/on_fire
On fleek	on fleek	deferred_scope_or_ambiguity	common,social_media	https://slang.net/meaning/on_fleek
PB&J	pb ? j	deferred_token_shape	common	https://slang.net/meaning/pb&j
Photobomb	photobomb	deferred_scope_or_ambiguity	common	https://slang.net/meaning/photobomb
pic	picture	existing	common	https://slang.net/meaning/pic
Pop	pop	deferred_scope_or_ambiguity	common	https://slang.net/meaning/pop
POV	pov	added	common	https://slang.net/meaning/pov
Ppl	people	existing	common	https://slang.net/meaning/ppl
promo	promo	added	common	https://slang.net/meaning/promo
Que sera sera	que sera sera	added	common	https://slang.net/meaning/que_sera_sera
RBI	rbi	deferred_scope_or_ambiguity	common	https://slang.net/meaning/rbi
Red flag	red flag	deferred_scope_or_ambiguity	common	https://slang.net/meaning/red_flag
Redneck	redneck	deferred_scope_or_ambiguity	common	https://slang.net/meaning/redneck
RIP	rip	existing	common	https://slang.net/meaning/rip
Ripped	ripped	deferred_scope_or_ambiguity	common	https://slang.net/meaning/ripped
RNC	rnc	deferred_scope_or_ambiguity	common	https://slang.net/meaning/rnc
RSVP	rsvp	deferred_scope_or_ambiguity	common,email	https://slang.net/meaning/rsvp
RTFM	rtfm	added	common,web_forums	https://slang.net/meaning/rtfm
Salty	salty	existing	common	https://slang.net/meaning/salty
Selfie	selfie	added	common,social_media	https://slang.net/meaning/selfie
Shook	shook	deferred_scope_or_ambiguity	common	https://slang.net/meaning/shook
SMS	sms	deferred_scope_or_ambiguity	common	https://slang.net/meaning/sms
Snitch	snitch	deferred_scope_or_ambiguity	common	https://slang.net/meaning/snitch
SNL	snl	deferred_scope_or_ambiguity	common	https://slang.net/meaning/snl
Soccer mom	soccer mom	deferred_scope_or_ambiguity	common	https://slang.net/meaning/soccer_mom
Social distancing	social distancing	deferred_scope_or_ambiguity	common	https://slang.net/meaning/social_distancing
Spam	spam	existing	common	https://slang.net/meaning/spam
Swag	swag	deferred_scope_or_ambiguity	common,social_media	https://slang.net/meaning/swag
Talking smack	talking smack	added	common	https://slang.net/meaning/talking_smack
Talking trash	talking trash	added	common	https://slang.net/meaning/talking_trash
TBA	tba	added	common,email	https://slang.net/meaning/tba
TBD	tbd	added	common,web_forums,email	https://slang.net/meaning/tbd
tech	tech	deferred_scope_or_ambiguity	common	https://slang.net/meaning/tech
TFW	tfw	deferred_scope_or_ambiguity	common,social_media	https://slang.net/meaning/tfw
Throwing shade	throwing shade	deferred_scope_or_ambiguity	common	https://slang.net/meaning/throwing_shade
TLC	tlc	deferred_scope_or_ambiguity	common	https://slang.net/meaning/tlc
TMI	tmi	added	common	https://slang.net/meaning/tmi
Trashy	trashy	deferred_scope_or_ambiguity	common	https://slang.net/meaning/trashy
Tree hugger	tree hugger	deferred_scope_or_ambiguity	common	https://slang.net/meaning/tree_hugger
Troll	troll	existing	common,web_forums	https://slang.net/meaning/troll
Tweet	tweet	deferred_scope_or_ambiguity	common,social_media	https://slang.net/meaning/tweet
URL	url	deferred_scope_or_ambiguity	common	https://slang.net/meaning/url
VAR	var	deferred_scope_or_ambiguity	common	https://slang.net/meaning/var
VIP	vip	added	common	https://slang.net/meaning/vip
w/e	with ? e	deferred_token_shape	common	https://slang.net/meaning/w/e
Walk-off	walk off	deferred_scope_or_ambiguity	common	https://slang.net/meaning/walk-off
wanna	want to	deferred_scope_or_ambiguity	common	https://slang.net/meaning/wanna
Weed	weed	existing	common	https://slang.net/meaning/weed
Whipped	whipped	deferred_scope_or_ambiguity	common	https://slang.net/meaning/whipped
Whoops	whoops	existing	common	https://slang.net/meaning/whoops
Woke	woke	inflected	common	https://slang.net/meaning/woke
Workaholic	workaholic	deferred_scope_or_ambiguity	common	https://slang.net/meaning/workaholic
xmas	xmas	added	common	https://slang.net/meaning/xmas
XOXO	xoxo	deferred_scope_or_ambiguity	common	https://slang.net/meaning/xoxo
Yikes	yikes	existing	common	https://slang.net/meaning/yikes
Yuge	yuge	deferred_scope_or_ambiguity	common	https://slang.net/meaning/yuge
za	za	added	common	https://slang.net/meaning/za
ISO	iso	deferred_scope_or_ambiguity	online_auctions,web_forums,social_media	https://slang.net/meaning/iso
HTF	htf	added	online_auctions	https://slang.net/meaning/htf
BNIB	bnib	added	online_auctions,social_media	https://slang.net/meaning/bnib
FVF	fvf	deferred_scope_or_ambiguity	online_auctions	https://slang.net/meaning/fvf
CONUS	conus	deferred_scope_or_ambiguity	online_auctions,web_forums	https://slang.net/meaning/conus
MIB	mib	deferred_scope_or_ambiguity	online_auctions	https://slang.net/meaning/mib
ONCO	onco	added	online_auctions,web_forums,social_media	https://slang.net/meaning/onco
RTB	rtb	deferred_scope_or_ambiguity	online_auctions	https://slang.net/meaning/rtb
BIN	bin	added	online_auctions	https://slang.net/meaning/bin
FSBO	fsbo	deferred_scope_or_ambiguity	online_auctions,web_forums	https://slang.net/meaning/fsbo
NWT	nwt	deferred_scope_or_ambiguity	online_auctions	https://slang.net/meaning/nwt
MSRP	msrp	deferred_scope_or_ambiguity	online_auctions,web_forums	https://slang.net/meaning/msrp
NRFB	nrfb	added	online_auctions	https://slang.net/meaning/nrfb
N/R	and ? are	deferred_token_shape	online_auctions	https://slang.net/meaning/n/r
MST	mst	deferred_scope_or_ambiguity	online_auctions	https://slang.net/meaning/mst
BAFO	bafo	added	online_auctions,email	https://slang.net/meaning/bafo
GU	gu	deferred_scope_or_ambiguity	online_auctions	https://slang.net/meaning/gu
4sale	4sale	deferred_scope_or_ambiguity	online_auctions,web_forums	https://slang.net/meaning/4sale
NR	nr	deferred_scope_or_ambiguity	online_auctions	https://slang.net/meaning/nr
NIB	nib	added	online_auctions	https://slang.net/meaning/nib
NWOT	nwot	deferred_scope_or_ambiguity	online_auctions	https://slang.net/meaning/nwot
OOAK	ooak	added	online_auctions	https://slang.net/meaning/ooak
NIP	nip	deferred_scope_or_ambiguity	online_auctions	https://slang.net/meaning/nip
VGC	vgc	deferred_scope_or_ambiguity	online_auctions	https://slang.net/meaning/vgc
OBO	obo	existing	online_auctions,web_forums,social_media	https://slang.net/meaning/obo
EUC	euc	deferred_scope_or_ambiguity	online_auctions	https://slang.net/meaning/euc
OCONUS	oconus	deferred_scope_or_ambiguity	online_auctions,web_forums	https://slang.net/meaning/oconus
BNWT	bnwt	deferred_scope_or_ambiguity	online_auctions	https://slang.net/meaning/bnwt
ONO	ono	added	online_auctions,web_forums,social_media	https://slang.net/meaning/ono
ORP	orp	added	online_auctions	https://slang.net/meaning/orp
NOS	nos	inflected	online_auctions	https://slang.net/meaning/nos
OOP	oop	deferred_scope_or_ambiguity	online_auctions,web_forums	https://slang.net/meaning/oop
OOTB	ootb	deferred_scope_or_ambiguity	online_auctions	https://slang.net/meaning/ootb
DSR	dsr	existing	online_auctions	https://slang.net/meaning/dsr
NSA	nsa	deferred_scope_or_ambiguity	online_auctions	https://slang.net/meaning/nsa
xc	xc	deferred_scope_or_ambiguity	online_auctions	https://slang.net/meaning/xc
SPPU	sppu	deferred_scope_or_ambiguity	online_auctions	https://slang.net/meaning/sppu
Meekd	meekd	deferred_scope_or_ambiguity	web_forums,social_media	https://slang.net/meaning/meekd
OF	of	existing	web_forums,social_media	https://slang.net/meaning/of
Zaddy	zaddy	deferred_scope_or_ambiguity	web_forums,social_media	https://slang.net/meaning/zaddy
Let him cook	let him cook	deferred_scope_or_ambiguity	web_forums,social_media	https://slang.net/meaning/let_him_cook
go brrr	go brrr	deferred_scope_or_ambiguity	web_forums,social_media	https://slang.net/meaning/go_brrr
Sigma male	sigma male	deferred_scope_or_ambiguity	web_forums,social_media	https://slang.net/meaning/sigma_male
Paper hands	paper hands	deferred_scope_or_ambiguity	web_forums,social_media	https://slang.net/meaning/paper_hands
SA	sa	deferred_scope_or_ambiguity	web_forums,social_media	https://slang.net/meaning/sa
Based	based	existing	web_forums,social_media	https://slang.net/meaning/based
Algospeak	algospeak	deferred_scope_or_ambiguity	web_forums,social_media	https://slang.net/meaning/algospeak
Lady boner	lady boner	deferred_scope_or_ambiguity	web_forums,social_media	https://slang.net/meaning/lady_boner
Alphabet mafia	alphabet mafia	deferred_scope_or_ambiguity	web_forums,social_media	https://slang.net/meaning/alphabet_mafia
Cinnamon roll	cinnamon roll	deferred_scope_or_ambiguity	web_forums,social_media	https://slang.net/meaning/cinnamon_roll
C.AI	c ? ai	deferred_token_shape	web_forums,social_media	https://slang.net/meaning/c.ai
Looksmaxxing	looksmaxxing	deferred_scope_or_ambiguity	web_forums,social_media	https://slang.net/meaning/looksmaxxing
Redditor	redditor	deferred_scope_or_ambiguity	web_forums,social_media	https://slang.net/meaning/redditor
Pro-ship	pro ship	deferred_scope_or_ambiguity	web_forums,social_media	https://slang.net/meaning/pro-ship
CGPT	cgpt	deferred_scope_or_ambiguity	web_forums,social_media	https://slang.net/meaning/cgpt
vlog	vlog	added	web_forums,social_media	https://slang.net/meaning/vlog
Y/N	y ? and	deferred_token_shape	web_forums,email	https://slang.net/meaning/y/n
Doomer	doomer	deferred_scope_or_ambiguity	web_forums,social_media	https://slang.net/meaning/doomer
Rent Free In My Head	rent free in my head	deferred_scope_or_ambiguity	web_forums,social_media	https://slang.net/meaning/rent_free_in_my_head
Weeb	weeb	deferred_scope_or_ambiguity	web_forums,social_media	https://slang.net/meaning/weeb
TIL	til	deferred_scope_or_ambiguity	web_forums,social_media	https://slang.net/meaning/til
Endgame	endgame	existing	web_forums,social_media	https://slang.net/meaning/endgame
Alpha male	alpha male	deferred_scope_or_ambiguity	web_forums,social_media	https://slang.net/meaning/alpha_male
Lurker	lurker	existing	web_forums,social_media	https://slang.net/meaning/lurker
Sock puppet account	sock puppet account	added	web_forums,social_media	https://slang.net/meaning/sock_puppet_account
Banger	banger	deferred_scope_or_ambiguity	web_forums,social_media	https://slang.net/meaning/banger
Waifu	waifu	deferred_scope_or_ambiguity	web_forums,social_media	https://slang.net/meaning/waifu
Sleeper build	sleeper build	deferred_scope_or_ambiguity	web_forums,social_media	https://slang.net/meaning/sleeper_build
Planking	planking	deferred_scope_or_ambiguity	web_forums,social_media	https://slang.net/meaning/planking
AITA	aita	deferred_scope_or_ambiguity	web_forums,social_media	https://slang.net/meaning/aita
Himbo	himbo	deferred_scope_or_ambiguity	web_forums,social_media	https://slang.net/meaning/himbo
Gloomer	gloomer	deferred_scope_or_ambiguity	web_forums,social_media	https://slang.net/meaning/gloomer
Beta male	beta male	deferred_scope_or_ambiguity	web_forums,social_media	https://slang.net/meaning/beta_male
DH	dh	deferred_scope_or_ambiguity	web_forums,social_media,email	https://slang.net/meaning/dh
BIFL	bifl	deferred_scope_or_ambiguity	web_forums,social_media	https://slang.net/meaning/bifl
Baka	baka	deferred_scope_or_ambiguity	web_forums,social_media	https://slang.net/meaning/baka
Yuck your yum	yuck your yum	deferred_scope_or_ambiguity	web_forums,social_media	https://slang.net/meaning/yuck_your_yum
Brain rot	brain rot	deferred_scope_or_ambiguity	web_forums,social_media	https://slang.net/meaning/brain_rot
LOTR	lotr	deferred_scope_or_ambiguity	web_forums	https://slang.net/meaning/lotr
Threadjacking	threadjacking	deferred_scope_or_ambiguity	web_forums	https://slang.net/meaning/threadjacking
FORD	ford	deferred_scope_or_ambiguity	web_forums	https://slang.net/meaning/ford
GGGB	gggb	deferred_scope_or_ambiguity	web_forums,social_media	https://slang.net/meaning/gggb
WAGs	wags	deferred_scope_or_ambiguity	web_forums,social_media	https://slang.net/meaning/wags
GMAFB	gmafb	added	web_forums,social_media	https://slang.net/meaning/gmafb
Diamond hands	diamond hands	deferred_scope_or_ambiguity	web_forums,social_media	https://slang.net/meaning/diamond_hands
NTA	nta	deferred_scope_or_ambiguity	web_forums,social_media	https://slang.net/meaning/nta
WCGW	wcgw	added	web_forums,social_media	https://slang.net/meaning/wcgw
Gatekeep	gatekeep	added	web_forums,social_media	https://slang.net/meaning/gatekeep
Creepypasta	creepypasta	deferred_scope_or_ambiguity	web_forums,social_media	https://slang.net/meaning/creepypasta
Tots and pears	tots and pears	deferred_scope_or_ambiguity	web_forums,social_media	https://slang.net/meaning/tots_and_pears
Mogging	mogging	deferred_scope_or_ambiguity	web_forums,social_media	https://slang.net/meaning/mogging
pw	pw	added	web_forums,email	https://slang.net/meaning/pw
PIOG	piog	deferred_scope_or_ambiguity	web_forums	https://slang.net/meaning/piog
OOTD	ootd	deferred_scope_or_ambiguity	web_forums,social_media	https://slang.net/meaning/ootd
WADR	wadr	deferred_scope_or_ambiguity	web_forums,social_media	https://slang.net/meaning/wadr
DNFTT	dnftt	added	web_forums	https://slang.net/meaning/dnftt
SAE	sae	deferred_scope_or_ambiguity	web_forums,email	https://slang.net/meaning/sae
W2K	w2k	deferred_scope_or_ambiguity	web_forums	https://slang.net/meaning/w2k
SSIA	ssia	deferred_scope_or_ambiguity	web_forums,email	https://slang.net/meaning/ssia
Winternity	winternity	deferred_scope_or_ambiguity	web_forums,social_media	https://slang.net/meaning/winternity
Cape	cape	deferred_scope_or_ambiguity	web_forums,social_media	https://slang.net/meaning/cape
FAANG	faang	deferred_scope_or_ambiguity	web_forums	https://slang.net/meaning/faang
BOLO	bolo	deferred_scope_or_ambiguity	web_forums,social_media	https://slang.net/meaning/bolo
TW	tw	deferred_scope_or_ambiguity	web_forums,social_media	https://slang.net/meaning/tw
ED	ed	deferred_scope_or_ambiguity	web_forums,social_media	https://slang.net/meaning/ed
Snapback culture	snapback culture	deferred_scope_or_ambiguity	web_forums,social_media	https://slang.net/meaning/snapback_culture
DYOR	dyor	added	web_forums,social_media	https://slang.net/meaning/dyor
J6	j6	deferred_scope_or_ambiguity	web_forums,social_media	https://slang.net/meaning/j6
Blackpilled	blackpilled	deferred_scope_or_ambiguity	web_forums,social_media	https://slang.net/meaning/blackpilled
M$	m ?	deferred_token_shape	web_forums	https://slang.net/meaning/m$
SFY	sfy	added	web_forums	https://slang.net/meaning/sfy
HPT	hpt	deferred_scope_or_ambiguity	web_forums	https://slang.net/meaning/hpt
B1G1	b1g1	deferred_scope_or_ambiguity	web_forums	https://slang.net/meaning/b1g1
BOGO	bogo	added	web_forums	https://slang.net/meaning/bogo
Vet	vet	existing	web_forums	https://slang.net/meaning/vet
HNM	hnm	deferred_scope_or_ambiguity	web_forums,social_media,email	https://slang.net/meaning/hnm
NSFV	nsfv	deferred_scope_or_ambiguity	web_forums,social_media,email	https://slang.net/meaning/nsfv
Blursed	blursed	added	web_forums,social_media	https://slang.net/meaning/blursed
Crypto Mom	crypto mom	deferred_scope_or_ambiguity	web_forums,social_media	https://slang.net/meaning/crypto_mom
At home	at home	existing	web_forums,social_media	https://slang.net/meaning/at_home
Slash	slash	deferred_scope_or_ambiguity	web_forums	https://slang.net/meaning/slash
Husbando	husbando	deferred_scope_or_ambiguity	web_forums,social_media	https://slang.net/meaning/husbando
Baby trap	baby trap	deferred_scope_or_ambiguity	web_forums,social_media	https://slang.net/meaning/baby_trap
Vawulence	vawulence	deferred_scope_or_ambiguity	web_forums,social_media	https://slang.net/meaning/vawulence
AIO	aio	deferred_scope_or_ambiguity	web_forums	https://slang.net/meaning/aio
DOA	doa	deferred_scope_or_ambiguity	web_forums,email	https://slang.net/meaning/doa
BCBG	bcbg	deferred_scope_or_ambiguity	web_forums,social_media	https://slang.net/meaning/bcbg
LMGTFY	lmgtfy	deferred_scope_or_ambiguity	web_forums	https://slang.net/meaning/lmgtfy
WAH	wah	deferred_scope_or_ambiguity	web_forums	https://slang.net/meaning/wah
SCOTUS	scotus	deferred_scope_or_ambiguity	web_forums	https://slang.net/meaning/scotus
SOTD	sotd	deferred_scope_or_ambiguity	web_forums,social_media	https://slang.net/meaning/sotd
Chonk	chonk	deferred_scope_or_ambiguity	web_forums,social_media	https://slang.net/meaning/chonk
Headcanon	headcanon	deferred_scope_or_ambiguity	web_forums,social_media	https://slang.net/meaning/headcanon
TIFU	tifu	deferred_scope_or_ambiguity	web_forums,social_media	https://slang.net/meaning/tifu
tendies	tendies	deferred_scope_or_ambiguity	web_forums,social_media	https://slang.net/meaning/tendies
NBLM	nblm	deferred_scope_or_ambiguity	web_forums,social_media	https://slang.net/meaning/nblm
Bloomer	bloomer	deferred_scope_or_ambiguity	web_forums,social_media	https://slang.net/meaning/bloomer
Silver fox	silver fox	deferred_scope_or_ambiguity	web_forums,social_media	https://slang.net/meaning/silver_fox
Volcel	volcel	deferred_scope_or_ambiguity	web_forums,social_media	https://slang.net/meaning/volcel
RPF	rpf	deferred_scope_or_ambiguity	web_forums	https://slang.net/meaning/rpf
Becky	becky	deferred_scope_or_ambiguity	web_forums,social_media	https://slang.net/meaning/becky
Book hangover	book hangover	deferred_scope_or_ambiguity	web_forums,social_media	https://slang.net/meaning/book_hangover
PSGWSP	psgwsp	deferred_scope_or_ambiguity	web_forums,social_media	https://slang.net/meaning/psgwsp
Apple sheep	apple sheep	deferred_scope_or_ambiguity	web_forums,social_media	https://slang.net/meaning/apple_sheep
Stacy	stacy	deferred_scope_or_ambiguity	web_forums,social_media	https://slang.net/meaning/stacy
Glazing	glazing	deferred_scope_or_ambiguity	web_forums,social_media	https://slang.net/meaning/glazing
Gigachad	gigachad	deferred_scope_or_ambiguity	web_forums,social_media	https://slang.net/meaning/gigachad
RTFA	rtfa	added	web_forums,social_media	https://slang.net/meaning/rtfa
TWIMC	twimc	deferred_scope_or_ambiguity	web_forums,social_media,email	https://slang.net/meaning/twimc
WYSIWYG	wysiwyg	added	web_forums	https://slang.net/meaning/wysiwyg
DTRT	dtrt	added	web_forums,social_media	https://slang.net/meaning/dtrt
FUCT	fuct	deferred_scope_or_ambiguity	web_forums	https://slang.net/meaning/fuct
GIGO	gigo	deferred_scope_or_ambiguity	web_forums	https://slang.net/meaning/gigo
ASAT	asat	deferred_scope_or_ambiguity	web_forums,email	https://slang.net/meaning/asat
Freebie	freebie	added	web_forums	https://slang.net/meaning/freebie
NED	ned	deferred_scope_or_ambiguity	web_forums	https://slang.net/meaning/ned
inb4	inb4	added	web_forums	https://slang.net/meaning/inb4
MRA	mra	deferred_scope_or_ambiguity	web_forums	https://slang.net/meaning/mra
HFT	hft	deferred_scope_or_ambiguity	web_forums	https://slang.net/meaning/hft
Derail	derail	added	web_forums	https://slang.net/meaning/derail
WATCH	watch	existing	web_forums	https://slang.net/meaning/watch
J-Pow	j pow	deferred_scope_or_ambiguity	web_forums,social_media	https://slang.net/meaning/j-pow
Quant	quant	deferred_scope_or_ambiguity	web_forums,social_media	https://slang.net/meaning/quant
Nocoiner	nocoiner	deferred_scope_or_ambiguity	web_forums,social_media	https://slang.net/meaning/nocoiner
QAnutter	qanutter	deferred_scope_or_ambiguity	web_forums,social_media	https://slang.net/meaning/qanutter
CAFO	cafo	deferred_scope_or_ambiguity	web_forums,social_media	https://slang.net/meaning/cafo
Urbex	urbex	deferred_scope_or_ambiguity	web_forums,social_media	https://slang.net/meaning/urbex
HBCU	hbcu	deferred_scope_or_ambiguity	web_forums,social_media	https://slang.net/meaning/hbcu
PWI	pwi	deferred_scope_or_ambiguity	web_forums,social_media	https://slang.net/meaning/pwi
CW	cw	deferred_scope_or_ambiguity	web_forums,social_media	https://slang.net/meaning/cw
Greenwashing	greenwashing	deferred_scope_or_ambiguity	web_forums,social_media	https://slang.net/meaning/greenwashing
Mukbang	mukbang	deferred_scope_or_ambiguity	web_forums,social_media	https://slang.net/meaning/mukbang
Helicopter mom	helicopter mom	deferred_scope_or_ambiguity	web_forums	https://slang.net/meaning/helicopter_mom
Comment ghosting	comment ghosting	deferred_scope_or_ambiguity	web_forums,social_media	https://slang.net/meaning/comment_ghosting
Gastrodiplomacy	gastrodiplomacy	deferred_scope_or_ambiguity	web_forums,social_media	https://slang.net/meaning/gastrodiplomacy
Squick	squick	deferred_scope_or_ambiguity	web_forums,social_media	https://slang.net/meaning/squick
BAYC	bayc	deferred_scope_or_ambiguity	web_forums,social_media	https://slang.net/meaning/bayc
Galaxy brain	galaxy brain	deferred_scope_or_ambiguity	web_forums,social_media	https://slang.net/meaning/galaxy_brain
Smooth brain	smooth brain	added	web_forums,social_media	https://slang.net/meaning/smooth_brain
Help vampire	help vampire	deferred_scope_or_ambiguity	web_forums	https://slang.net/meaning/help_vampire
Unsub	unsub	deferred_scope_or_ambiguity	web_forums,social_media	https://slang.net/meaning/unsub
AV	av	deferred_scope_or_ambiguity	web_forums	https://slang.net/meaning/av
Omega male	omega male	deferred_scope_or_ambiguity	web_forums,social_media	https://slang.net/meaning/omega_male
Gamma male	gamma male	deferred_scope_or_ambiguity	web_forums,social_media	https://slang.net/meaning/gamma_male
Up to eleven	up to eleven	deferred_scope_or_ambiguity	web_forums,social_media	https://slang.net/meaning/up_to_eleven
iPad kid	ipad kid	deferred_scope_or_ambiguity	web_forums,social_media	https://slang.net/meaning/ipad_kid
Manlet	manlet	deferred_scope_or_ambiguity	web_forums,social_media	https://slang.net/meaning/manlet
Clanker	clanker	deferred_scope_or_ambiguity	web_forums	https://slang.net/meaning/clanker
RFC	rfc	deferred_scope_or_ambiguity	web_forums,email	https://slang.net/meaning/rfc
IANAL	ianal	deferred_scope_or_ambiguity	web_forums	https://slang.net/meaning/ianal
FTP	ftp	deferred_scope_or_ambiguity	web_forums,email	https://slang.net/meaning/ftp
QFT	qft	added	web_forums	https://slang.net/meaning/qft
ADPIC	adpic	deferred_scope_or_ambiguity	web_forums,social_media,email	https://slang.net/meaning/adpic
BOTD	botd	deferred_scope_or_ambiguity	web_forums,email	https://slang.net/meaning/botd
OEM	oem	deferred_scope_or_ambiguity	web_forums,email	https://slang.net/meaning/oem
OPK	opk	deferred_scope_or_ambiguity	web_forums	https://slang.net/meaning/opk
MDI	mdi	deferred_scope_or_ambiguity	web_forums	https://slang.net/meaning/mdi
PAYE	paye	deferred_scope_or_ambiguity	web_forums	https://slang.net/meaning/paye
4WD	4wd	deferred_scope_or_ambiguity	web_forums	https://slang.net/meaning/4wd
Automagically	automagically	deferred_scope_or_ambiguity	web_forums	https://slang.net/meaning/automagically
Techlexic	techlexic	deferred_scope_or_ambiguity	web_forums	https://slang.net/meaning/techlexic
CIO	cio	deferred_scope_or_ambiguity	web_forums	https://slang.net/meaning/cio
TIHI	tihi	added	web_forums,social_media	https://slang.net/meaning/tihi
YTA	yta	deferred_scope_or_ambiguity	web_forums,social_media	https://slang.net/meaning/yta
LPT	lpt	deferred_scope_or_ambiguity	web_forums,social_media	https://slang.net/meaning/lpt
Wojak	wojak	deferred_scope_or_ambiguity	web_forums,social_media	https://slang.net/meaning/wojak
VBO	vbo	deferred_scope_or_ambiguity	web_forums,social_media	https://slang.net/meaning/vbo
Hot Vax Summer	hot vax summer	deferred_scope_or_ambiguity	web_forums,social_media	https://slang.net/meaning/hot_vax_summer
Virtual restaurant	virtual restaurant	deferred_scope_or_ambiguity	web_forums,social_media	https://slang.net/meaning/virtual_restaurant
BDD	bdd	deferred_scope_or_ambiguity	web_forums	https://slang.net/meaning/bdd
Astroturfing	astroturfing	deferred_scope_or_ambiguity	web_forums,social_media	https://slang.net/meaning/astroturfing
Kyle	kyle	deferred_scope_or_ambiguity	web_forums,social_media	https://slang.net/meaning/kyle
MBA	mba	deferred_scope_or_ambiguity	web_forums	https://slang.net/meaning/mba
WAGMI	wagmi	added	web_forums,social_media	https://slang.net/meaning/wagmi
Shadowban	shadowban	deferred_scope_or_ambiguity	web_forums,social_media	https://slang.net/meaning/shadowban
4n6	4n6	deferred_scope_or_ambiguity	web_forums,social_media	https://slang.net/meaning/4n6
Sportswashing	sportswashing	deferred_scope_or_ambiguity	web_forums,social_media	https://slang.net/meaning/sportswashing
The Streisand Effect	the streisand effect	deferred_scope_or_ambiguity	web_forums,social_media	https://slang.net/meaning/the_streisand_effect
Marmite character	marmite character	deferred_scope_or_ambiguity	web_forums,social_media	https://slang.net/meaning/marmite_character
NOTP	notp	deferred_scope_or_ambiguity	web_forums,social_media	https://slang.net/meaning/notp
DLDR	dldr	added	web_forums,social_media	https://slang.net/meaning/dldr
SALS	sals	deferred_scope_or_ambiguity	web_forums,social_media	https://slang.net/meaning/sals
Historybounding	historybounding	deferred_scope_or_ambiguity	web_forums,social_media	https://slang.net/meaning/historybounding
MTK	mtk	deferred_scope_or_ambiguity	web_forums,social_media	https://slang.net/meaning/mtk
Ammosexual	ammosexual	deferred_scope_or_ambiguity	web_forums,social_media	https://slang.net/meaning/ammosexual
Career cushioning	career cushioning	deferred_scope_or_ambiguity	web_forums,social_media	https://slang.net/meaning/career_cushioning
Womxn	womxn	deferred_scope_or_ambiguity	web_forums,social_media	https://slang.net/meaning/womxn
Buttcoin	buttcoin	deferred_scope_or_ambiguity	web_forums,social_media	https://slang.net/meaning/buttcoin
Parennial	parennial	deferred_scope_or_ambiguity	web_forums	https://slang.net/meaning/parennial
Moneymaxxing	moneymaxxing	deferred_scope_or_ambiguity	web_forums,social_media	https://slang.net/meaning/moneymaxxing
Own goal	own goal	deferred_scope_or_ambiguity	web_forums,social_media	https://slang.net/meaning/own_goal
Killfie	killfie	deferred_scope_or_ambiguity	web_forums,social_media	https://slang.net/meaning/killfie
Sauce	sauce	existing	web_forums	https://slang.net/meaning/sauce
Bachelor's handbag	bachelor 's handbag	deferred_scope_or_ambiguity	web_forums,social_media	https://slang.net/meaning/bachelor's_handbag
Eating good	eating good	deferred_scope_or_ambiguity	web_forums,social_media	https://slang.net/meaning/eating_good
Softmaxxing	softmaxxing	deferred_scope_or_ambiguity	web_forums,social_media	https://slang.net/meaning/softmaxxing
Hardmaxxing	hardmaxxing	deferred_scope_or_ambiguity	web_forums,social_media	https://slang.net/meaning/hardmaxxing
BFCM	bfcm	deferred_scope_or_ambiguity	web_forums,social_media,email	https://slang.net/meaning/bfcm
B2G1	b2g1	deferred_scope_or_ambiguity	web_forums	https://slang.net/meaning/b2g1
UGC	ugc	added	web_forums	https://slang.net/meaning/ugc
ARC	arc	existing	web_forums	https://slang.net/meaning/arc
RTFS	rtfs	deferred_scope_or_ambiguity	web_forums	https://slang.net/meaning/rtfs
RTFFAQ	rtffaq	added	web_forums,email	https://slang.net/meaning/rtffaq
RTFMM	rtfmm	deferred_scope_or_ambiguity	web_forums	https://slang.net/meaning/rtfmm
NOTD	notd	deferred_scope_or_ambiguity	web_forums,social_media	https://slang.net/meaning/notd
LFW	lfw	existing	web_forums,social_media	https://slang.net/meaning/lfw
STW	stw	added	web_forums	https://slang.net/meaning/stw
DMNDS	dmnds	added	web_forums,email	https://slang.net/meaning/dmnds
BFP	bfp	deferred_scope_or_ambiguity	web_forums	https://slang.net/meaning/bfp
POAS	poas	deferred_scope_or_ambiguity	web_forums	https://slang.net/meaning/poas
ppd	ppd	deferred_scope_or_ambiguity	web_forums	https://slang.net/meaning/ppd
FMI	fmi	added	web_forums,email	https://slang.net/meaning/fmi
LI	li	deferred_scope_or_ambiguity	web_forums,social_media	https://slang.net/meaning/li
MQ	mq	deferred_scope_or_ambiguity	web_forums	https://slang.net/meaning/mq
RMA	rma	deferred_scope_or_ambiguity	web_forums	https://slang.net/meaning/rma
T4P	t4p	added	web_forums,social_media	https://slang.net/meaning/t4p
ToC	toc	deferred_scope_or_ambiguity	web_forums	https://slang.net/meaning/toc
IBTL	ibtl	added	web_forums	https://slang.net/meaning/ibtl
phobar	phobar	deferred_scope_or_ambiguity	web_forums	https://slang.net/meaning/phobar
MBP	mbp	deferred_scope_or_ambiguity	web_forums	https://slang.net/meaning/mbp
sysadmin	sysadmin	added	web_forums	https://slang.net/meaning/sysadmin
SSA	ssa	deferred_scope_or_ambiguity	web_forums,email	https://slang.net/meaning/ssa
Fiver party	fiver party	deferred_scope_or_ambiguity	web_forums	https://slang.net/meaning/fiver_party
Algo	algo	deferred_scope_or_ambiguity	web_forums,social_media	https://slang.net/meaning/algo
VPL	vpl	deferred_scope_or_ambiguity	web_forums,social_media	https://slang.net/meaning/vpl
FUPA	fupa	deferred_scope_or_ambiguity	web_forums,social_media	https://slang.net/meaning/fupa
MSI	msi	deferred_scope_or_ambiguity	web_forums,social_media	https://slang.net/meaning/msi
Deplatform	deplatform	deferred_scope_or_ambiguity	web_forums,social_media	https://slang.net/meaning/deplatform
Digital nomad	digital nomad	deferred_scope_or_ambiguity	web_forums,social_media	https://slang.net/meaning/digital_nomad
HCOL	hcol	deferred_scope_or_ambiguity	web_forums,social_media	https://slang.net/meaning/hcol
Ghost banning	ghost banning	deferred_scope_or_ambiguity	web_forums,social_media	https://slang.net/meaning/ghost_banning
Stealth banning	stealth banning	deferred_scope_or_ambiguity	web_forums,social_media	https://slang.net/meaning/stealth_banning
Shower thought	shower thought	deferred_scope_or_ambiguity	web_forums,social_media	https://slang.net/meaning/shower_thought
NoPoo	nopoo	deferred_scope_or_ambiguity	web_forums,social_media	https://slang.net/meaning/nopoo
CGM	cgm	deferred_scope_or_ambiguity	web_forums,social_media	https://slang.net/meaning/cgm
Co Washing	co washing	deferred_scope_or_ambiguity	web_forums,social_media	https://slang.net/meaning/co_washing
Anti-ship	anti ship	deferred_scope_or_ambiguity	web_forums,social_media	https://slang.net/meaning/anti-ship
Revenge travel	revenge travel	deferred_scope_or_ambiguity	web_forums,social_media	https://slang.net/meaning/revenge_travel
Fanfic	fanfic	deferred_scope_or_ambiguity	web_forums,social_media	https://slang.net/meaning/fanfic
Fanon	fanon	deferred_scope_or_ambiguity	web_forums,social_media	https://slang.net/meaning/fanon
Gray rocking	gray rocking	deferred_scope_or_ambiguity	web_forums,social_media	https://slang.net/meaning/gray_rocking
Hate sink	hate sink	deferred_scope_or_ambiguity	web_forums,social_media	https://slang.net/meaning/hate_sink
Costube	costube	deferred_scope_or_ambiguity	web_forums,social_media	https://slang.net/meaning/costube
FOMOngering	fomongering	deferred_scope_or_ambiguity	web_forums,social_media	https://slang.net/meaning/fomongering
Hiatus brain	hiatus brain	deferred_scope_or_ambiguity	web_forums,social_media	https://slang.net/meaning/hiatus_brain
Red Cup Day	red cup day	deferred_scope_or_ambiguity	web_forums,social_media	https://slang.net/meaning/red_cup_day
AU	au	deferred_scope_or_ambiguity	web_forums,social_media	https://slang.net/meaning/au
Title gore	title gore	deferred_scope_or_ambiguity	web_forums	https://slang.net/meaning/title_gore
Grail	grail	deferred_scope_or_ambiguity	web_forums,social_media	https://slang.net/meaning/grail
DEI	dei	deferred_scope_or_ambiguity	web_forums,social_media	https://slang.net/meaning/dei
JEDI	jedi	deferred_scope_or_ambiguity	web_forums,social_media	https://slang.net/meaning/jedi
ESG	esg	deferred_scope_or_ambiguity	web_forums	https://slang.net/meaning/esg
MCRmy	mcrmy	deferred_scope_or_ambiguity	web_forums,social_media	https://slang.net/meaning/mcrmy
ATBGE	atbge	added	web_forums,social_media	https://slang.net/meaning/atbge
Prepper	prepper	deferred_scope_or_ambiguity	web_forums,social_media	https://slang.net/meaning/prepper
Socialmaxxing	socialmaxxing	deferred_scope_or_ambiguity	web_forums,social_media	https://slang.net/meaning/socialmaxxing
2A	2a	deferred_scope_or_ambiguity	web_forums,social_media	https://slang.net/meaning/2a
Selficide	selficide	deferred_scope_or_ambiguity	web_forums,social_media	https://slang.net/meaning/selficide
Glass child	glass child	deferred_scope_or_ambiguity	web_forums,social_media	https://slang.net/meaning/glass_child
Stealth wealth	stealth wealth	deferred_scope_or_ambiguity	web_forums,social_media	https://slang.net/meaning/stealth_wealth
Gorpcore	gorpcore	deferred_scope_or_ambiguity	web_forums,social_media	https://slang.net/meaning/gorpcore
Pessimize	pessimize	deferred_scope_or_ambiguity	web_forums,social_media	https://slang.net/meaning/pessimize
Everything shower	everything shower	deferred_scope_or_ambiguity	web_forums,social_media	https://slang.net/meaning/everything_shower
AMOG	amog	deferred_scope_or_ambiguity	web_forums,social_media	https://slang.net/meaning/amog
Mog	mog	deferred_scope_or_ambiguity	web_forums,social_media	https://slang.net/meaning/mog
Whitepilled	whitepilled	deferred_scope_or_ambiguity	web_forums,social_media	https://slang.net/meaning/whitepilled
PCTTO	pctto	deferred_scope_or_ambiguity	web_forums,social_media	https://slang.net/meaning/pctto
Lead sled	lead sled	deferred_scope_or_ambiguity	web_forums	https://slang.net/meaning/lead_sled
B2G2	b2g2	deferred_scope_or_ambiguity	web_forums	https://slang.net/meaning/b2g2
Anidala	anidala	deferred_scope_or_ambiguity	web_forums	https://slang.net/meaning/anidala
Reylo	reylo	deferred_scope_or_ambiguity	web_forums	https://slang.net/meaning/reylo
exmo	exmo	deferred_scope_or_ambiguity	web_forums	https://slang.net/meaning/exmo
postmo	postmo	deferred_scope_or_ambiguity	web_forums	https://slang.net/meaning/postmo
Book boyfriend	book boyfriend	deferred_scope_or_ambiguity	web_forums,social_media	https://slang.net/meaning/book_boyfriend
MMC	mmc	deferred_scope_or_ambiguity	web_forums,social_media	https://slang.net/meaning/mmc
HFN	hfn	deferred_scope_or_ambiguity	web_forums,social_media	https://slang.net/meaning/hfn
FW	fw	deferred_scope_or_ambiguity	web_forums,social_media,email	https://slang.net/meaning/fw
FOTD	fotd	deferred_scope_or_ambiguity	web_forums,social_media	https://slang.net/meaning/fotd
CNP	cnp	added	web_forums	https://slang.net/meaning/cnp
SOTA	sota	deferred_scope_or_ambiguity	web_forums	https://slang.net/meaning/sota
us	us	existing	web_forums,social_media	https://slang.net/meaning/us
IOB	iob	deferred_scope_or_ambiguity	web_forums	https://slang.net/meaning/iob
T1D	t1d	deferred_scope_or_ambiguity	web_forums	https://slang.net/meaning/t1d
CGMS	cgms	deferred_scope_or_ambiguity	web_forums	https://slang.net/meaning/cgms
MIR	mir	deferred_scope_or_ambiguity	web_forums	https://slang.net/meaning/mir
IPQ	ipq	deferred_scope_or_ambiguity	web_forums	https://slang.net/meaning/ipq
vlogger	vlogger	added	web_forums,social_media	https://slang.net/meaning/vlogger
bump	bump	existing	web_forums	https://slang.net/meaning/bump
MOOC	mooc	deferred_scope_or_ambiguity	web_forums	https://slang.net/meaning/mooc
SME	sme	added	web_forums	https://slang.net/meaning/sme
KFC	kfc	deferred_scope_or_ambiguity	web_forums	https://slang.net/meaning/kfc
LBD	lbd	deferred_scope_or_ambiguity	web_forums	https://slang.net/meaning/lbd
SWM	swm	deferred_scope_or_ambiguity	web_forums,social_media	https://slang.net/meaning/swm
FOBO	fobo	deferred_scope_or_ambiguity	web_forums,social_media	https://slang.net/meaning/fobo
Dab hand	dab hand	deferred_scope_or_ambiguity	web_forums,social_media	https://slang.net/meaning/dab_hand
Shot Girl Summer	shot girl summer	deferred_scope_or_ambiguity	web_forums,social_media	https://slang.net/meaning/shot_girl_summer
HWCU	hwcu	deferred_scope_or_ambiguity	web_forums,social_media	https://slang.net/meaning/hwcu
Snapback	snapback	deferred_scope_or_ambiguity	web_forums,social_media	https://slang.net/meaning/snapback
Queerbaiting	queerbaiting	deferred_scope_or_ambiguity	web_forums,social_media	https://slang.net/meaning/queerbaiting
WDW	wdw	deferred_scope_or_ambiguity	web_forums,social_media	https://slang.net/meaning/wdw
4D chess	4d chess	deferred_scope_or_ambiguity	web_forums,social_media	https://slang.net/meaning/4d_chess
CFT	cft	deferred_scope_or_ambiguity	web_forums,social_media	https://slang.net/meaning/cft
Ghost bike	ghost bike	deferred_scope_or_ambiguity	web_forums,social_media	https://slang.net/meaning/ghost_bike
MFWTK	mfwtk	added	web_forums,social_media	https://slang.net/meaning/mfwtk
Gendy nooch	gendy nooch	deferred_scope_or_ambiguity	web_forums,social_media	https://slang.net/meaning/gendy_nooch
Channer	channer	deferred_scope_or_ambiguity	web_forums,social_media	https://slang.net/meaning/channer
Grief digger	grief digger	deferred_scope_or_ambiguity	web_forums,social_media	https://slang.net/meaning/grief_digger
Take him off the grill	take him off the grill	deferred_scope_or_ambiguity	web_forums,social_media	https://slang.net/meaning/take_him_off_the_grill
Craptions	craptions	deferred_scope_or_ambiguity	web_forums,social_media	https://slang.net/meaning/craptions
Kino	kino	deferred_scope_or_ambiguity	web_forums	https://slang.net/meaning/kino
Balkanization	balkanization	deferred_scope_or_ambiguity	web_forums,social_media	https://slang.net/meaning/balkanization
Splinternet	splinternet	deferred_scope_or_ambiguity	web_forums,social_media	https://slang.net/meaning/splinternet
Thrift flip	thrift flip	deferred_scope_or_ambiguity	web_forums,social_media	https://slang.net/meaning/thrift_flip
Gwenchana	gwenchana	deferred_scope_or_ambiguity	web_forums,social_media	https://slang.net/meaning/gwenchana
Ashl	ashl	deferred_scope_or_ambiguity	web_forums,social_media	https://slang.net/meaning/ashl
CSRD	csrd	deferred_scope_or_ambiguity	web_forums	https://slang.net/meaning/csrd
Nothing shower	nothing shower	deferred_scope_or_ambiguity	web_forums,social_media	https://slang.net/meaning/nothing_shower
Latte makeup	latte makeup	deferred_scope_or_ambiguity	web_forums,social_media	https://slang.net/meaning/latte_makeup
ROMEO	romeo	deferred_scope_or_ambiguity	web_forums,social_media	https://slang.net/meaning/romeo
Bluepilled	bluepilled	deferred_scope_or_ambiguity	web_forums,social_media	https://slang.net/meaning/bluepilled
CTTO	ctto	deferred_scope_or_ambiguity	web_forums,social_media	https://slang.net/meaning/ctto
TBM	tbm	deferred_scope_or_ambiguity	web_forums	https://slang.net/meaning/tbm
Smellmaxxing	smellmaxxing	deferred_scope_or_ambiguity	web_forums,social_media	https://slang.net/meaning/smellmaxxing
Book girlfriend	book girlfriend	deferred_scope_or_ambiguity	web_forums,social_media	https://slang.net/meaning/book_girlfriend
IAW	iaw	deferred_scope_or_ambiguity	web_forums,email	https://slang.net/meaning/iaw
TDL	tdl	deferred_scope_or_ambiguity	web_forums,email	https://slang.net/meaning/tdl
MKA	mka	deferred_scope_or_ambiguity	web_forums	https://slang.net/meaning/mka
NWO	nwo	deferred_scope_or_ambiguity	web_forums,social_media	https://slang.net/meaning/nwo
ITTWACW	ittwacw	deferred_scope_or_ambiguity	web_forums,email	https://slang.net/meaning/ittwacw
SAHP	sahp	deferred_scope_or_ambiguity	web_forums,social_media	https://slang.net/meaning/sahp
ISF	isf	deferred_scope_or_ambiguity	web_forums	https://slang.net/meaning/isf
blinkie	blinkie	deferred_scope_or_ambiguity	web_forums	https://slang.net/meaning/blinkie
QRG	qrg	added	web_forums	https://slang.net/meaning/qrg
WCM	wcm	deferred_scope_or_ambiguity	web_forums	https://slang.net/meaning/wcm
Showmance	showmance	deferred_scope_or_ambiguity	web_forums,social_media	https://slang.net/meaning/showmance
SINKWAD	sinkwad	deferred_scope_or_ambiguity	web_forums,social_media	https://slang.net/meaning/sinkwad
TTT	ttt	deferred_scope_or_ambiguity	web_forums	https://slang.net/meaning/ttt
LWD	lwd	deferred_scope_or_ambiguity	web_forums	https://slang.net/meaning/lwd
OINKWAD	oinkwad	deferred_scope_or_ambiguity	web_forums,social_media	https://slang.net/meaning/oinkwad
IOKIYAD	iokiyad	deferred_scope_or_ambiguity	web_forums	https://slang.net/meaning/iokiyad
IOKIYAR	iokiyar	deferred_scope_or_ambiguity	web_forums	https://slang.net/meaning/iokiyar
UCE	uce	deferred_scope_or_ambiguity	web_forums,email	https://slang.net/meaning/uce
msft	msft	deferred_scope_or_ambiguity	web_forums	https://slang.net/meaning/msft
Redpilled	redpilled	deferred_scope_or_ambiguity	web_forums,social_media	https://slang.net/meaning/redpilled
Bussin	bussin	added	social_media	https://slang.net/meaning/bussin
Simp	simp	deferred_scope_or_ambiguity	social_media	https://slang.net/meaning/simp
Karen	karen	deferred_scope_or_ambiguity	social_media	https://slang.net/meaning/karen
Gang gang	gang gang	added	social_media	https://slang.net/meaning/gang_gang
Delulu	delulu	deferred_scope_or_ambiguity	social_media	https://slang.net/meaning/delulu
Clout chaser	clout chaser	deferred_scope_or_ambiguity	social_media	https://slang.net/meaning/clout_chaser
Skibidi Toilet Syndrome	skibidi toilet syndrome	deferred_scope_or_ambiguity	social_media	https://slang.net/meaning/skibidi_toilet_syndrome
Only in Ohio	only in ohio	deferred_scope_or_ambiguity	social_media	https://slang.net/meaning/only_in_ohio
Friendversary	friendversary	deferred_scope_or_ambiguity	social_media	https://slang.net/meaning/friendversary
Influencer	influencer	deferred_scope_or_ambiguity	social_media	https://slang.net/meaning/influencer
Caught in 4K	caught in 4k	added	social_media	https://slang.net/meaning/caught_in_4k
Bestie	bestie	added	social_media	https://slang.net/meaning/bestie
Pick me	pick me	deferred_scope_or_ambiguity	social_media	https://slang.net/meaning/pick_me
CFD	cfd	deferred_scope_or_ambiguity	social_media	https://slang.net/meaning/cfd
ΘΔ	?	deferred_token_shape	social_media	https://slang.net/meaning/ΘΔ
And I oop	and i oop	deferred_scope_or_ambiguity	social_media	https://slang.net/meaning/and_i_oop
Ratioed	ratioed	deferred_scope_or_ambiguity	social_media	https://slang.net/meaning/ratioed
Catfish	catfish	deferred_scope_or_ambiguity	social_media	https://slang.net/meaning/catfish
FYP	fyp	deferred_scope_or_ambiguity	social_media	https://slang.net/meaning/fyp
Sheesh	sheesh	existing	social_media	https://slang.net/meaning/sheesh
Vacay	vacay	added	social_media	https://slang.net/meaning/vacay
Clapback	clapback	added	social_media	https://slang.net/meaning/clapback
favs	favs	added	social_media	https://slang.net/meaning/favs
Hipster	hipster	deferred_scope_or_ambiguity	social_media	https://slang.net/meaning/hipster
Crew	crew	existing	social_media	https://slang.net/meaning/crew
F4F	f4f	deferred_scope_or_ambiguity	social_media	https://slang.net/meaning/f4f
Day one	day one	deferred_scope_or_ambiguity	social_media	https://slang.net/meaning/day_one
Left no crumbs	left no crumbs	deferred_scope_or_ambiguity	social_media	https://slang.net/meaning/left_no_crumbs
Comfort idol	comfort idol	deferred_scope_or_ambiguity	social_media	https://slang.net/meaning/comfort_idol
Simping	simping	deferred_scope_or_ambiguity	social_media	https://slang.net/meaning/simping
DM slide	dm slide	deferred_scope_or_ambiguity	social_media	https://slang.net/meaning/dm_slide
Doge	doge	deferred_scope_or_ambiguity	social_media	https://slang.net/meaning/doge
Straight fire	straight fire	added	social_media	https://slang.net/meaning/straight_fire
Hop off	hop off	deferred_scope_or_ambiguity	social_media	https://slang.net/meaning/hop_off
TFTA	tfta	added	social_media	https://slang.net/meaning/tfta
LPP	lpp	deferred_scope_or_ambiguity	social_media	https://slang.net/meaning/lpp
Sending me	sending me	deferred_scope_or_ambiguity	social_media	https://slang.net/meaning/sending_me
Face card	face card	deferred_scope_or_ambiguity	social_media	https://slang.net/meaning/face_card
RT	rt	deferred_scope_or_ambiguity	social_media	https://slang.net/meaning/rt
The struggle is real	the struggle is real	deferred_scope_or_ambiguity	social_media	https://slang.net/meaning/the_struggle_is_real
Movember	movember	deferred_scope_or_ambiguity	social_media	https://slang.net/meaning/movember
Chasing clout	chasing clout	deferred_scope_or_ambiguity	social_media	https://slang.net/meaning/chasing_clout
Hits different	hits different	deferred_scope_or_ambiguity	social_media	https://slang.net/meaning/hits_different
Horny on main	horny on main	deferred_scope_or_ambiguity	social_media	https://slang.net/meaning/horny_on_main
Poser	poser	added	social_media	https://slang.net/meaning/poser
Meme stock	meme stock	deferred_scope_or_ambiguity	social_media	https://slang.net/meaning/meme_stock
Nae Nae	nae nae	deferred_scope_or_ambiguity	social_media	https://slang.net/meaning/nae_nae
Vine	vine	deferred_scope_or_ambiguity	social_media	https://slang.net/meaning/vine
Spill the tea	spill the tea	deferred_scope_or_ambiguity	social_media	https://slang.net/meaning/spill_the_tea
Big yikes	big yikes	added	social_media	https://slang.net/meaning/big_yikes
Blue-checked	blue checked	deferred_scope_or_ambiguity	social_media	https://slang.net/meaning/blue-checked
Facestalking	facestalking	deferred_scope_or_ambiguity	social_media	https://slang.net/meaning/facestalking
Cancel culture	cancel culture	deferred_scope_or_ambiguity	social_media	https://slang.net/meaning/cancel_culture
Sip tea	sip tea	deferred_scope_or_ambiguity	social_media	https://slang.net/meaning/sip_tea
LRT	lrt	deferred_scope_or_ambiguity	social_media	https://slang.net/meaning/lrt
Wildin	wildin	deferred_scope_or_ambiguity	social_media	https://slang.net/meaning/wildin
Date ladder	date ladder	deferred_scope_or_ambiguity	social_media	https://slang.net/meaning/date_ladder
Chillax	chillax	added	social_media	https://slang.net/meaning/chillax
Handle	handle	existing	social_media	https://slang.net/meaning/handle
Twittersphere	twittersphere	deferred_scope_or_ambiguity	social_media	https://slang.net/meaning/twittersphere
WSG	wsg	added	social_media	https://slang.net/meaning/wsg
Lick	lick	existing	social_media	https://slang.net/meaning/lick
Disneybounding	disneybounding	deferred_scope_or_ambiguity	social_media	https://slang.net/meaning/disneybounding
GPOY	gpoy	deferred_scope_or_ambiguity	social_media	https://slang.net/meaning/gpoy
Grelfie	grelfie	deferred_scope_or_ambiguity	social_media	https://slang.net/meaning/grelfie
TikToker	tiktoker	deferred_scope_or_ambiguity	social_media	https://slang.net/meaning/tiktoker
Moots	moots	deferred_scope_or_ambiguity	social_media	https://slang.net/meaning/moots
MCM	mcm	deferred_scope_or_ambiguity	social_media	https://slang.net/meaning/mcm
YouTuber	youtuber	added	social_media	https://slang.net/meaning/youtuber
Whitesplain	whitesplain	deferred_scope_or_ambiguity	social_media	https://slang.net/meaning/whitesplain
Facebook friend	facebook friend	deferred_scope_or_ambiguity	social_media	https://slang.net/meaning/facebook_friend
Unicorn mom	unicorn mom	deferred_scope_or_ambiguity	social_media	https://slang.net/meaning/unicorn_mom
Passenger princess	passenger princess	deferred_scope_or_ambiguity	social_media	https://slang.net/meaning/passenger_princess
Edgar	edgar	deferred_scope_or_ambiguity	social_media	https://slang.net/meaning/edgar
Kenergy	kenergy	deferred_scope_or_ambiguity	social_media	https://slang.net/meaning/kenergy
Dead	dead	existing	social_media	https://slang.net/meaning/dead
Slacktivism	slacktivism	deferred_scope_or_ambiguity	social_media	https://slang.net/meaning/slacktivism
Subtweet	subtweet	deferred_scope_or_ambiguity	social_media	https://slang.net/meaning/subtweet
DemThrones	demthrones	deferred_scope_or_ambiguity	social_media	https://slang.net/meaning/demthrones
Slide into your DMs	slide into your dms	deferred_scope_or_ambiguity	social_media	https://slang.net/meaning/slide_into_your_dms
Clout leech	clout leech	deferred_scope_or_ambiguity	social_media	https://slang.net/meaning/clout_leech
Cancel	cancel	existing	social_media	https://slang.net/meaning/cancel
Quaranteam	quaranteam	deferred_scope_or_ambiguity	social_media	https://slang.net/meaning/quaranteam
Snacc	snacc	deferred_scope_or_ambiguity	social_media	https://slang.net/meaning/snacc
Periodt	periodt	deferred_scope_or_ambiguity	social_media	https://slang.net/meaning/periodt
E choke	e choke	deferred_scope_or_ambiguity	social_media	https://slang.net/meaning/e_choke
Heather	heather	deferred_scope_or_ambiguity	social_media	https://slang.net/meaning/heather
Elsagate	elsagate	deferred_scope_or_ambiguity	social_media	https://slang.net/meaning/elsagate
The sidewalk rule	the sidewalk rule	deferred_scope_or_ambiguity	social_media	https://slang.net/meaning/the_sidewalk_rule
Aura farming	aura farming	deferred_scope_or_ambiguity	social_media	https://slang.net/meaning/aura_farming
LeBroning	lebroning	deferred_scope_or_ambiguity	social_media	https://slang.net/meaning/lebroning
Fleek	fleek	deferred_scope_or_ambiguity	social_media	https://slang.net/meaning/fleek
RIP my mentions	rip my mentions	deferred_scope_or_ambiguity	social_media	https://slang.net/meaning/rip_my_mentions
Cottagecore	cottagecore	deferred_scope_or_ambiguity	social_media	https://slang.net/meaning/cottagecore
Trumper	trumper	deferred_scope_or_ambiguity	social_media	https://slang.net/meaning/trumper
-core	? core	deferred_token_shape	social_media	https://slang.net/meaning/-core
Woke up and chose violence	woke up and chose violence	deferred_scope_or_ambiguity	social_media	https://slang.net/meaning/woke_up_and_chose_violence
Big back	big back	deferred_scope_or_ambiguity	social_media	https://slang.net/meaning/big_back
Unfriend	unfriend	existing	social_media	https://slang.net/meaning/unfriend
TFF	tff	deferred_scope_or_ambiguity	social_media	https://slang.net/meaning/tff
Ginger	ginger	existing	social_media	https://slang.net/meaning/ginger
GIF	gif	deferred_scope_or_ambiguity	social_media	https://slang.net/meaning/gif
Tweetsult	tweetsult	deferred_scope_or_ambiguity	social_media	https://slang.net/meaning/tweetsult
Live-tweet	live tweet	deferred_scope_or_ambiguity	social_media	https://slang.net/meaning/live-tweet
Tweeter	tweeter	deferred_scope_or_ambiguity	social_media	https://slang.net/meaning/tweeter
Celine a scene	celine a scene	deferred_scope_or_ambiguity	social_media	https://slang.net/meaning/celine_a_scene
Clap back	clap back	added	social_media	https://slang.net/meaning/clap_back
Tea	tea	existing	social_media	https://slang.net/meaning/tea
VSCO girls	vsco girls	deferred_scope_or_ambiguity	social_media	https://slang.net/meaning/vsco_girls
Slim thick	slim thick	deferred_scope_or_ambiguity	social_media	https://slang.net/meaning/slim_thick
Goblincore	goblincore	deferred_scope_or_ambiguity	social_media	https://slang.net/meaning/goblincore
Voteflake	voteflake	deferred_scope_or_ambiguity	social_media	https://slang.net/meaning/voteflake
Roaching	roaching	deferred_scope_or_ambiguity	social_media	https://slang.net/meaning/roaching
Haunting	haunting	deferred_scope_or_ambiguity	social_media	https://slang.net/meaning/haunting
Chad	chad	deferred_scope_or_ambiguity	social_media	https://slang.net/meaning/chad
Momfluencer	momfluencer	deferred_scope_or_ambiguity	social_media	https://slang.net/meaning/momfluencer
GOATed with the sauce	goated with the sauce	deferred_scope_or_ambiguity	social_media	https://slang.net/meaning/goated_with_the_sauce
Canon event	canon event	deferred_scope_or_ambiguity	social_media	https://slang.net/meaning/canon_event
Fanum tax	fanum tax	deferred_scope_or_ambiguity	social_media	https://slang.net/meaning/fanum_tax
Aura	aura	deferred_scope_or_ambiguity	social_media	https://slang.net/meaning/aura
Tweeps	tweeps	deferred_scope_or_ambiguity	social_media	https://slang.net/meaning/tweeps
Mistweet	mistweet	deferred_scope_or_ambiguity	social_media	https://slang.net/meaning/mistweet
Instagram husband	instagram husband	deferred_scope_or_ambiguity	social_media	https://slang.net/meaning/instagram_husband
Instagrammer	instagrammer	deferred_scope_or_ambiguity	social_media	https://slang.net/meaning/instagrammer
Snapchatter	snapchatter	deferred_scope_or_ambiguity	social_media	https://slang.net/meaning/snapchatter
RIP to your mentions	rip to your mentions	deferred_scope_or_ambiguity	social_media	https://slang.net/meaning/rip_to_your_mentions
Mood	mood	existing	social_media	https://slang.net/meaning/mood
Virtue signaling	virtue signaling	deferred_scope_or_ambiguity	social_media	https://slang.net/meaning/virtue_signaling
Quaranfifteen	quaranfifteen	deferred_scope_or_ambiguity	social_media	https://slang.net/meaning/quaranfifteen
Blursday	blursday	deferred_scope_or_ambiguity	social_media	https://slang.net/meaning/blursday
Sharent	sharent	deferred_scope_or_ambiguity	social_media	https://slang.net/meaning/sharent
Outta pocket	outta pocket	deferred_scope_or_ambiguity	social_media	https://slang.net/meaning/outta_pocket
BMS	bms	inflected	social_media	https://slang.net/meaning/bms
Parasocial relationship	parasocial relationship	deferred_scope_or_ambiguity	social_media	https://slang.net/meaning/parasocial_relationship
Who dey breet	who dey breet	deferred_scope_or_ambiguity	social_media	https://slang.net/meaning/who_dey_breet
BookTok	booktok	deferred_scope_or_ambiguity	social_media	https://slang.net/meaning/booktok
GRWM	grwm	deferred_scope_or_ambiguity	social_media	https://slang.net/meaning/grwm
Boy math	boy math	deferred_scope_or_ambiguity	social_media	https://slang.net/meaning/boy_math
PC4PC	pc4pc	deferred_scope_or_ambiguity	social_media	https://slang.net/meaning/pc4pc
GPOYW	gpoyw	deferred_scope_or_ambiguity	social_media	https://slang.net/meaning/gpoyw
Llello	llello	deferred_scope_or_ambiguity	social_media	https://slang.net/meaning/llello
Slacktivist	slacktivist	deferred_scope_or_ambiguity	social_media	https://slang.net/meaning/slacktivist
Covfefe	covfefe	deferred_scope_or_ambiguity	social_media	https://slang.net/meaning/covfefe
Twitterstorm	twitterstorm	deferred_scope_or_ambiguity	social_media	https://slang.net/meaning/twitterstorm
sksksk	sksksk	added	social_media	https://slang.net/meaning/sksksk
stimmy	stimmy	deferred_scope_or_ambiguity	social_media	https://slang.net/meaning/stimmy
Dadication	dadication	deferred_scope_or_ambiguity	social_media	https://slang.net/meaning/dadication
Swipe right	swipe right	deferred_scope_or_ambiguity	social_media	https://slang.net/meaning/swipe_right
TikTok house	tiktok house	deferred_scope_or_ambiguity	social_media	https://slang.net/meaning/tiktok_house
Unforced error	unforced error	added	social_media	https://slang.net/meaning/unforced_error
Hellmaxxing	hellmaxxing	deferred_scope_or_ambiguity	social_media	https://slang.net/meaning/hellmaxxing
Bing bong	bing bong	deferred_scope_or_ambiguity	social_media	https://slang.net/meaning/bing_bong
Tradwife	tradwife	deferred_scope_or_ambiguity	social_media	https://slang.net/meaning/tradwife
Girl dinner	girl dinner	deferred_scope_or_ambiguity	social_media	https://slang.net/meaning/girl_dinner
Dreamscrolling	dreamscrolling	deferred_scope_or_ambiguity	social_media	https://slang.net/meaning/dreamscrolling
Tweetup	tweetup	deferred_scope_or_ambiguity	social_media	https://slang.net/meaning/tweetup
Shelfie	shelfie	deferred_scope_or_ambiguity	social_media	https://slang.net/meaning/shelfie
S4S	s4s	deferred_scope_or_ambiguity	social_media	https://slang.net/meaning/s4s
Faceremorse	faceremorse	deferred_scope_or_ambiguity	social_media	https://slang.net/meaning/faceremorse
Retweet offender	retweet offender	deferred_scope_or_ambiguity	social_media	https://slang.net/meaning/retweet_offender
Snapstreak	snapstreak	deferred_scope_or_ambiguity	social_media	https://slang.net/meaning/snapstreak
Ghost post	ghost post	deferred_scope_or_ambiguity	social_media	https://slang.net/meaning/ghost_post
The gram	the gram	deferred_scope_or_ambiguity	social_media	https://slang.net/meaning/the_gram
Procrastibaking	procrastibaking	deferred_scope_or_ambiguity	social_media	https://slang.net/meaning/procrastibaking
Fitfam	fitfam	deferred_scope_or_ambiguity	social_media	https://slang.net/meaning/fitfam
Go off	go off	deferred_scope_or_ambiguity	social_media	https://slang.net/meaning/go_off
eboy	eboy	deferred_scope_or_ambiguity	social_media	https://slang.net/meaning/eboy
NPR	npr	deferred_scope_or_ambiguity	social_media	https://slang.net/meaning/npr
Blackfishing	blackfishing	deferred_scope_or_ambiguity	social_media	https://slang.net/meaning/blackfishing
MDL	mdl	deferred_scope_or_ambiguity	social_media	https://slang.net/meaning/mdl
Carpe DM	carpe dm	deferred_scope_or_ambiguity	social_media	https://slang.net/meaning/carpe_dm
insta	insta	deferred_scope_or_ambiguity	social_media	https://slang.net/meaning/insta
Trumpster	trumpster	deferred_scope_or_ambiguity	social_media	https://slang.net/meaning/trumpster
WBW	wbw	deferred_scope_or_ambiguity	social_media,email	https://slang.net/meaning/wbw
City boy	city boy	deferred_scope_or_ambiguity	social_media	https://slang.net/meaning/city_boy
Fumble the bag	fumble the bag	added	social_media	https://slang.net/meaning/fumble_the_bag
Wylin	wylin	deferred_scope_or_ambiguity	social_media	https://slang.net/meaning/wylin
Blud	blud	deferred_scope_or_ambiguity	social_media	https://slang.net/meaning/blud
Era	era	existing	social_media	https://slang.net/meaning/era
Whamageddon	whamageddon	deferred_scope_or_ambiguity	social_media	https://slang.net/meaning/whamageddon
Demure	demure	deferred_scope_or_ambiguity	social_media	https://slang.net/meaning/demure
Sweater weather	sweater weather	deferred_scope_or_ambiguity	social_media	https://slang.net/meaning/sweater_weather
Pookie	pookie	deferred_scope_or_ambiguity	social_media	https://slang.net/meaning/pookie
POUS	pous	deferred_scope_or_ambiguity	social_media	https://slang.net/meaning/pous
Swoll	swoll	deferred_scope_or_ambiguity	social_media	https://slang.net/meaning/swoll
Viner	viner	deferred_scope_or_ambiguity	social_media	https://slang.net/meaning/viner
PRT	prt	deferred_scope_or_ambiguity	social_media	https://slang.net/meaning/prt
MBFA	mbfa	deferred_scope_or_ambiguity	social_media	https://slang.net/meaning/mbfa
Finstagram	finstagram	deferred_scope_or_ambiguity	social_media	https://slang.net/meaning/finstagram
Rinstagram	rinstagram	deferred_scope_or_ambiguity	social_media	https://slang.net/meaning/rinstagram
Get buckets	get buckets	deferred_scope_or_ambiguity	social_media	https://slang.net/meaning/get_buckets
Doom-scrolling	doom scrolling	deferred_scope_or_ambiguity	social_media	https://slang.net/meaning/doom-scrolling
Rage baking	rage baking	deferred_scope_or_ambiguity	social_media	https://slang.net/meaning/rage_baking
BDE	bde	deferred_scope_or_ambiguity	social_media	https://slang.net/meaning/bde
Swipe left	swipe left	deferred_scope_or_ambiguity	social_media	https://slang.net/meaning/swipe_left
That ain't it	that ai not it	added	social_media	https://slang.net/meaning/that_ain't_it
Hard pants	hard pants	deferred_scope_or_ambiguity	social_media	https://slang.net/meaning/hard_pants
Multistan	multistan	deferred_scope_or_ambiguity	social_media	https://slang.net/meaning/multistan
Fax no printer	fax no printer	added	social_media	https://slang.net/meaning/fax_no_printer
Blow up	blow up	deferred_scope_or_ambiguity	social_media	https://slang.net/meaning/blow_up
Wife guy	wife guy	deferred_scope_or_ambiguity	social_media	https://slang.net/meaning/wife_guy
Corn	corn	existing	social_media	https://slang.net/meaning/corn
On X Games mode	on x games mode	deferred_scope_or_ambiguity	social_media	https://slang.net/meaning/on_x_games_mode
Coming for necks	coming for necks	deferred_scope_or_ambiguity	social_media	https://slang.net/meaning/coming_for_necks
Tikbait	tikbait	deferred_scope_or_ambiguity	social_media	https://slang.net/meaning/tikbait
Academic weapon	academic weapon	deferred_scope_or_ambiguity	social_media	https://slang.net/meaning/academic_weapon
edtwt	edtwt	deferred_scope_or_ambiguity	social_media	https://slang.net/meaning/edtwt
Unalive	unalive	deferred_scope_or_ambiguity	social_media	https://slang.net/meaning/unalive
Sponcon	sponcon	deferred_scope_or_ambiguity	social_media	https://slang.net/meaning/sponcon
Gagged	gagged	added	social_media	https://slang.net/meaning/gagged
OBCD	obcd	deferred_scope_or_ambiguity	social_media	https://slang.net/meaning/obcd
Isnotrael	isnotrael	deferred_scope_or_ambiguity	social_media	https://slang.net/meaning/isnotrael
Soft life	soft life	deferred_scope_or_ambiguity	social_media	https://slang.net/meaning/soft_life
Boy dinner	boy dinner	deferred_scope_or_ambiguity	social_media	https://slang.net/meaning/boy_dinner
Blue tick	blue tick	deferred_scope_or_ambiguity	social_media	https://slang.net/meaning/blue_tick
Cozy vibes	cozy vibes	added	social_media	https://slang.net/meaning/cozy_vibes
Reverse rizz	reverse rizz	deferred_scope_or_ambiguity	social_media	https://slang.net/meaning/reverse_rizz
Clock it	clock it	deferred_scope_or_ambiguity	social_media	https://slang.net/meaning/clock_it
MRT	mrt	deferred_scope_or_ambiguity	social_media	https://slang.net/meaning/mrt
Dressgate	dressgate	deferred_scope_or_ambiguity	social_media	https://slang.net/meaning/dressgate
TFTF	tftf	added	social_media	https://slang.net/meaning/tftf
Mannequin challenge	mannequin challenge	deferred_scope_or_ambiguity	social_media	https://slang.net/meaning/mannequin_challenge
Tindering	tindering	deferred_scope_or_ambiguity	social_media	https://slang.net/meaning/tindering
Diddy crop	diddy crop	deferred_scope_or_ambiguity	social_media	https://slang.net/meaning/diddy_crop
LB	lb	deferred_scope_or_ambiguity	social_media	https://slang.net/meaning/lb
Mention	mention	existing	social_media	https://slang.net/meaning/mention
Latergram	latergram	deferred_scope_or_ambiguity	social_media	https://slang.net/meaning/latergram
Gram it	gram it	deferred_scope_or_ambiguity	social_media	https://slang.net/meaning/gram_it
wypipo	wypipo	deferred_scope_or_ambiguity	social_media	https://slang.net/meaning/wypipo
QOTD	qotd	added	social_media	https://slang.net/meaning/qotd
CEO of	ceo of	deferred_scope_or_ambiguity	social_media	https://slang.net/meaning/ceo_of
egirl	egirl	deferred_scope_or_ambiguity	social_media	https://slang.net/meaning/egirl
Idol	idol	deferred_scope_or_ambiguity	social_media	https://slang.net/meaning/idol
NUMTOTS	numtots	deferred_scope_or_ambiguity	social_media	https://slang.net/meaning/numtots
Pharbz	pharbz	deferred_scope_or_ambiguity	social_media	https://slang.net/meaning/pharbz
Qultist	qultist	deferred_scope_or_ambiguity	social_media	https://slang.net/meaning/qultist
Wokefishing	wokefishing	deferred_scope_or_ambiguity	social_media	https://slang.net/meaning/wokefishing
Valid	valid	existing	social_media	https://slang.net/meaning/valid
Chub rub	chub rub	deferred_scope_or_ambiguity	social_media	https://slang.net/meaning/chub_rub
Clout demon	clout demon	deferred_scope_or_ambiguity	social_media	https://slang.net/meaning/clout_demon
Non-GMO	non gmo	deferred_scope_or_ambiguity	social_media	https://slang.net/meaning/non-gmo
Beaning	beaning	deferred_scope_or_ambiguity	social_media	https://slang.net/meaning/beaning
Arianator	arianator	deferred_scope_or_ambiguity	social_media	https://slang.net/meaning/arianator
Down bad	down bad	deferred_scope_or_ambiguity	social_media	https://slang.net/meaning/down_bad
Hypebeast	hypebeast	deferred_scope_or_ambiguity	social_media	https://slang.net/meaning/hypebeast
DisTwitter	distwitter	deferred_scope_or_ambiguity	social_media	https://slang.net/meaning/distwitter
BookTwt	booktwt	deferred_scope_or_ambiguity	social_media	https://slang.net/meaning/booktwt
Goofy ahh	goofy ahh	deferred_scope_or_ambiguity	social_media	https://slang.net/meaning/goofy_ahh
TechToker	techtoker	deferred_scope_or_ambiguity	social_media	https://slang.net/meaning/techtoker
Goblin mode	goblin mode	deferred_scope_or_ambiguity	social_media	https://slang.net/meaning/goblin_mode
Quirked up	quirked up	deferred_scope_or_ambiguity	social_media	https://slang.net/meaning/quirked_up
Got that dog in him	got that dog in him	added	social_media	https://slang.net/meaning/got_that_dog_in_him
Mascara	mascara	deferred_scope_or_ambiguity	social_media	https://slang.net/meaning/mascara
Swolemate	swolemate	deferred_scope_or_ambiguity	social_media	https://slang.net/meaning/swolemate
Boyfriend effect	boyfriend effect	deferred_scope_or_ambiguity	social_media	https://slang.net/meaning/boyfriend_effect
Deinfluencing	deinfluencing	deferred_scope_or_ambiguity	social_media	https://slang.net/meaning/deinfluencing
Sprinkle sprinkle	sprinkle sprinkle	deferred_scope_or_ambiguity	social_media	https://slang.net/meaning/sprinkle_sprinkle
Cheesin	cheesin	deferred_scope_or_ambiguity	social_media	https://slang.net/meaning/cheesin
Blue person	blue person	deferred_scope_or_ambiguity	social_media	https://slang.net/meaning/blue_person
Green person	green person	deferred_scope_or_ambiguity	social_media	https://slang.net/meaning/green_person
Oomfie	oomfie	deferred_scope_or_ambiguity	social_media	https://slang.net/meaning/oomfie
Croomf	croomf	deferred_scope_or_ambiguity	social_media	https://slang.net/meaning/croomf
Traumaversary	traumaversary	deferred_scope_or_ambiguity	social_media	https://slang.net/meaning/traumaversary
Do it for the plot	do it for the plot	deferred_scope_or_ambiguity	social_media	https://slang.net/meaning/do_it_for_the_plot
ESH	esh	deferred_scope_or_ambiguity	social_media	https://slang.net/meaning/esh
He's him	he is him	deferred_scope_or_ambiguity	social_media	https://slang.net/meaning/he's_him
Whammed	whammed	deferred_scope_or_ambiguity	social_media	https://slang.net/meaning/whammed
Millennial pause	millennial pause	deferred_scope_or_ambiguity	social_media	https://slang.net/meaning/millennial_pause
Sephora kid	sephora kid	deferred_scope_or_ambiguity	social_media	https://slang.net/meaning/sephora_kid
chuzz	chuzz	deferred_scope_or_ambiguity	social_media	https://slang.net/meaning/chuzz
FMC	fmc	deferred_scope_or_ambiguity	social_media	https://slang.net/meaning/fmc
Bookstagram	bookstagram	deferred_scope_or_ambiguity	social_media	https://slang.net/meaning/bookstagram
BookX	bookx	deferred_scope_or_ambiguity	social_media	https://slang.net/meaning/bookx
Surface-level dating	surface level dating	deferred_scope_or_ambiguity	social_media	https://slang.net/meaning/surface-level_dating
Choppelganger	choppelganger	deferred_scope_or_ambiguity	social_media	https://slang.net/meaning/choppelganger
BMA	bma	deferred_scope_or_ambiguity	social_media,email	https://slang.net/meaning/bma
ILMM	ilmm	deferred_scope_or_ambiguity	social_media,email	https://slang.net/meaning/ilmm
IAGSMSOL	iagsmsol	deferred_scope_or_ambiguity	social_media,email	https://slang.net/meaning/iagsmsol
Dweet	dweet	deferred_scope_or_ambiguity	social_media	https://slang.net/meaning/dweet
ASAIC	asaic	deferred_scope_or_ambiguity	social_media	https://slang.net/meaning/asaic
Tweeple	tweeple	deferred_scope_or_ambiguity	social_media	https://slang.net/meaning/tweeple
Weathermageddon	weathermageddon	deferred_scope_or_ambiguity	social_media	https://slang.net/meaning/weathermageddon
KOTD	kotd	deferred_scope_or_ambiguity	social_media	https://slang.net/meaning/kotd
Insta-lurking	insta lurking	deferred_scope_or_ambiguity	social_media	https://slang.net/meaning/insta-lurking
Likers get rate	likers get rate	deferred_scope_or_ambiguity	social_media	https://slang.net/meaning/likers_get_rate
finsta	finsta	deferred_scope_or_ambiguity	social_media	https://slang.net/meaning/finsta
FBriend	fbriend	deferred_scope_or_ambiguity	social_media	https://slang.net/meaning/fbriend
Went off	went off	deferred_scope_or_ambiguity	social_media	https://slang.net/meaning/went_off
Zumping	zumping	deferred_scope_or_ambiguity	social_media	https://slang.net/meaning/zumping
ACV	acv	deferred_scope_or_ambiguity	social_media	https://slang.net/meaning/acv
Mutual	mutual	existing	social_media	https://slang.net/meaning/mutual
Collab house	collab house	deferred_scope_or_ambiguity	social_media	https://slang.net/meaning/collab_house
Flop era	flop era	deferred_scope_or_ambiguity	social_media	https://slang.net/meaning/flop_era
Blep	blep	deferred_scope_or_ambiguity	social_media	https://slang.net/meaning/blep
KLM	klm	deferred_scope_or_ambiguity	social_media	https://slang.net/meaning/klm
Comfort character	comfort character	deferred_scope_or_ambiguity	social_media	https://slang.net/meaning/comfort_character
Caucacity	caucacity	deferred_scope_or_ambiguity	social_media	https://slang.net/meaning/caucacity
Pick me girl	pick me girl	deferred_scope_or_ambiguity	social_media	https://slang.net/meaning/pick_me_girl
DNI	dni	added	social_media	https://slang.net/meaning/dni
Le dollar bean	le dollar bean	deferred_scope_or_ambiguity	social_media	https://slang.net/meaning/le_dollar_bean
Americancore	americancore	deferred_scope_or_ambiguity	social_media	https://slang.net/meaning/americancore
Woke up and chose chaos	woke up and chose chaos	deferred_scope_or_ambiguity	social_media	https://slang.net/meaning/woke_up_and_chose_chaos
FTA	fta	deferred_scope_or_ambiguity	social_media	https://slang.net/meaning/fta
Alr	alr	existing	social_media	https://slang.net/meaning/alr
Regram	regram	deferred_scope_or_ambiguity	social_media	https://slang.net/meaning/regram
Yassify	yassify	deferred_scope_or_ambiguity	social_media	https://slang.net/meaning/yassify
BookTube	booktube	deferred_scope_or_ambiguity	social_media	https://slang.net/meaning/booktube
Dabloons	dabloons	deferred_scope_or_ambiguity	social_media	https://slang.net/meaning/dabloons
Sewerslide	sewerslide	deferred_scope_or_ambiguity	social_media	https://slang.net/meaning/sewerslide
Villain era	villain era	deferred_scope_or_ambiguity	social_media	https://slang.net/meaning/villain_era
Boyfriend air	boyfriend air	deferred_scope_or_ambiguity	social_media	https://slang.net/meaning/boyfriend_air
Baited	baited	added	social_media	https://slang.net/meaning/baited
Porch pirate	porch pirate	deferred_scope_or_ambiguity	social_media	https://slang.net/meaning/porch_pirate
BPD	bpd	deferred_scope_or_ambiguity	social_media	https://slang.net/meaning/bpd
PTSO	ptso	deferred_scope_or_ambiguity	social_media	https://slang.net/meaning/ptso
WTM	wtm	added	social_media	https://slang.net/meaning/wtm
RCTA	rcta	deferred_scope_or_ambiguity	social_media	https://slang.net/meaning/rcta
Reply guy	reply guy	deferred_scope_or_ambiguity	social_media	https://slang.net/meaning/reply_guy
PMTTWAMOWM	pmttwamowm	deferred_scope_or_ambiguity	social_media	https://slang.net/meaning/pmttwamowm
Girl math	girl math	deferred_scope_or_ambiguity	social_media	https://slang.net/meaning/girl_math
Solulu	solulu	deferred_scope_or_ambiguity	social_media	https://slang.net/meaning/solulu
Standing on bidness	standing on bidness	deferred_scope_or_ambiguity	social_media	https://slang.net/meaning/standing_on_bidness
It's giving	it is giving	deferred_scope_or_ambiguity	social_media	https://slang.net/meaning/it's_giving
Rizzmas Carols	rizzmas carols	deferred_scope_or_ambiguity	social_media	https://slang.net/meaning/rizzmas_carols
Yapping	yapping	added	social_media	https://slang.net/meaning/yapping
Flannel mode	flannel mode	deferred_scope_or_ambiguity	social_media	https://slang.net/meaning/flannel_mode
FAFO	fafo	deferred_scope_or_ambiguity	social_media	https://slang.net/meaning/fafo
Deinfluencer	deinfluencer	deferred_scope_or_ambiguity	social_media	https://slang.net/meaning/deinfluencer
Whole meal	whole meal	deferred_scope_or_ambiguity	social_media	https://slang.net/meaning/whole_meal
Deep dating	deep dating	deferred_scope_or_ambiguity	social_media	https://slang.net/meaning/deep_dating
22	?	deferred_token_shape	social_media,email	https://slang.net/meaning/22
Twewbie	twewbie	deferred_scope_or_ambiguity	social_media	https://slang.net/meaning/twewbie
oh	oh	existing	social_media	https://slang.net/meaning/oh
NTS	nts	inflected	social_media	https://slang.net/meaning/nts
FBC	fbc	deferred_scope_or_ambiguity	social_media	https://slang.net/meaning/fbc
Attwicted	attwicted	deferred_scope_or_ambiguity	social_media	https://slang.net/meaning/attwicted
Detweet	detweet	deferred_scope_or_ambiguity	social_media	https://slang.net/meaning/detweet
Eavestweeting	eavestweeting	deferred_scope_or_ambiguity	social_media	https://slang.net/meaning/eavestweeting
H/T	h ? t	deferred_token_shape	social_media	https://slang.net/meaning/h/t
Fri	fri	deferred_scope_or_ambiguity	social_media	https://slang.net/meaning/fri
IBC	ibc	deferred_scope_or_ambiguity	social_media	https://slang.net/meaning/ibc
Felfie	felfie	deferred_scope_or_ambiguity	social_media	https://slang.net/meaning/felfie
Wealthy selfie	wealthy selfie	deferred_scope_or_ambiguity	social_media	https://slang.net/meaning/wealthy_selfie
Twitler	twitler	deferred_scope_or_ambiguity	social_media	https://slang.net/meaning/twitler
Lewk	lewk	deferred_scope_or_ambiguity	social_media	https://slang.net/meaning/lewk
Zoom town	zoom town	deferred_scope_or_ambiguity	social_media	https://slang.net/meaning/zoom_town
BCV	bcv	deferred_scope_or_ambiguity	social_media	https://slang.net/meaning/bcv
Accountant	accountant	existing	social_media	https://slang.net/meaning/accountant
Fauci Ouchie	fauci ouchie	deferred_scope_or_ambiguity	social_media	https://slang.net/meaning/fauci_ouchie
Lapsonym	lapsonym	deferred_scope_or_ambiguity	social_media	https://slang.net/meaning/lapsonym
Fire thighs	fire thighs	deferred_scope_or_ambiguity	social_media	https://slang.net/meaning/fire_thighs
Looted	looted	inflected	social_media	https://slang.net/meaning/looted
Trans	trans	deferred_scope_or_ambiguity	social_media	https://slang.net/meaning/trans
Orbiting	orbiting	deferred_scope_or_ambiguity	social_media	https://slang.net/meaning/orbiting
ONG	ong	existing	social_media	https://slang.net/meaning/ong
Flurona	flurona	deferred_scope_or_ambiguity	social_media	https://slang.net/meaning/flurona
Twindemic	twindemic	deferred_scope_or_ambiguity	social_media	https://slang.net/meaning/twindemic
SBF	sbf	deferred_scope_or_ambiguity	social_media	https://slang.net/meaning/sbf
Outwordle	outwordle	deferred_scope_or_ambiguity	social_media	https://slang.net/meaning/outwordle
AMOS	amos	deferred_scope_or_ambiguity	social_media	https://slang.net/meaning/amos
Crop	crop	existing	social_media	https://slang.net/meaning/crop
Leg booty	leg booty	deferred_scope_or_ambiguity	social_media	https://slang.net/meaning/leg_booty
Swimmers	swimmers	deferred_scope_or_ambiguity	social_media	https://slang.net/meaning/swimmers
Saltine	saltine	deferred_scope_or_ambiguity	social_media	https://slang.net/meaning/saltine
Cornucopia	cornucopia	deferred_scope_or_ambiguity	social_media	https://slang.net/meaning/cornucopia
Sneaky link	sneaky link	deferred_scope_or_ambiguity	social_media	https://slang.net/meaning/sneaky_link
AMAA	amaa	deferred_scope_or_ambiguity	social_media	https://slang.net/meaning/amaa
Cakeday	cakeday	deferred_scope_or_ambiguity	social_media	https://slang.net/meaning/cakeday
Ninjaedit	ninjaedit	added	social_media	https://slang.net/meaning/ninjaedit
Reddiquette	reddiquette	deferred_scope_or_ambiguity	social_media	https://slang.net/meaning/reddiquette
Straight TikTok	straight tiktok	deferred_scope_or_ambiguity	social_media	https://slang.net/meaning/straight_tiktok
Alt TikTok	alt tiktok	deferred_scope_or_ambiguity	social_media	https://slang.net/meaning/alt_tiktok
Chasing the bag	chasing the bag	deferred_scope_or_ambiguity	social_media	https://slang.net/meaning/chasing_the_bag
QAMAGA	qamaga	deferred_scope_or_ambiguity	social_media	https://slang.net/meaning/qamaga
ESB	esb	deferred_scope_or_ambiguity	social_media	https://slang.net/meaning/esb
edtok	edtok	deferred_scope_or_ambiguity	social_media	https://slang.net/meaning/edtok
Yassification	yassification	deferred_scope_or_ambiguity	social_media	https://slang.net/meaning/yassification
YTber	ytber	added	social_media	https://slang.net/meaning/ytber
Villain mode	villain mode	deferred_scope_or_ambiguity	social_media	https://slang.net/meaning/villain_mode
Dupe	dupe	existing	social_media	https://slang.net/meaning/dupe
School air	school air	deferred_scope_or_ambiguity	social_media	https://slang.net/meaning/school_air
BORG	borg	deferred_scope_or_ambiguity	social_media	https://slang.net/meaning/borg
Spice	spice	deferred_scope_or_ambiguity	social_media	https://slang.net/meaning/spice
Petfluencer	petfluencer	deferred_scope_or_ambiguity	social_media	https://slang.net/meaning/petfluencer
Vaguebooking	vaguebooking	deferred_scope_or_ambiguity	social_media	https://slang.net/meaning/vaguebooking
Ts and Ps	ts and ps	deferred_scope_or_ambiguity	social_media	https://slang.net/meaning/ts_and_ps
Ussie	ussie	deferred_scope_or_ambiguity	social_media	https://slang.net/meaning/ussie
Pink person	pink person	deferred_scope_or_ambiguity	social_media	https://slang.net/meaning/pink_person
Almond mom	almond mom	deferred_scope_or_ambiguity	social_media	https://slang.net/meaning/almond_mom
IAWTP	iawtp	added	social_media	https://slang.net/meaning/iawtp
Cozzie livs	cozzie livs	deferred_scope_or_ambiguity	social_media	https://slang.net/meaning/cozzie_livs
Snail Girl Era	snail girl era	deferred_scope_or_ambiguity	social_media	https://slang.net/meaning/snail_girl_era
EHS	ehs	deferred_scope_or_ambiguity	social_media	https://slang.net/meaning/ehs
DYT	dyt	added	social_media	https://slang.net/meaning/dyt
Dts	dts	deferred_scope_or_ambiguity	social_media	https://slang.net/meaning/dts
YKTV	yktv	deferred_scope_or_ambiguity	social_media	https://slang.net/meaning/yktv
Silent walking	silent walking	deferred_scope_or_ambiguity	social_media	https://slang.net/meaning/silent_walking
Gen Z shake	gen z shake	deferred_scope_or_ambiguity	social_media	https://slang.net/meaning/gen_z_shake
Disney knees	disney knees	deferred_scope_or_ambiguity	social_media	https://slang.net/meaning/disney_knees
CR	cr	existing	social_media	https://slang.net/meaning/cr
Fit check	fit check	deferred_scope_or_ambiguity	social_media	https://slang.net/meaning/fit_check
Vagueposting	vagueposting	deferred_scope_or_ambiguity	social_media	https://slang.net/meaning/vagueposting
The library is open	the library is open	deferred_scope_or_ambiguity	social_media	https://slang.net/meaning/the_library_is_open
Industry plant	industry plant	deferred_scope_or_ambiguity	social_media	https://slang.net/meaning/industry_plant
FYA	fya	deferred_scope_or_ambiguity	social_media,email	https://slang.net/meaning/fya
FUSIT	fusit	added	social_media,email	https://slang.net/meaning/fusit
FYF	fyf	deferred_scope_or_ambiguity	social_media,email	https://slang.net/meaning/fyf
Rthx	rthx	deferred_scope_or_ambiguity	social_media	https://slang.net/meaning/rthx
TPM	tpm	deferred_scope_or_ambiguity	social_media	https://slang.net/meaning/tpm
Tweavesdropping	tweavesdropping	deferred_scope_or_ambiguity	social_media	https://slang.net/meaning/tweavesdropping
Attwaction	attwaction	deferred_scope_or_ambiguity	social_media	https://slang.net/meaning/attwaction
Twaddict	twaddict	deferred_scope_or_ambiguity	social_media	https://slang.net/meaning/twaddict
RLRT	rlrt	deferred_scope_or_ambiguity	social_media	https://slang.net/meaning/rlrt
Instagram prime time	instagram prime time	deferred_scope_or_ambiguity	social_media	https://slang.net/meaning/instagram_prime_time
Twitterverse	twitterverse	deferred_scope_or_ambiguity	social_media	https://slang.net/meaning/twitterverse
TMW	tmw	deferred_scope_or_ambiguity	social_media	https://slang.net/meaning/tmw
rinsta	rinsta	deferred_scope_or_ambiguity	social_media	https://slang.net/meaning/rinsta
Cancel club	cancel club	deferred_scope_or_ambiguity	social_media	https://slang.net/meaning/cancel_club
Deep like	deep like	deferred_scope_or_ambiguity	social_media	https://slang.net/meaning/deep_like
MeToo moment	metoo moment	deferred_scope_or_ambiguity	social_media	https://slang.net/meaning/metoo_moment
Story time	story time	added	social_media	https://slang.net/meaning/story_time
SMO	smo	deferred_scope_or_ambiguity	social_media	https://slang.net/meaning/smo
Radfem	radfem	deferred_scope_or_ambiguity	social_media	https://slang.net/meaning/radfem
Panoramic	panoramic	deferred_scope_or_ambiguity	social_media	https://slang.net/meaning/panoramic
Adrod	adrod	deferred_scope_or_ambiguity	social_media	https://slang.net/meaning/adrod
Trendjacking	trendjacking	deferred_scope_or_ambiguity	social_media	https://slang.net/meaning/trendjacking
Bougie broke	bougie broke	deferred_scope_or_ambiguity	social_media	https://slang.net/meaning/bougie_broke
Acoustic	acoustic	deferred_scope_or_ambiguity	social_media	https://slang.net/meaning/acoustic
AOMM	aomm	deferred_scope_or_ambiguity	social_media,email	https://slang.net/meaning/aomm
FIFAWWC	fifawwc	deferred_scope_or_ambiguity	social_media	https://slang.net/meaning/fifawwc
Momala	momala	deferred_scope_or_ambiguity	social_media	https://slang.net/meaning/momala
Pressed	pressed	inflected	social_media	https://slang.net/meaning/pressed
QRT	qrt	deferred_scope_or_ambiguity	social_media	https://slang.net/meaning/qrt
Abow	abow	added	social_media	https://slang.net/meaning/abow
Twitter canoe	twitter canoe	deferred_scope_or_ambiguity	social_media	https://slang.net/meaning/twitter_canoe
Fake body	fake body	deferred_scope_or_ambiguity	social_media	https://slang.net/meaning/fake_body
Revine	revine	deferred_scope_or_ambiguity	social_media	https://slang.net/meaning/revine
Swammie	swammie	deferred_scope_or_ambiguity	social_media	https://slang.net/meaning/swammie
Twollower	twollower	deferred_scope_or_ambiguity	social_media	https://slang.net/meaning/twollower
EYC	eyc	deferred_scope_or_ambiguity	social_media	https://slang.net/meaning/eyc
FNB	fnb	deferred_scope_or_ambiguity	social_media	https://slang.net/meaning/fnb
Baddie	baddie	deferred_scope_or_ambiguity	social_media	https://slang.net/meaning/baddie
FHO	fho	deferred_scope_or_ambiguity	social_media	https://slang.net/meaning/fho
Newsjacking	newsjacking	deferred_scope_or_ambiguity	social_media	https://slang.net/meaning/newsjacking
NNTR	nntr	added	email	https://slang.net/meaning/nntr
PFA	pfa	deferred_scope_or_ambiguity	email	https://slang.net/meaning/pfa
MVH	mvh	deferred_scope_or_ambiguity	email	https://slang.net/meaning/mvh
CTA	cta	deferred_scope_or_ambiguity	email	https://slang.net/meaning/cta
EOW	eow	deferred_scope_or_ambiguity	email	https://slang.net/meaning/eow
NNTO	nnto	deferred_scope_or_ambiguity	email	https://slang.net/meaning/nnto
Cheers	cheers	existing	email	https://slang.net/meaning/cheers
FYR	fyr	added	email	https://slang.net/meaning/fyr
VSRE	vsre	deferred_scope_or_ambiguity	email	https://slang.net/meaning/vsre
FAO	fao	deferred_scope_or_ambiguity	email	https://slang.net/meaning/fao
WKR	wkr	deferred_scope_or_ambiguity	email	https://slang.net/meaning/wkr
nonb	nonb	deferred_scope_or_ambiguity	email	https://slang.net/meaning/nonb
EOP	eop	deferred_scope_or_ambiguity	email	https://slang.net/meaning/eop
WBS	wbs	inflected	email	https://slang.net/meaning/wbs
SY	sy	deferred_scope_or_ambiguity	email	https://slang.net/meaning/sy
AIMP	aimp	deferred_scope_or_ambiguity	email	https://slang.net/meaning/aimp
AB	ab	deferred_scope_or_ambiguity	email	https://slang.net/meaning/ab
NYR	nyr	added	email	https://slang.net/meaning/nyr
LET	let	existing	email	https://slang.net/meaning/let
FYG	fyg	deferred_scope_or_ambiguity	email	https://slang.net/meaning/fyg
FUT	fut	deferred_scope_or_ambiguity	email	https://slang.net/meaning/fut
ATB	atb	added	email	https://slang.net/meaning/atb
AWL	awl	deferred_scope_or_ambiguity	email	https://slang.net/meaning/awl
HAGW	hagw	added	email	https://slang.net/meaning/hagw
1L	1l	deferred_scope_or_ambiguity	email	https://slang.net/meaning/1l
MIME	mime	deferred_scope_or_ambiguity	email	https://slang.net/meaning/mime
NWR	nwr	deferred_scope_or_ambiguity	email	https://slang.net/meaning/nwr
NRR	nrr	added	email	https://slang.net/meaning/nrr
LM	lm	existing	email	https://slang.net/meaning/lm
AEAP	aeap	deferred_scope_or_ambiguity	email	https://slang.net/meaning/aeap
RR	rr	deferred_scope_or_ambiguity	email	https://slang.net/meaning/rr
RB	rb	deferred_scope_or_ambiguity	email	https://slang.net/meaning/rb
PYR	pyr	deferred_scope_or_ambiguity	email	https://slang.net/meaning/pyr
NWS	nws	deferred_scope_or_ambiguity	email	https://slang.net/meaning/nws
ICO	ico	deferred_scope_or_ambiguity	email	https://slang.net/meaning/ico
LOLA	lola	deferred_scope_or_ambiguity	email	https://slang.net/meaning/lola
C/O	c ? o	deferred_token_shape	email	https://slang.net/meaning/c/o
